side,q_a_command_rad,q_b_command_rad,wheel_hx_m,wheel_hz_m,other_wheel_hx_m,other_wheel_hz_m,gas_slide_q_m,max_abs_qvel,max_abs_equality_residual_m,q_link_005_joint_rad,q_link_006_joint_rad,q_link_007_joint_rad,q_link_008_joint_rad,q_link_009_joint_rad,q_link_011_joint_rad,q_link_013_joint_rad,q_link_004_joint_rad,q_link_017_joint_rad,q_link_019_joint_rad,q_link_021_joint_rad,q_link_020_joint_rad,q_link_022_joint_rad,q_link_024_joint_rad,q_link_016_joint_rad,q_link_018_joint_rad
left,-0.277,-0.285,0.000372301344983932,-0.0930727828898117,1.72028744174643e-09,-0.134300206915378,-0.02117357644575,1.19762019932973e-06,1.19238058315929e-09,-0.605428630975238,-7.40027838486895e-14,0.605428641430617,-2.1173874071757e-13,-0.605428647111721,-0.0358274444079535,-5.09644519907815e-10,0.605428631011852,,,,,,,,
left,-0.277,-0.25655,-0.000971333053095536,-0.0949934193650744,1.72028744174643e-09,-0.134300206915378,-0.020736626048275,1.22933051686759e-06,1.19238058315929e-09,-0.587671043434959,-7.26105950464144e-14,0.587671054073911,-2.18936129673317e-13,-0.58767105945883,-0.0362377690607019,-5.17899445195876e-10,0.587671043474445,,,,,,,,
left,-0.277,-0.22809999999999997,-0.00237012378958407,-0.0969186212371015,1.72028744174643e-09,-0.134300206915378,-0.0202925073203324,1.26162924721102e-06,1.19238058315929e-09,-0.569642694475303,-7.10985030195249e-14,0.569642705298181,-2.26305001849764e-13,-0.569642710391129,-0.0365463503338892,-5.24339563698883e-10,0.569642694517807,,,,,,,,
left,-0.277,-0.19965,-0.00382477076501074,-0.0988460947813651,1.72028744174643e-09,-0.134300206915378,-0.0198414779312057,1.29442307896374e-06,1.19238058315929e-09,-0.551348665856631,-6.94631768493508e-14,0.551348676863786,-2.33814603522489e-13,-0.551348681669098,-0.0367500528963607,-5.2892945688465e-10,0.551348665902301,,,,,,,,
left,-0.277,-0.1712,-0.00533588639293453,-0.100773488959054,1.72028744174643e-09,-0.134300206915378,-0.0193838120114605,1.32760939104242e-06,1.19238058315929e-09,-0.532794257291247,-6.77055794797012e-14,0.532794268483038,-2.41484471253553e-13,-0.532794273005164,-0.0368459492293243,-5.31638326628179e-10,0.532794257340234,,,,,,,,
left,-0.277,-0.14275,-0.00690399287358148,-0.102698402451728,1.72028744174643e-09,-0.134300206915378,-0.0189197991296717,1.36107642498878e-06,1.19238058315929e-09,-0.513984957136398,-6.58223540264815e-14,0.513984968513196,-2.49249601411538e-13,-0.513984972756692,-0.0368313283228791,-5.32440027777055e-10,0.513984957188856,,,,,,,,
left,-0.277,-0.11429999999999998,-0.00852951990268149,-0.104618390732281,1.72028744174643e-09,-0.134300206915378,-0.0184497432207397,1.3947034813573e-06,1.19238058315929e-09,-0.494926413552628,-6.3812312455957e-14,0.494926425114824,-2.57124804380889e-13,-0.494926429084347,-0.0367037025063771,-5.31313064293739e-10,0.494926413608715,,,,,,,,
left,-0.277,-0.08584999999999998,-0.010212802808764,-0.106530973114429,1.72028744174643e-09,-0.134300206915378,-0.0179739614787228,1.42836115543356e-06,1.19238058315929e-09,-0.475624406403262,-6.16714400004584e-14,0.475624418151269,-2.65051365625299e-13,-0.47562442185157,-0.0364608124393873,-5.28240547749988e-10,0.475624406463135,,,,,,,,
left,-0.277,-0.05740000000000001,-0.0119540811076467,-0.108433639728483,1.72028744174643e-09,-0.134300206915378,-0.0174927832265932,1.46191172019415e-06,1.19238058315929e-09,-0.456084820134816,-5.94062052090546e-14,0.456084832069078,-2.73026877184058e-13,-0.456084835504996,-0.0361006303168675,-5.23210119129928e-10,0.456084820198633,,,,,,,,
left,-0.277,-0.028949999999999976,-0.0137534974590145,-0.110323858377102,1.72028744174643e-09,-0.134300206915378,-0.017006548774622,1.49520945264013e-06,1.19238058315929e-09,-0.43631361784098,-5.70080702524758e-14,0.436313629961981,-2.81015357079042e-13,-0.436313633138437,-0.0356213613655185,-5.16213843731007e-10,0.4363136179089,,,,,,,,
left,-0.277,-0.0005000000000000004,-0.0156110970068432,-0.112199081230868,1.72028744174643e-09,-0.134300206915378,-0.0165156082782339,1.52810110321106e-06,1.19238058315929e-09,-0.416316816675511,-5.44861305174283e-14,0.416316828983776,-2.88987168293676e-13,-0.416316831905771,-0.0350214437279381,-5.07248072457343e-10,0.416316816747691,,,,,,,,
left,-0.277,0.027949999999999975,-0.0175268270829592,-0.114056751329672,1.72028744174643e-09,-0.134300206915378,-0.0160203206052036,1.56042633218228e-06,1.19238058315929e-09,-0.396100464742957,-5.18403632154911e-14,0.396100477239064,-2.96904674480466e-13,-0.396100479911673,-0.0342995468470028,-4.96313284512836e-10,0.396100464819552,,,,,,,,
left,-0.277,0.056400000000000006,-0.0195005372512227,-0.115894308861969,1.72028744174643e-09,-0.134300206915378,-0.015521052221013,1.59201821604926e-06,1.19238058315929e-09,-0.375670619561507,-4.90773219231434e-14,0.375670632246092,-3.0474889477935e-13,-0.37567063467446,-0.0334545684749138,-4.83413903609778e-10,0.375670619642669,,,,,,,,
left,-0.277,0.08484999999999998,-0.021531979668619,-0.11770919719967,1.72028744174643e-09,-0.134300206915378,-0.0150181761001014,1.62270377424912e-06,1.19238058315929e-09,-0.355033328159907,-4.62025261763135e-14,0.355033341033669,-3.12492240385264e-13,-0.355033343223013,-0.0324856304396908,-4.68558101313346e-10,0.355033328245781,,,,,,,,
left,-0.277,0.11330000000000001,-0.0236208097388918,-0.119498868671896,1.72028744174643e-09,-0.134300206915378,-0.0145120706696344,1.65230449650135e-06,1.19238058315929e-09,-0.334194608840967,-4.32197528314748e-14,0.334194621904681,-3.20060874071474e-13,-0.334194623860286,-0.0313920733068415,-4.51757583385353e-10,0.334194608931696,,,,,,,,
left,-0.277,0.14175000000000004,-0.0257665870341851,-0.121260790065743,1.72028744174643e-09,-0.134300206915378,-0.0140031187913397,1.68063690999384e-06,1.19238058315929e-09,-0.313160434617889,-4.01445287457843e-14,0.313160447872413,-3.27460996938956e-13,-0.313160449599627,-0.0301734500757764,-4.33027367014774e-10,0.313160434713608,,,,,,,,
left,-0.277,0.17019999999999996,-0.0279687764604091,-0.122992447846685,1.72028744174643e-09,-0.134300206915378,-0.0134917067859044,1.7075131115342e-06,1.19238058315929e-09,-0.291936718306674,-3.69761570980695e-14,0.291936731752953,-3.34642189717217e-13,-0.291936733257193,-0.028829519049632,-4.12385550242267e-10,0.291936718407507,,,,,,,,
left,-0.277,0.19864999999999994,-0.0302267496426427,-0.12469135309521,1.72028744174643e-09,-0.134300206915378,-0.012978223503444,1.73274134779471e-06,1.19238058315929e-09,-0.270529299238307,-3.37325183268285e-14,0.270529312877388,-3.41562074056893e-13,-0.270529314164137,-0.0273602360139244,-3.89853076753891e-10,0.270529299344371,,,,,,,,
left,-0.277,0.22710000000000002,-0.0325397865077609,-0.126355046159699,1.72028744174643e-09,-0.134300206915378,-0.012463059442629,1.75612656108835e-06,1.19238058315929e-09,-0.248943931538168,-3.04234951109548e-14,0.248943945371204,-3.48161656233218e-13,-0.248943946446016,-0.0257657458542391,-3.65453499129903e-10,0.248943931649565,,,,,,,,
left,-0.277,0.25555,-0.0349070770425709,-0.127981101028483,1.72028744174643e-09,-0.134300206915378,-0.0119466059202147,1.77747092365041e-06,1.19238058315929e-09,-0.227186273906977,-2.70534452163668e-14,0.227186287935242,-3.54446701038139e-13,-0.22718628880374,-0.0240463737363917,-3.39212743191718e-10,0.227186274023797,,,,,,,,
left,-0.277,0.284,-0.0373277232069938,-0.129567129426439,1.72028744174643e-09,-0.134300206915378,-0.0114292542919618,1.79657442026956e-06,1.1950349737555e-09,-0.205261880827488,-2.36372597333093e-14,0.205261895052387,-3.60370941708455e-13,-0.205261895720266,-0.0222026159645223,-3.11158873668984e-10,0.205261880949805,,,,,,,,
left,-0.24930000000000002,-0.285,0.00169472773522185,-0.0949321980158952,1.72028744174643e-09,-0.134300206915378,-0.0207482382430639,1.14017251196287e-06,1.19238058315929e-09,-0.588142674497708,-6.74281246909164e-14,0.588142685134432,-2.0631285872846e-13,-0.588142690531256,-0.0362282434111947,-5.18872391822513e-10,0.588142674534284,,,,,,,,
left,-0.24930000000000002,-0.25655,0.000351255165467118,-0.0968952711479811,1.72028744174643e-09,-0.134300206915378,-0.0203043052677473,1.16885113964695e-06,1.19238058315929e-09,-0.570121399691657,-6.59554284660913e-14,0.570121410512357,-2.12779125747176e-13,-0.570121415617578,-0.0365395480170869,-5.25394124874563e-10,0.570121399730987,,,,,,,,
left,-0.24930000000000002,-0.22809999999999997,-0.00104797026812054,-0.0988622228270566,1.72028744174643e-09,-0.134300206915378,-0.0198534546236411,1.1978656862468e-06,1.19238058315929e-09,-0.551834308365257,-6.43674682864161e-14,0.551834319370291,-2.19358322536863e-13,-0.551834324188279,-0.036746053947287,-5.30067797548005e-10,0.551834308407469,,,,,,,,
left,-0.24930000000000002,-0.19965,-0.0025036281625306,-0.100830721363106,1.72028744174643e-09,-0.134300206915378,-0.0193959600202602,1.22711128788215e-06,1.19238058315929e-09,-0.533286694863699,-6.26659476617938e-14,0.533286706053434,-2.26053886706166e-13,-0.533286710588678,-0.0368448280852929,-5.32862510250267e-10,0.533286694908925,,,,,,,,
left,-0.24930000000000002,-0.1712,-0.00401630939998911,-0.102798382122921,1.72028744174643e-09,-0.134300206915378,-0.01893211063278,1.25647420269564e-06,1.19238058315929e-09,-0.514484042944998,-6.08502555507084e-14,0.514484054319812,-2.32830950620226e-13,-0.514484058576907,-0.036833153618248,-5.33752013191643e-10,0.51448404299337,,,,,,,,
left,-0.24930000000000002,-0.14275,-0.00558651365043704,-0.104762774534384,1.72028744174643e-09,-0.134300206915378,-0.018462210031462,1.28583201238995e-06,1.19238058315929e-09,-0.495431996922375,-5.89212952638354e-14,0.495432008482668,-2.39626030639359e-13,-0.495432012466313,-0.0367085369162784,-5.3271470731072e-10,0.495431996974027,,,,,,,,
left,-0.24930000000000002,-0.11429999999999998,-0.00721464730309529,-0.106721429082617,1.72028744174643e-09,-0.134300206915378,-0.0179865750752585,1.3150539037423e-06,1.19238058315929e-09,-0.476136333540961,-5.68723309113364e-14,0.476136345287157,-2.46473440431122e-13,-0.476136349002146,-0.0364687125713666,-5.29733598844443e-10,0.476136333596025,,,,,,,,
left,-0.24930000000000002,-0.08584999999999998,-0.00890102181741756,-0.108671844245306,1.72028744174643e-09,-0.134300206915378,-0.0175055347820239,1.34400098433934e-06,1.19238058315929e-09,-0.456602934829579,-5.47070734262186e-14,0.456602946762134,-2.53323043921789e-13,-0.456602950213352,-0.0361116466487054,-5.24796226725143e-10,0.456602934888187,,,,,,,,
left,-0.24930000000000002,-0.05740000000000001,-0.0106458524797138,-0.110611493320341,1.72028744174643e-09,-0.134300206915378,-0.0170194291870554,1.37252667015384e-06,1.19238058315929e-09,-0.436837762131242,-5.24255286030825e-14,0.436837774250652,-2.60151459975509e-13,-0.436837777443069,-0.035635538226935,-5.17894554738559e-10,0.436837762193525,,,,,,,,
left,-0.24930000000000002,-0.028949999999999976,-0.0124492575483948,-0.112537831104971,1.72028744174643e-09,-0.134300206915378,-0.0165286082008311,1.40047709320169e-06,1.19238058315929e-09,-0.416846831478666,-5.00277829388469e-14,0.41684684378547,-2.66920543719884e-13,-0.416846846724136,-0.0350388193234133,-5.09024836087901e-10,0.41684683154475,,,,,,,,
left,-0.24930000000000002,-0.0005000000000000004,-0.0143112577681417,-0.114448300391727,1.72028744174643e-09,-0.134300206915378,-0.0160334304758413,1.42769157287763e-06,1.19238058315929e-09,-0.396636190444679,-4.75253490591173e-14,0.396636202939473,-2.73600579528724e-13,-0.396636205629514,-0.0343201533165805,-4.98187454083039e-10,0.396636190514688,,,,,,,,
left,-0.24930000000000002,0.027949999999999975,-0.0162317762313127,-0.116340338252414,1.72028744174643e-09,-0.134300206915378,-0.0155342622913639,1.45400309127261e-06,1.19238058315929e-09,-0.376211896562696,-4.49165500061686e-14,0.376211909246131,-2.80168864372838e-13,-0.376211911692749,-0.0334784319895831,-4.8538674167884e-10,0.376211896636747,,,,,,,,
left,-0.24930000000000002,0.056400000000000006,-0.0182106385635267,-0.118211382087146,1.72028744174643e-09,-0.134300206915378,-0.0150314764639408,1.4792388066241e-06,1.19238058315929e-09,-0.35557999738001,-4.22112447915967e-14,0.35558001025281,-2.86588101422958e-13,-0.355580012461276,-0.032512771327769,-4.70630783230369e-10,0.355579997458216,,,,,,,,
left,-0.24930000000000002,0.08484999999999998,-0.0202475734095441,-0.120058875420838,1.72028744174643e-09,-0.134300206915378,-0.0145254512902147,1.50322058740861e-06,1.19238058315929e-09,-0.334746512177186,-3.94160737789664e-14,0.334746525240146,-2.92835453294734e-13,-0.334746527215803,-0.0314225062076917,-4.53931201147942e-10,0.334746512259649,,,,,,,,
left,-0.24930000000000002,0.11330000000000001,-0.0223422131952525,-0.121880273434505,1.72028744174643e-09,-0.134300206915378,-0.0140165695276988,1.52576553984671e-06,1.19238058315929e-09,-0.313717415360398,-3.65387988541405e-14,0.313717428614401,-2.98835399087051e-13,-0.313717430362658,-0.0302071841171781,-4.35302934953785e-10,0.313717415447213,,,,,,,,
left,-0.24930000000000002,0.14175000000000004,-0.024494095141678,-0.12367304822322,1.72028744174643e-09,-0.134300206915378,-0.0135052174180027,1.54668656267611e-06,1.19238058315929e-09,-0.292498621510574,-3.35851494021816e-14,0.292498634956595,-3.04563542490711e-13,-0.292498636482932,-0.0288665580451852,-4.14764009195948e-10,0.292498621601824,,,,,,,,
left,-0.24930000000000002,0.17019999999999996,-0.0267026625074208,-0.125434693776562,1.72028744174643e-09,-0.134300206915378,-0.01299178375605,1.56579287669143e-06,1.19238058315929e-09,-0.271095972053492,-3.05737295636874e-14,0.271095985692608,-3.10033727977045e-13,-0.271095987002572,-0.027400578676974,-3.92335299226382e-10,0.271095972149246,,,,,,,,
left,-0.24930000000000002,0.19864999999999994,-0.0289672660366876,-0.127162730680861,1.72028744174643e-09,-0.134300206915378,-0.0124766590078965,1.58289056888794e-06,1.19238058315929e-09,-0.24951522349866,-2.75080199221254e-14,0.249515237332061,-3.15154780860794e-13,-0.249515238431272,-0.0258093860249694,-3.68040294858936e-10,0.249515223598974,,,,,,,,
left,-0.24930000000000002,0.22710000000000002,-0.0312871655911038,-0.128854710545495,1.72028744174643e-09,-0.134300206915378,-0.0119602344789152,1.59778313563776e-06,1.19238058315929e-09,-0.227762037181626,-2.4410284183396e-14,0.227762051210623,-3.19908711251356e-13,-0.227762052104774,-0.0240933006189347,-3.41904863148691e-10,0.227762037286538,,,,,,,,
left,-0.24930000000000002,0.25555,-0.0336615319446673,-0.13050822015796,1.72028744174643e-09,-0.134300206915378,-0.0114429015333557,1.61027197465474e-06,1.19475050686102e-09,-0.20584197043412,-2.12798274464305e-14,0.205841984660161,-3.24196181036165e-13,-0.20584198535502,-0.0222528143711463,-3.13957016069849e-10,0.205841970543651,,,,,,,,
left,-0.24930000000000002,0.284,-0.0360894487225118,-0.132120885374463,1.72028744174643e-09,-0.134300206915378,-0.0109250508656087,1.62015694399463e-06,1.20554334570588e-09,-0.183760469098973,-1.8137133966292e-14,0.183760483523649,-3.28100195259091e-13,-0.183760484025067,-0.0202885812234413,-2.8422668133148e-10,0.183760469213121,,,,,,,,
left,-0.22160000000000002,-0.285,0.00306945582900895,-0.096795579411696,1.72028744174643e-09,-0.134300206915378,-0.0203160984047436,1.07680739912585e-06,1.19238058315929e-09,-0.570599920084367,-6.08434146151171e-14,0.57059993090287,-1.99150484993928e-13,-0.570599936020313,-0.0365326728560677,-5.26248324656871e-10,0.570599920120554,,,,,,,,
left,-0.22160000000000002,-0.25655,0.00172672102951848,-0.0988004165493954,1.72028744174643e-09,-0.134300206915378,-0.0198654266958023,1.10207840384667e-06,1.19238058315929e-09,-0.552319769725876,-5.93068007471733e-14,0.55231978072877,-2.04786977418288e-13,-0.55231978555938,-0.0367419801144997,-5.31004538678726e-10,0.552319769764666,,,,,,,,
left,-0.22160000000000002,-0.22809999999999997,0.000327636764880385,-0.100808424615769,1.72028744174643e-09,-0.134300206915378,-0.0194081036096753,1.12742018762176e-06,1.19238058315929e-09,-0.533778955095125,-5.76602761112686e-14,0.533778966282783,-2.10516458140508e-13,-0.533778970831083,-0.0368436301684128,-5.33883834798226e-10,0.533778955136628,,,,,,,,
left,-0.22160000000000002,-0.19965,-0.00112845600185104,-0.10281723762877,1.72028744174643e-09,-0.134300206915378,-0.0189444179273942,1.1527170080695e-06,1.19238058315929e-09,-0.514982955330816,-5.5911911016234e-14,0.514982966703624,-2.16296729615741e-13,-0.514982970974251,-0.0368349004067706,-5.34859861084954e-10,0.514982955375143,,,,,,,,
left,-0.22160000000000002,-0.1712,-0.00264212646806249,-0.104824440975772,1.72028744174643e-09,-0.134300206915378,-0.0184746728538119,1.17784473878435e-06,1.19238058315929e-09,-0.495937410879287,-5.40550577388044e-14,0.495937422437655,-2.22087250176171e-13,-0.495937426435347,-0.036713291243968,-5.33910913691254e-10,0.495937410926548,,,,,,,,
left,-0.22160000000000002,-0.14275,-0.00421385171894465,-0.106827578350348,1.72028744174643e-09,-0.134300206915378,-0.0179991849119891,1.20267110956171e-06,1.19238058315929e-09,-0.476648095348593,-5.20965618521718e-14,0.476648107092954,-2.27856984041976e-13,-0.47664811082255,-0.0364765312066528,-5.31019895978067e-10,0.476648095398897,,,,,,,,
left,-0.22160000000000002,-0.11429999999999998,-0.00584401487604076,-0.108824158641197,1.72028744174643e-09,-0.134300206915378,-0.0175182828138688,1.22705606945525e-06,1.19238058315929e-09,-0.457120888331807,-5.0031416130973e-14,0.45712090026263,-2.33596993383425e-13,-0.45712090372906,-0.0361225802313144,-5.26174245021507e-10,0.457120888385259,,,,,,,,
left,-0.22160000000000002,-0.08584999999999998,-0.00753290365466743,-0.110811662725825,1.72028744174643e-09,-0.134300206915378,-0.0170323063189802,1.25085212333585e-06,1.19238058315929e-09,-0.437361749404143,-4.78658881992692e-14,0.437361761521935,-2.39276405212084e-13,-0.437361764730215,-0.0356496312484706,-5.19365823175842e-10,0.437361749460846,,,,,,,,
left,-0.22160000000000002,-0.05740000000000001,-0.00928070931437909,-0.112787550127564,1.72028744174643e-09,-0.134300206915378,-0.0165416050920668,1.27390478237786e-06,1.19238058315929e-09,-0.417376693461182,-4.559382656476e-14,0.417376705766497,-2.44863459099041e-13,-0.417376708721729,-0.0350561101491335,-5.10590786603536e-10,0.417376693521233,,,,,,,,
left,-0.22160000000000002,-0.028949999999999976,-0.0110875259838142,-0.114749265500521,1.72028744174643e-09,-0.134300206915378,-0.0160465375695598,1.29605298022308e-06,1.19238058315929e-09,-0.397171767529036,-4.32290553106387e-14,0.397171780022485,-2.50325630799552e-13,-0.397171782729846,-0.0343406742452417,-4.99849424383065e-10,0.397171767592526,,,,,,,,
left,-0.22160000000000002,-0.0005000000000000004,-0.0129533503390896,-0.116694244912969,1.72028744174643e-09,-0.134300206915378,-0.0155474698437755,1.31712958218865e-06,1.19238058315929e-09,-0.376753029142479,-4.07732465035348e-14,0.376753041824733,-2.55629089703033e-13,-0.376753044289477,-0.0335022093479562,-4.87145978366184e-10,0.376753029209493,,,,,,,,
left,-0.22160000000000002,0.027949999999999975,-0.0148780816133582,-0.118619921905423,1.72028744174643e-09,-0.134300206915378,-0.015044774572624,1.33696185919557e-06,1.19238058315929e-09,-0.356126526354651,-3.8235559180822e-14,0.356126539226452,-2.60750026632904e-13,-0.356126541453908,-0.0325398255962526,-4.72488446550918e-10,0.356126526425266,,,,,,,,
left,-0.22160000000000002,0.056400000000000006,-0.0168615219141698,-0.120523733304985,1.72028744174643e-09,-0.134300206915378,-0.014538829921517,1.35537202106988e-06,1.19238058315929e-09,-0.33529827941233,-3.56253440472915e-14,0.335298292474497,-2.65643126891672e-13,-0.335298294470063,-0.0314528521733551,-4.55888369530026e-10,0.335298279486611,,,,,,,,
left,-0.22160000000000002,0.08484999999999998,-0.0189033768248051,-0.122403124782549,1.72028744174643e-09,-0.134300206915378,-0.0140300185430744,1.37217774038503e-06,1.19238058315929e-09,-0.314274264104279,-3.29448108270164e-14,0.31427427735772,-2.70270001297954e-13,-0.314274279126867,-0.030240831050557,-4.37360609193361e-10,0.31427426418228,,,,,,,,
left,-0.22160000000000002,0.11330000000000001,-0.0210032562657344,-0.124255556143921,1.72028744174643e-09,-0.134300206915378,-0.0135187265991819,1.38719267696897e-06,1.19238058315929e-09,-0.293060396767094,-3.02089322010975e-14,0.293060410212811,-2.74597761634714e-13,-0.29306041176108,-0.0289035098972028,-4.16923117827762e-10,0.293060396848856,,,,,,,,
left,-0.22160000000000002,0.14175000000000004,-0.0231606755927102,-0.126078506349946,1.72028744174643e-09,-0.134300206915378,-0.0130053428289585,1.40022701348553e-06,1.19238058315929e-09,-0.271662520913176,-2.74239254000084e-14,0.271662534552279,-2.78629995075042e-13,-0.271662535885281,-0.027440834292474,-3.94596703298256e-10,0.271662520998725,,,,,,,,
left,-0.22160000000000002,0.17019999999999996,-0.0253750569086743,-0.127869478264228,1.72028744174643e-09,-0.134300206915378,-0.0124902576652674,1.41108798069123e-06,1.19238058315929e-09,-0.250086395429043,-2.46070450766491e-14,0.250086409262755,-2.82272187329463e-13,-0.250086410386177,-0.0258529393695048,-3.70404792508904e-10,0.250086395518386,,,,,,,,
left,-0.22160000000000002,0.19864999999999994,-0.0276457305675791,-0.129626003130014,1.72028744174643e-09,-0.134300206915378,-0.0119738624015575,1.4195803806264e-06,1.19238058315929e-09,-0.228337684278934,-2.17646889938376e-14,0.228337698308605,-2.85472997754241e-13,-0.228337699228208,-0.0241401410156507,-3.44373195861452e-10,0.228337684372059,,,,,,,,
left,-0.22160000000000002,0.22710000000000002,-0.029971936849331,-0.131345644780342,1.72028744174643e-09,-0.134300206915378,-0.0114565484100612,1.42550707446428e-06,1.19446609547769e-09,-0.206421947638355,-1.8918338554153e-14,0.206421961865475,-2.88223681580736e-13,-0.206421962587099,-0.022302926744818,-3.16529872294534e-10,0.206421947735229,,,,,,,,
left,-0.22160000000000002,0.25555,-0.0323528277863125,-0.133026003587611,1.72028744174643e-09,-0.134300206915378,-0.010938706411697,1.42866950219259e-06,1.20525875391131e-09,-0.184344634374668,-1.60723292720942e-14,0.184344648800874,-2.90552600268597e-13,-0.184344649330443,-0.0203419463489672,-2.86904702311256e-10,0.18434463447523,,,,,,,,
left,-0.22160000000000002,0.284,-0.0347874691232679,-0.134664720160329,1.72028744174643e-09,-0.134300206915378,-0.0104207257974395,1.42886815314078e-06,1.21605431280258e-09,-0.162111075786633,-1.32505658401232e-14,0.162111090413729,-2.92251572183369e-13,-0.162111090757253,-0.0182580024265579,-2.5552926449503e-10,0.1621110758908,,,,,,,,
left,-0.19390000000000002,-0.285,0.0044971178264248,-0.0986608070667384,1.72028744174643e-09,-0.134300206915378,-0.0198773941425632,1.00704946702335e-06,1.19238058315929e-09,-0.552805049840944,-5.42696912009229e-14,0.552805060841678,-1.90164846761775e-13,-0.552805065684854,-0.0367378314498703,-5.31740483272647e-10,0.552805049876347,,,,,,,,
left,-0.19390000000000002,-0.25655,0.0031556772490809,-0.100706699606913,1.72028744174643e-09,-0.134300206915378,-0.0194202427743074,1.02852400904508e-06,1.19238058315929e-09,-0.534271037884828,-5.26784425727274e-14,0.534271049070389,-1.94904752654568e-13,-0.534271053631685,-0.0368423555265329,-5.34703129454577e-10,0.534271037922647,,,,,,,,
left,-0.19390000000000002,-0.22809999999999997,0.00175729030425504,-0.102755038267851,1.72028744174643e-09,-0.134300206915378,-0.0189567210078633,1.04979246464653e-06,1.19238058315929e-09,-0.515481694190529,-5.0995909271884e-14,0.515481705561311,-1.99695129073358e-13,-0.515481709845403,-0.0368365687321641,-5.3576442550485e-10,0.515481694230853,,,,,,,,
left,-0.19390000000000002,-0.19965,0.000301318771343399,-0.104803426386778,1.72028744174643e-09,-0.134300206915378,-0.0184871316819063,1.07072897379809e-06,1.19238058315929e-09,-0.496442655317923,-4.92182889222801e-14,0.496442666874343,-2.044775433971e-13,-0.49644267088601,-0.036717965528956,-5.34902563529283e-10,0.496442655360838,,,,,,,,
left,-0.19390000000000002,-0.1712,-0.00121278470765753,-0.106849422891045,1.72028744174643e-09,-0.134300206915378,-0.0180117909828204,1.09119981166606e-06,1.19238058315929e-09,-0.477159691719088,-4.73451110260853e-14,0.47715970346159,-2.09198261718349e-13,-0.477159707205713,-0.036484268380506,-5.32100345141559e-10,0.477159691764679,,,,,,,,
left,-0.19390000000000002,-0.14275,-0.00278547457560065,-0.108890549134724,1.72028744174643e-09,-0.134300206915378,-0.0175310273158433,1.11106372766391e-06,1.19238058315929e-09,-0.457638680533265,-4.53794655416278e-14,0.457638692462329,-2.13839633465225e-13,-0.457638695943883,-0.0361334310956918,-5.27345104462619e-10,0.457638680581613,,,,,,,,
left,-0.19390000000000002,-0.11429999999999998,-0.00441711071933154,-0.11092429565251,1.72028744174643e-09,-0.134300206915378,-0.0170451801639423,1.13017231691168e-06,1.19238058315929e-09,-0.43788557955072,-4.33223699383669e-14,0.437885591666866,-2.18393448514342e-13,-0.437885594890916,-0.0356636404568764,-5.20628605264652e-10,0.437885579601898,,,,,,,,
left,-0.19390000000000002,-0.08584999999999998,-0.00610795722593847,-0.112948128788912,1.72028744174643e-09,-0.134300206915378,-0.0165545989453382,1.14837041943408e-06,1.19238058315929e-09,-0.41790640251378,-4.11785058673707e-14,0.417906414817577,-2.22813125736558e-13,-0.417906417789272,-0.0350733162276452,-5.11946905980209e-10,0.417906402567858,,,,,,,,
left,-0.19390000000000002,-0.05740000000000001,-0.00785818151850444,-0.114959497166691,1.72028744174643e-09,-0.134300206915378,-0.0160596418796275,1.1654965798005e-06,1.19238058315929e-09,-0.397707195886809,-3.89533847326911e-14,0.397707208378882,-2.27063849802364e-13,-0.397707211103451,-0.0343611096513952,-5.01300201768579e-10,0.397707195943846,,,,,,,,
left,-0.19390000000000002,-0.028949999999999976,-0.00966785385140645,-0.116955837964327,1.72028744174643e-09,-0.134300206915378,-0.0155606748714071,1.18138349029674e-06,1.19238058315929e-09,-0.377294017192048,-3.6649983303923e-14,0.377294029873087,-2.31124197036386e-13,-0.377294032355838,-0.0335259005643924,-4.88692645158009e-10,0.377294017252096,,,,,,,,
left,-0.19390000000000002,-0.0005000000000000004,-0.0115369471434815,-0.118934582977991,1.72028744174643e-09,-0.134300206915378,-0.0150580704192203,1.19585852631511e-06,1.19238058315929e-09,-0.356672914975753,-3.42786757125072e-14,0.356672927846519,-2.34960155901767e-13,-0.356672930092834,-0.0325667932555577,-4.7413214748611e-10,0.356672915038853,,,,,,,,
left,-0.19390000000000002,0.027949999999999975,-0.0134653371262389,-0.120893164448857,1.72028744174643e-09,-0.134300206915378,-0.0145522065565388,1.2087442008836e-06,1.19238058315929e-09,-0.335849910439342,-3.18458621480625e-14,0.335849923500678,-2.38532668327325e-13,-0.335849925516014,-0.0314831112104287,-4.57630168611651e-10,0.335849910505523,,,,,,,,
left,-0.19390000000000002,0.056400000000000006,-0.0154528027836825,-0.122829020641534,1.72028744174643e-09,-0.134300206915378,-0.0140434658304097,1.21985871802071e-06,1.19238058315929e-09,-0.314830980743753,-2.93639519859524e-14,0.31483099399659,-2.41804966027339e-13,-0.314830995786476,-0.0302743908788284,-4.39201493581312e-10,0.314830980813029,,,,,,,,
left,-0.19390000000000002,0.08484999999999998,-0.0174990270601457,-0.124739601163931,1.72028744174643e-09,-0.134300206915378,-0.0135322343223474,1.22901648168939e-06,1.19238058315929e-09,-0.293622043971963,-2.68374481874968e-14,0.293622057417332,-2.44756994262128e-13,-0.293622058987371,-0.0289403746050672,-4.18864002915224e-10,0.293622044044333,,,,,,,,
left,-0.19390000000000002,0.11330000000000001,-0.0196035978127867,-0.126622372022876,1.72028744174643e-09,-0.134300206915378,-0.0130189007150527,1.23602860159612e-06,1.19238058315929e-09,-0.272228945714801,-2.42818946611596e-14,0.272228959353841,-2.47326883480351e-13,-0.272228960709708,-0.0274810028564322,-3.96638437929623e-10,0.272228945790247,,,,,,,,
left,-0.19390000000000002,0.14175000000000004,-0.0217660089859493,-0.128474820413375,1.72028744174643e-09,-0.134300206915378,-0.0125038554076177,1.24070343676784e-06,1.19238058315929e-09,-0.250657447228645,-2.17069208398655e-14,0.250657461062613,-2.49507102592605e-13,-0.250657462210061,-0.0258964058806437,-3.72548163770154e-10,0.250657447307126,,,,,,,,
left,-0.19390000000000002,0.17019999999999996,-0.0239856619854326,-0.130294459242387,1.72028744174643e-09,-0.134300206915378,-0.0119874896810243,1.24284706517329e-06,1.19238058315929e-09,-0.22891321510027,-1.91262265963292e-14,0.228913229130557,-2.51203032298252e-13,-0.228913230075414,-0.0241868949162996,-3.46618934010062e-10,0.228913215181725,,,,,,,,
left,-0.19390000000000002,0.19864999999999994,-0.026261867231741,-0.132078831390593,1.72028744174643e-09,-0.134300206915378,-0.0114701949149807,1.24226380995898e-06,1.19418171184993e-09,-0.207001812343744,-1.65569084211527e-14,0.207001826571878,-2.52445313463446e-13,-0.207001827320055,-0.0223529530724328,-3.18878656242278e-10,0.207001812428086,,,,,,,,
left,-0.19390000000000002,0.22710000000000002,-0.0285938458725743,-0.133825513717701,1.72028744174643e-09,-0.134300206915378,-0.0109523618564621,1.23875670969676e-06,1.20497418987231e-09,-0.184928690846602,-1.40025858191199e-14,0.184928705274269,-2.53156372396102e-13,-0.184928705831763,-0.0203952259845392,-2.8935716379818e-10,0.184928690933716,,,,,,,,
left,-0.19390000000000002,0.25555,-0.0309807316361014,-0.135532120818521,1.72028744174643e-09,-0.134300206915378,-0.0104343799397313,1.23212798323345e-06,1.21576977651916e-09,-0.162699185077383,-1.14915646514882e-14,0.162699199706438,-2.53281390008071e-13,-0.162699200079336,-0.0183145123450921,-2.58085993430751e-10,0.162699185167125,,,,,,,,
left,-0.19390000000000002,0.284,-0.0334215728079071,-0.137196308538335,1.72028744174643e-09,-0.134300206915378,-0.00991663665710704,1.22217951679243e-06,1.22656032552904e-09,-0.140318506963496,-9.02931518842125e-15,0.140318521795975,-2.52864512853345e-13,-0.14031852199046,-0.0161117543969252,-2.25098169709045e-10,0.140318507055684,,,,,,,,
left,-0.16620000000000001,-0.285,0.00597826703128388,-0.100525709762862,1.72028744174643e-09,-0.134300206915378,-0.0194323775087647,9.3041069527188e-07,1.19238058315929e-09,-0.534762943132185,-4.77227104598394e-14,0.534762954315628,-1.79205014679592e-13,-0.53476295888986,-0.036841004207609,-5.35321194407459e-10,0.534762943166356,,,,,,,,
left,-0.16620000000000001,-0.25655,0.00463865652707407,-0.102611917194023,1.72028744174643e-09,-0.134300206915378,-0.0189690198685425,9.47688202451065e-07,1.19238058315929e-09,-0.515980259420876,-4.61060501960503e-14,0.51598027078961,-1.83038963292441e-13,-0.5159802750871,-0.036838158638255,-5.36466531098515e-10,0.515980259457236,,,,,,,,
left,-0.16620000000000001,-0.22809999999999997,0.00324150232423416,-0.104699832272212,1.72028744174643e-09,-0.134300206915378,-0.018499586509868,9.64472039867403e-07,1.19238058315929e-09,-0.496947730132891,-4.440181984557e-14,0.496947741687341,-1.86806307398151e-13,-0.49694774571291,-0.0367225598108641,-5.35690507136976e-10,0.496947730171504,,,,,,,,
left,-0.16620000000000001,-0.19965,0.00178618727316861,-0.106787031170481,1.72028744174643e-09,-0.134300206915378,-0.0180243932816634,9.80627019866707e-07,1.19238058315929e-09,-0.477671122545412,-4.26174942972981e-14,0.477671134286033,-1.90482665741942e-13,-0.477671138044604,-0.0364919241282984,-5.32975820677754e-10,0.47767112258634,,,,,,,,
left,-0.16620000000000001,-0.1712,0.000272186009427562,-0.108871049751664,1.72028744174643e-09,-0.134300206915378,-0.0175437682816678,9.96010685823531e-07,1.19238058315929e-09,-0.458156311325743,-4.07504088625297e-14,0.458156323253023,-1.94058143069702e-13,-0.458156326749617,-0.0361441992729472,-5.28309705484351e-10,0.458156311369038,,,,,,,,
left,-0.16620000000000001,-0.14275,-0.00130093320825461,-0.110949390276687,1.72028744174643e-09,-0.134300206915378,-0.0170580507154919,1.0104736896757e-06,1.19238058315929e-09,-0.438409252462027,-3.88069987728919e-14,0.438409264576501,-1.97481596781115e-13,-0.438409267816227,-0.0356775658790138,-5.21683825941538e-10,0.438409252507738,,,,,,,,
left,-0.16620000000000001,-0.11429999999999998,-0.00293350706072633,-0.113019528000266,1.72028744174643e-09,-0.134300206915378,-0.0165675897540462,1.02386018539315e-06,1.19238058315929e-09,-0.418435958527188,-3.67864702099438e-14,0.418435970829438,-2.00734856794019e-13,-0.418435973817494,-0.0350904375816046,-5.13094143807371e-10,0.418435958575353,,,,,,,,
left,-0.16620000000000001,-0.08584999999999998,-0.00462577611546837,-0.115078917617304,1.72028744174643e-09,-0.134300206915378,-0.0160727433993161,1.03600828807674e-06,1.19238058315929e-09,-0.398242475408781,-3.46942634607091e-14,0.398242487899447,-2.03807588190313e-13,-0.398242490641114,-0.0343814595535572,-5.02540761355958e-10,0.39824247545943,,,,,,,,
left,-0.16620000000000001,-0.05740000000000001,-0.00637788413887173,-0.117124999529086,1.72028744174643e-09,-0.134300206915378,-0.0155738773674211,1.04675051761285e-06,1.19238058315929e-09,-0.377834860602593,-3.25433330337532e-14,0.377834873282384,-2.06642306085865e-13,-0.377834875783021,-0.0335495056533554,-4.90027741004922e-10,0.377834860655745,,,,,,,,
left,-0.16620000000000001,-0.028949999999999976,-0.00818987775279387,-0.119155205904017,1.72028744174643e-09,-0.134300206915378,-0.0150713639968016,1.05591428750933e-06,1.19238058315929e-09,-0.357219163135228,-3.03369370426042e-14,0.357219176004924,-2.09206139452949e-13,-0.35721917826997,-0.0325936743162023,-4.75562909581941e-10,0.357219163190889,,,,,,,,
left,-0.16620000000000001,-0.0005000000000000004,-0.0100617064131392,-0.121166966512966,1.72028744174643e-09,-0.134300206915378,-0.0145655811882796,1.06332240187889e-06,1.19238058315929e-09,-0.336401405151148,-2.80828331838469e-14,0.336401418211614,-2.11475469038881e-13,-0.336401420246581,-0.0315132833256081,-4.59157645806192e-10,0.336401405209311,,,,,,,,
left,-0.16620000000000001,0.027949999999999975,-0.0119932226874424,-0.12315771432424,1.72028744174643e-09,-0.134300206915378,-0.0140569113826494,1.0687935634089e-06,1.19238058315929e-09,-0.315387565173019,-2.57938269030914e-14,0.31538757842521,-2.1340791908816e-13,-0.315387580235687,-0.0303078636050023,-4.40826658875453e-10,0.315387565233657,,,,,,,,
left,-0.16620000000000001,0.056400000000000006,-0.0139841828081401,-0.125124890847725,1.72028744174643e-09,-0.134300206915378,-0.0135457405804057,1.0721428812742e-06,1.19238058315929e-09,-0.294183563020882,-2.34782309582112e-14,0.294183576465857,-2.14970277141803e-13,-0.294183578057506,-0.0289771521682519,-4.2058775852795e-10,0.294183563083955,,,,,,,,
left,-0.16620000000000001,0.08484999999999998,-0.0160342474783311,-0.127065951221785,1.72028744174643e-09,-0.134300206915378,-0.0130324574072166,1.07318237155404e-06,1.19238058315929e-09,-0.272795246355772,-2.11481771111217e-14,0.2727952599947,-2.16123548508104e-13,-0.272795261373261,-0.0275210843649434,-3.984616197828e-10,0.272795246421215,,,,,,,,
left,-0.16620000000000001,0.11330000000000001,-0.0181429829072883,-0.128978369040068,1.72028744174643e-09,-0.134300206915378,-0.0125174522278237,1.07172147754406e-06,1.19238058315929e-09,-0.251228378796751,-1.88158425293573e-14,0.251228392630924,-2.16830805384921e-13,-0.251228393802213,-0.0259397855512674,-3.74471547069506e-10,0.251228378864479,,,,,,,,
left,-0.16620000000000001,0.14175000000000004,-0.0203098620537207,-0.130859640918439,1.72028744174643e-09,-0.134300206915378,-0.0120011163101979,1.06756754322051e-06,1.19238058315929e-09,-0.229488629546954,-1.64922961969211e-14,0.229488643577798,-2.17078683589847e-13,-0.229488644547713,-0.024233562310719,-3.48643237838965e-10,0.229488629616857,,,,,,,,
left,-0.16620000000000001,0.17019999999999996,-0.0225342660557454,-0.132707290804847,1.72028744174643e-09,-0.134300206915378,-0.0114838410410155,1.06052632265107e-06,1.1938973004666e-09,-0.207581564453763,-1.41909841460231e-14,0.20758157868285,-2.16798148967829e-13,-0.207581579457371,-0.0224028933409582,-3.21004548863493e-10,0.2075815645257,,,,,,,,
left,-0.16620000000000001,0.19864999999999994,-0.0248154858276501,-0.134518874037086,1.72028744174643e-09,-0.134300206915378,-0.0109660171928365,1.05040244304612e-06,1.20468958419995e-09,-0.185512638420529,-1.19320845069718e-14,0.185512652849589,-2.15929928454867e-13,-0.185512653434785,-0.0204484201144301,-2.91585267321718e-10,0.185512638494329,,,,,,,,
left,-0.16620000000000001,0.22710000000000002,-0.0271527238047633,-0.136291981155127,1.72028744174643e-09,-0.134300206915378,-0.0104480342427749,1.03699985961448e-06,1.21548518472459e-09,-0.163287189082009,-9.72837335121023e-15,0.163287203712948,-2.14471675159371e-13,-0.163287204114981,-0.0183709374110097,-2.60416888561136e-10,0.163287189157469,,,,,,,,
left,-0.16620000000000001,0.25555,-0.0295450958190556,-0.13802424147603,1.72028744174643e-09,-0.134300206915378,-0.00993027974194338,1.0201223189343e-06,1.22627601129022e-09,-0.14091043165257,-7.5953793873326e-15,0.14091044648748,-2.12393509479688e-13,-0.140910446712613,-0.0161713838113117,-2.27532400002877e-10,0.140910431729447,,,,,,,,
left,-0.16620000000000001,0.284,-0.031991633089437,-0.139713326440453,1.72028744174643e-09,-0.134300206915378,-0.00941313873452398,9.99573804330914e-07,1.23705407029107e-09,-0.118387454854968,-5.54134319040329e-15,0.118387469896145,-2.09636884088084e-13,-0.118387469950749,-0.0138508322296082,-1.92966076273549e-10,0.118387454932977,,,,,,,,
left,-0.1385,-0.285,0.00751337548979741,-0.102388071245042,1.72028744174643e-09,-0.134300206915378,-0.0189813145037936,8.46391859539649e-07,1.19238058315929e-09,-0.516478650918652,-4.12420937428263e-14,0.516478662285318,-1.66249506904567e-13,-0.516478666596142,-0.0368396701689796,-5.36966974973676e-10,0.516478650951089,,,,,,,,
left,-0.1385,-0.25655,0.00617610940367104,-0.104513825164257,1.72028744174643e-09,-0.134300206915378,-0.0185120373318255,8.59061262849995e-07,1.19238058315929e-09,-0.497452635218847,-3.96165464110863e-14,0.497452646771305,-1.69033881043017e-13,-0.497452650810706,-0.0367270741294242,-5.36275565494023e-10,0.497452635253202,,,,,,,,
left,-0.1385,-0.22809999999999997,0.00478070182465952,-0.106640538025121,1.72028744174643e-09,-0.134300206915378,-0.0180369918024344,8.70939750056024e-07,1.19238058315929e-09,-0.478182387720571,-3.79154875364269e-14,0.478182399459286,-1.71704994700946e-13,-0.478182403232228,-0.0364994984855136,-5.33647168936761e-10,0.478182387756881,,,,,,,,
left,-0.1385,-0.19965,0.00332655692501284,-0.108765762229944,1.72028744174643e-09,-0.134300206915378,-0.0175565057050671,8.81883646625738e-07,1.19238058315929e-09,-0.45867378060106,-3.61475298861351e-14,0.458673792526532,-1.74198354382455e-13,-0.45867379603808,-0.0361548847943012,-5.29068918611495e-10,0.458673780639353,,,,,,,,
left,-0.1385,-0.1712,0.001813171485509,-0.110887013824694,1.72028744174643e-09,-0.134300206915378,-0.0170709179671838,8.91742643240885e-07,1.19238058315929e-09,-0.438932768029137,-3.43072486912703e-14,0.438932780141912,-1.76540469796232e-13,-0.438932783397222,-0.0356914075418559,-5.22532380032915e-10,0.438932768069434,,,,,,,,
left,-0.1385,-0.14275,0.000240136525271674,-0.113001779055529,1.72028744174643e-09,-0.134300206915378,-0.0165805775115956,9.00360198778489e-07,1.19238058315929e-09,-0.418965361392142,-3.24124915440839e-14,0.418965373692817,-1.78650907374794e-13,-0.418965376697135,-0.0351074742337773,-5.14033419427188e-10,0.418965361434454,,,,,,,,
left,-0.1385,-0.11429999999999998,-0.00139286145712939,-0.115107520787643,1.72028744174643e-09,-0.134300206915378,-0.0160858421219009,9.07573967866046e-07,1.19238058315929e-09,-0.398777605985736,-3.04568214527966e-14,0.398777618474966,-1.8054285762026e-13,-0.398777621233623,-0.0344017239703515,-5.03572045990315e-10,0.398777606030061,,,,,,,,
left,-0.1385,-0.08584999999999998,-0.00308603961316499,-0.11720168475485,1.72028744174643e-09,-0.134300206915378,-0.0155870773249827,9.13216258286212e-07,1.19238058315929e-09,-0.378375559265295,-2.84525439149128e-14,0.378375571943806,-1.82164327584045e-13,-0.378375574462213,-0.0335730246294142,-4.91152233551958e-10,0.37837555931162,,,,,,,,
left,-0.1385,-0.05740000000000001,-0.00483951822422511,-0.11928170561393,1.72028744174643e-09,-0.134300206915378,-0.0150846552984422,9.17114508789074e-07,1.19238058315929e-09,-0.357765270724977,-2.64097903544127e-14,0.357765283593569,-1.83478814096354e-13,-0.357765285877218,-0.0326204687888071,-4.76781724129171e-10,0.357765270773274,,,,,,,,
left,-0.1385,-0.028949999999999976,-0.00665332051022667,-0.12134501278307,1.72028744174643e-09,-0.134300206915378,-0.014578953809741,9.19091775087297e-07,1.19238058315929e-09,-0.336952763440658,-2.43340137731416e-14,0.336952776500216,-1.84460342090864e-13,-0.336952778554677,-0.0315433685256877,-4.60471816116469e-10,0.336952763490882,,,,,,,,
left,-0.1385,-0.0005000000000000004,-0.00852737274436959,-0.123389036048656,1.72028744174643e-09,-0.134300206915378,-0.0140703551927399,9.18967227762027e-07,1.19238058315929e-09,-0.315944017286253,-2.22356474352504e-14,0.315944030537758,-1.85065342761941e-13,-0.315944032368678,-0.0303412492321842,-4.42237143679401e-10,0.315944017338341,,,,,,,,
left,-0.1385,0.027949999999999975,-0.0104615046510311,-0.125411210929201,1.72028744174643e-09,-0.134300206915378,-0.0135592453662646,9.16556638761915e-07,1.19238058315929e-09,-0.294744953809525,-2.01285789440132e-14,0.294744967254062,-1.85261586355062e-13,-0.294744968867164,-0.0290138425863216,-4.22095445982437e-10,0.294744953863394,,,,,,,,
left,-0.1385,0.056400000000000006,-0.0124554500637808,-0.127408983789267,1.72028744174643e-09,-0.134300206915378,-0.0130460128983353,9.11672907349695e-07,1.19238058315929e-09,-0.273361422733462,-1.80213218243104e-14,0.273361436372231,-1.85018129370046e-13,-0.273361437773316,-0.0275610788141892,-4.00067332932878e-10,0.273361422789004,,,,,,,,
left,-0.1385,0.08484999999999998,-0.0145088478208509,-0.129379816699802,1.72028744174643e-09,-0.134300206915378,-0.0125310481187622,9.04126521205773e-07,1.19238058315929e-09,-0.25179919003261,-1.59255495888981e-14,0.251799203866936,-1.8428974394817e-13,-0.251799205061886,-0.0259830783743395,-3.7617604868535e-10,0.251799190089694,,,,,,,,
left,-0.1385,0.11330000000000001,-0.0166212428760464,-0.131321192044432,1.72028744174643e-09,-0.134300206915378,-0.0120147422819608,8.93726067818676e-07,1.19238058315929e-09,-0.23006392752026,-1.3858584242259e-14,0.230063941551605,-1.83051810540722e-13,-0.230063942546383,-0.0242801431888242,-3.50447235311113e-10,0.230063927578725,,,,,,,,
left,-0.1385,0.14175000000000004,-0.0187920876039541,-0.13323061687387,1.72028744174643e-09,-0.134300206915378,-0.0114974867810668,8.80278697301958e-07,1.19361290296105e-09,-0.208161203871843,-1.18321797073007e-14,0.20816121810182,-1.81253545330388e-13,-0.208161218902477,-0.0224527475374343,-3.22908699409439e-10,0.208161203931498,,,,,,,,
left,-0.1385,0.17019999999999996,-0.0210207432793772,-0.135105627012794,1.72028744174643e-09,-0.134300206915378,-0.0109796724137517,8.63590602216716e-07,1.20440497852758e-09,-0.186096477002137,-9.858809614652e-15,0.186096491432523,-1.78857645914971e-13,-0.186096492045199,-0.0205015287229792,-2.93590182700222e-10,0.186096477062756,,,,,,,,
left,-0.1385,0.19864999999999994,-0.0233064817120965,-0.13694379092531,1.72028744174643e-09,-0.134300206915378,-0.0104616886995436,8.43467446438918e-07,1.21520059293001e-09,-0.16387508770855,-7.95744357063435e-15,0.163875102341298,-1.75850668429382e-13,-0.163875102772231,-0.0184272776061253,-2.62523139844637e-10,0.16387508776987,,,,,,,,
left,-0.1385,0.22710000000000002,-0.0256484870193383,-0.138742713346498,1.72028744174643e-09,-0.134300206915378,-0.0099439232479457,8.19714836057958e-07,1.22599164154025e-09,-0.141502254489582,-6.14381026188563e-15,0.14150226932684,-1.72146133028148e-13,-0.14150226958237,-0.0162309290986841,-2.29740522327288e-10,0.141502254551298,,,,,,,,
left,-0.1385,0.25555,-0.0280458575196298,-0.140500038688577,1.72028744174643e-09,-0.134300206915378,-0.0094267611762171,7.92138747580556e-07,1.23677014463031e-09,-0.11898306944631,-4.43402835060254e-15,0.118983084490436,-1.67722764412708e-13,-0.118983084577014,-0.0139135526945554,-1.95276572448002e-10,0.118983069508073,,,,,,,,
left,-0.1385,0.284,-0.030497607733052,-0.142213454230967,1.72028744174643e-09,-0.134300206915378,-0.00891058457532705,7.60545969764885e-07,1.24752810859441e-09,-0.0963224951750063,-2.84438087054737e-15,0.0963225104285879,-1.62569960150108e-13,-0.0963225103527845,-0.0114763431079553,-1.59166626226687e-10,0.0963224952364176,,,,,,,,
left,-0.11080000000000001,-0.285,0.00910283200058526,-0.104245636424194,1.72028744174643e-09,-0.134300206915378,-0.0185244841419132,7.5448397951999e-07,1.19238058315929e-09,-0.497957370470495,-3.48526309256882e-14,0.497957382020939,-1.51186810514503e-13,-0.497957386074102,-0.0367315085244799,-5.36658531949089e-10,0.497957370500634,,,,,,,,
left,-0.11080000000000001,-0.25655,0.00776840246653701,-0.106410144488188,1.72028744174643e-09,-0.134300206915378,-0.0180495865390549,7.62125013175193e-07,1.19238058315929e-09,-0.478693487137603,-3.32361968972193e-14,0.47869349887439,-1.52821845539068e-13,-0.478693502661626,-0.0365069914877471,-5.34115207170692e-10,0.478693487169343,,,,,,,,
left,-0.11080000000000001,-0.22809999999999997,0.00637523323602539,-0.108574855871232,1.72028744174643e-09,-0.134300206915378,-0.017569239579771,7.68669303362714e-07,1.19238058315929e-09,-0.459191088251058,-3.15632524393839e-14,0.459191100174698,-1.54286232414894e-13,-0.459191103701116,-0.0361654876910867,-5.29623585106169e-10,0.4591910882844,,,,,,,,
left,-0.11080000000000001,-0.19965,0.00492275004736416,-0.110737302451193,1.72028744174643e-09,-0.134300206915378,-0.0170837819125766,7.73965570375946e-07,1.19238058315929e-09,-0.439456126143136,-2.98374491129386e-14,0.439456138254187,-1.55542493597836e-13,-0.43945614152499,-0.0357051654724864,-5.23175132891637e-10,0.439456126178075,,,,,,,,
left,-0.11080000000000001,-0.1712,0.00341047197308565,-0.112894983537395,1.72028744174643e-09,-0.134300206915378,-0.0165935622113948,7.778565487082e-07,1.19238058315929e-09,-0.419494610999388,-2.80574753102296e-14,0.41949462329846,-1.56534934676361e-13,-0.41949462631894,-0.0351244262070384,-5.14765622026475e-10,0.419494611035905,,,,,,,,
left,-0.11080000000000001,-0.14275,0.00183801284847772,-0.115045372256406,1.72028744174643e-09,-0.134300206915378,-0.0160989380406601,7.80179412857877e-07,1.19238058315929e-09,-0.399312587508458,-2.62334827928278e-14,0.399312599996222,-1.57266568360092e-13,-0.399312602771761,-0.0344219029205098,-5.04394969165107e-10,0.399312587546523,,,,,,,,
left,-0.11080000000000001,-0.11429999999999998,0.000205082324501365,-0.117185921779664,1.72028744174643e-09,-0.134300206915378,-0.0156002747372599,7.80766239468067e-07,1.19238058315929e-09,-0.37891611307133,-2.43807157257734e-14,0.378916125748529,-1.57678079723926e-13,-0.378916128284589,-0.0335964575072434,-4.92067059606749e-10,0.378916113110897,,,,,,,,
left,-0.11080000000000001,-0.08584999999999998,-0.00148851343549228,-0.119314071366285,1.72028744174643e-09,-0.134300206915378,-0.0150979443172185,7.7944446492555e-07,1.19238058315929e-09,-0.358311237636889,-2.24981093714977e-14,0.358311250504342,-1.57766035227425e-13,-0.35831125280647,-0.032647176684095,-4.77789551178767e-10,0.358311237677896,,,,,,,,
left,-0.11080000000000001,-0.05740000000000001,-0.00324287139420021,-0.121427252199642,1.72028744174643e-09,-0.134300206915378,-0.0145923244139266,7.76037357537483e-07,1.19238058315929e-09,-0.337503985200762,-2.0597778940874e-14,0.337503998259376,-1.57473563542751e-13,-0.337504000333196,-0.0315733668175618,-4.61573663146678e-10,0.337503985243128,,,,,,,,
left,-0.11080000000000001,-0.028949999999999976,-0.00505799159184508,-0.123522893001237,1.72028744174643e-09,-0.134300206915378,-0.0140837972536292,7.70364521651401e-07,1.19238058315929e-09,-0.316500336977609,-1.86909821965496e-14,0.316500350228389,-1.56768543147303e-13,-0.316500352079606,-0.0303745477635756,-4.43433954660087e-10,0.316500337021233,,,,,,,,
left,-0.11080000000000001,-0.0005000000000000004,-0.00693377738801019,-0.1255984254099,1.72028744174643e-09,-0.134300206915378,-0.0135727486728332,7.62242375460432e-07,1.19238058315929e-09,-0.29530621623354,-1.67884832445137e-14,0.295306229677596,-1.55618850176768e-13,-0.295306231311994,-0.0290504458589333,-4.23388095041484e-10,0.295306216278296,,,,,,,,
left,-0.11080000000000001,0.027949999999999975,-0.00887003597101904,-0.127651289118441,1.72028744174643e-09,-0.134300206915378,-0.0130595671812942,7.51484643625169e-07,1.19238058315929e-09,-0.273927474745216,-1.49020097158893e-14,0.273927488383778,-1.53990253846827e-13,-0.273927489807219,-0.0276009862004397,-4.01456629609274e-10,0.273927474790956,,,,,,,,
left,-0.11080000000000001,0.056400000000000006,-0.0108664791122924,-0.129678936763463,1.72028744174643e-09,-0.134300206915378,-0.0125446430733103,7.37902837836827e-07,1.19238058315929e-09,-0.252369880835439,-1.30445040635799e-14,0.252369894669865,-1.51838705443725e-13,-0.252369895888296,-0.0260262843429072,-3.77662742801737e-10,0.252369880881984,,,,,,,,
left,-0.11080000000000001,0.08484999999999998,-0.0129227241436668,-0.131678838567176,1.72028744174643e-09,-0.134300206915378,-0.0120283675891955,7.21306747932073e-07,1.19238058315929e-09,-0.230639108921425,-1.12275758425932e-14,0.230639122953214,-1.49142502957731e-13,-0.230639123972665,-0.0243266375406098,-3.52032022306238e-10,0.230639108968566,,,,,,,,
left,-0.11080000000000001,0.11330000000000001,-0.0150382951364631,-0.133648486732745,1.72028744174643e-09,-0.134300206915378,-0.0115111321280351,7.01504887633327e-07,1.19332846382214e-09,-0.208740730501368,-9.46933017135237e-15,0.208740744732174,-1.45845277265097e-13,-0.208740745558762,-0.0225025156489758,-3.24592224859559e-10,0.208740730548863,,,,,,,,
left,-0.11080000000000001,0.14175000000000004,-0.0172126242620849,-0.1355853995969,1.72028744174643e-09,-0.134300206915378,-0.0109933275121388,6.78304977574927e-07,1.20412035897743e-09,-0.186680206497066,-7.78493458052713e-15,0.186680220928709,-1.41922576417843e-13,-0.186680221568649,-0.0205545517945966,-2.95373047731875e-10,0.186680206544635,,,,,,,,
left,-0.11080000000000001,0.17019999999999996,-0.0194450533150595,-0.137487125545354,1.72028744174643e-09,-0.134300206915378,-0.0104753433030097,6.51514374538066e-07,1.21491600113544e-09,-0.164462880864984,-6.18511454769692e-15,0.164462895499468,-1.373414702234e-13,-0.164462895959069,-0.0184835329123173,-2.64405905315053e-10,0.164462880912305,,,,,,,,
left,-0.11080000000000001,0.19864999999999994,-0.021734835380663,-0.139351246698009,1.72028744174643e-09,-0.134300206915378,-0.00995756716813768,6.20940505287837e-07,1.22570729954585e-09,-0.142093975384917,-4.68856782221955e-15,0.142093990224444,-1.32037311786629e-13,-0.142093990510124,-0.0162903902385635,-2.3172371369517e-10,0.142093975431625,,,,,,,,
left,-0.11080000000000001,0.22710000000000002,-0.0240811366305497,-0.141175382372013,1.72028744174643e-09,-0.134300206915378,-0.00944038429748856,5.86391328676162e-07,1.23648621896955e-09,-0.119578585534113,-3.31415821343947e-15,0.119578600581101,-1.26017719018421e-13,-0.11957860069939,-0.0139761898403528,-1.97360684118488e-10,0.119578585579792,,,,,,,,
left,-0.11080000000000001,0.25555,-0.0264830382311075,-0.142957192331488,1.72028744174643e-09,-0.134300206915378,-0.00892417686820996,5.47675725456963e-07,1.24724476580074e-09,-0.0969216773549266,-2.07655986905071e-15,0.0969216926120282,-1.19209824694534e-13,-0.0969216925695807,-0.0115421232498818,-1.61352125404187e-10,0.0969216773991084,,,,,,,,
left,-0.11080000000000001,0.284,-0.0289395383505576,-0.144694379833299,1.72028744174643e-09,-0.134300206915378,-0.00840932355578732,5.04604005868134e-07,1.25797516847825e-09,-0.0741280852257069,-9.94309409419036e-16,0.0741281006958304,-1.11558691919714e-13,-0.0741281004994346,-0.00898949826528329,-1.23734257496999e-10,0.0741280852678643,,,,,,,,
left,-0.08310000000000001,-0.285,0.0107469404904253,-0.106096117563676,1.72028744174643e-09,-0.134300206915378,-0.0180621774854518,6.54169841238945e-07,1.19238058315929e-09,-0.479204420689584,-2.85803623419112e-14,0.47920443242442,-1.3385732223316e-13,-0.479204436225876,-0.036514403170706,-5.34380725441231e-10,0.479204420716798,,,,,,,,
left,-0.08310000000000001,-0.25655,0.00941581691881939,-0.108298567339339,1.72028744174643e-09,-0.134300206915378,-0.0175819698995141,6.56354359314963e-07,1.19238058315929e-09,-0.459708234167605,-2.70015512262753e-14,0.459708246089389,-1.34270432584066e-13,-0.459708249630596,-0.036176007994748,-5.29974518323578e-10,0.459708234196046,,,,,,,,
left,-0.08310000000000001,-0.22809999999999997,0.0080253551729923,-0.110500461063152,1.72028744174643e-09,-0.134300206915378,-0.0170966425452335,6.57128840637274e-07,1.19238058315929e-09,-0.439979326695127,-2.53807913866596e-14,0.439979338804428,-1.34466174539763e-13,-0.439979342090633,-0.0357188396980998,-5.2361292193739e-10,0.43997932672476,,,,,,,,
left,-0.08310000000000001,-0.19965,0.00657500279172238,-0.112699313168098,1.72028744174643e-09,-0.134300206915378,-0.0166065438468562,6.56335285508433e-07,1.19238058315929e-09,-0.420023707239674,-2.37241590516125e-14,0.420023719537116,-1.343643909871e-13,-0.420023722573661,-0.0351412935243733,-5.15291612233771e-10,0.420023707270455,,,,,,,,
left,-0.08310000000000001,-0.1712,0.00506430127766967,-0.114892609124396,1.72028744174643e-09,-0.134300206915378,-0.0161120311488756,6.53810373221376e-07,1.19238058315929e-09,-0.399847419867729,-2.2034900555111e-14,0.399847432353998,-1.33947184266293e-13,-0.399847435146313,-0.0344419964228715,-5.05010414313822e-10,0.399847419899596,,,,,,,,
left,-0.08310000000000001,-0.14275,0.00349288733215607,-0.117077811639844,1.72028744174643e-09,-0.134300206915378,-0.0156134695974235,6.4938592522959e-07,1.19238058315929e-09,-0.379456521911866,-2.03263887858366e-14,0.379456534587721,-1.33183442085931e-13,-0.37945653714132,-0.0336198043016229,-4.92773125936464e-10,0.379456521944742,,,,,,,,
left,-0.08310000000000001,-0.11429999999999998,0.00186049372824375,-0.119252366685927,1.72028744174643e-09,-0.134300206915378,-0.0151112310462098,6.42889340697177e-07,1.19238058315929e-09,-0.358857063762838,-1.86017455413245e-14,0.358857076629118,-1.32048430752607e-13,-0.3588570789496,-0.0326737980128913,-4.7858732135512e-10,0.358857063796627,,,,,,,,
left,-0.08310000000000001,-0.08584999999999998,0.000166949842519665,-0.12141370932757,1.72028744174643e-09,-0.134300206915378,-0.0146056929938419,6.34144081641432e-07,1.19238058315929e-09,-0.338055070324333,-1.68763581879298e-14,0.338055083381966,-1.30499117343563e-13,-0.338055085475012,-0.0316032782082229,-4.62464140258353e-10,0.338055070358919,,,,,,,,
left,-0.08310000000000001,-0.05740000000000001,-0.00158781813279035,-0.123559269339333,1.72028744174643e-09,-0.134300206915378,-0.0140972375582669,6.22970156198802e-07,1.19238058315929e-09,-0.31705652414122,-1.51585851092972e-14,0.317056537391234,-1.28501545998513e-13,-0.317056539262605,-0.0304077592024729,-4.44418067893982e-10,0.317056524176463,,,,,,,,
left,-0.08310000000000001,-0.028949999999999976,-0.00340378727504624,-0.12568647659535,1.72028744174643e-09,-0.134300206915378,-0.0135862504930216,6.09184575221802e-07,1.19238058315929e-09,-0.295867350188548,-1.3458756067256e-14,0.295867363632081,-1.26023231269297e-13,-0.29586736528762,-0.0290869619858352,-4.24466704272552e-10,0.295867350224283,,,,,,,,
left,-0.08310000000000001,-0.0005000000000000004,-0.00528083829117365,-0.127792766224384,1.72028744174643e-09,-0.134300206915378,-0.0130731202489801,5.92601870181035e-07,1.19238058315929e-09,-0.274493402288347,-1.17906764018278e-14,0.274493415926656,-1.23027883232402e-13,-0.274493417372288,-0.0276408065200519,-4.02630530697929e-10,0.274493402324382,,,,,,,,
left,-0.08310000000000001,0.027949999999999975,-0.00721875612995049,-0.129875583525021,1.72028744174643e-09,-0.134300206915378,-0.0125582370843457,5.73034539461672e-07,1.19238058315929e-09,-0.252940451104419,-1.01668264058313e-14,0.252940464938895,-1.1947550428e-13,-0.252940466180629,-0.0260694034501012,-3.78932672475601e-10,0.252940451140531,,,,,,,,
left,-0.08310000000000001,0.056400000000000006,-0.00921723082460933,-0.131932388639146,1.72028744174643e-09,-0.134300206915378,-0.0120419922247846,5.50293529215894e-07,1.19238058315929e-09,-0.231214173651649,-8.60209823537792e-15,0.231214187683828,-1.15334497230581e-13,-0.23121418872776,-0.0243730453561492,-3.53398663353012e-10,0.23121417368758,,,,,,,,
left,-0.08310000000000001,0.08484999999999998,-0.0112758585444874,-0.133960660984573,1.72028744174643e-09,-0.134300206915378,-0.0115247770748212,5.24188684248947e-07,1.19304412182775e-09,-0.209320144245684,-7.10961900289728e-15,0.209320158477259,-1.10575894770715e-13,-0.209320159329576,-0.0225521976627721,-3.26056211162341e-10,0.209320144281141,,,,,,,,
left,-0.08310000000000001,0.11330000000000001,-0.0133941428353822,-0.135957903449953,1.72028744174643e-09,-0.134300206915378,-0.0110069824809281,4.94529224659739e-07,1.20383580881622e-09,-0.187263826810911,-5.70468528670716e-15,0.187263841243746,-1.05132216056128e-13,-0.187263841910732,-0.0206074893137609,-2.96934969089367e-10,0.18726382684556,,,,,,,,
left,-0.08310000000000001,0.14175000000000004,-0.0155714960293485,-0.137921646356927,1.72028744174643e-09,-0.134300206915378,-0.0104889980461444,4.61124148344459e-07,1.21463140934086e-09,-0.165050568459241,-4.40635970050076e-15,0.165050583095388,-9.90000214701784e-14,-0.165050583583427,-0.0185397033115296,-2.6606631222029e-10,0.165050568492702,,,,,,,,
left,-0.08310000000000001,0.17019999999999996,-0.0178072408058605,-0.139849451195974,1.72028744174643e-09,-0.134300206915378,-0.00997121149554178,4.23782691800281e-07,1.22542292979588e-09,-0.142685594248908,-3.22602818542151e-15,0.142685609090625,-9.21187990017566e-14,-0.142685609406208,-0.016349767210531,-2.33483121508076e-10,0.142685594280756,,,,,,,,
left,-0.08310000000000001,0.19864999999999994,-0.0201006118875077,-0.141738914143526,1.72028744174643e-09,-0.134300206915378,-0.00945400809142126,3.82314745998944e-07,1.23620226555321e-09,-0.120174003031162,-2.18168785041437e-15,0.120174018080924,-8.44798699780263e-14,-0.120174018230664,-0.0140387436443902,-1.9921957774348e-10,0.120174003060916,,,,,,,,
left,-0.08310000000000001,0.22710000000000002,-0.0224507578546749,-0.143587669368733,1.72028744174643e-09,-0.134300206915378,-0.00893777009676985,3.36531276269323e-07,1.24696146464043e-09,-0.0975207642929006,-1.29760844914577e-15,0.0975207795534269,-7.60032077706401e-14,-0.0975207795440588,-0.0116078209568881,-1.63310963520133e-10,0.0975207643200238,,,,,,,,
left,-0.08310000000000001,0.25555,-0.0248567430649364,-0.14539339213883,1.72028744174643e-09,-0.134300206915378,-0.0084228762852167,2.86244786023001e-07,1.257692713863e-09,-0.074730715904885,-5.81487390111226e-16,0.0747307313791554,-6.66874588067461e-14,-0.0747307312175535,-0.00905830399763708,-1.25793475844514e-10,0.0747307159287773,,,,,,,,
left,-0.08310000000000001,0.284,-0.0273175496641486,-0.147153801732377,1.72028744174643e-09,-0.134300206915378,-0.00790970149550852,2.31331199131677e-07,1.26838808900409e-09,-0.0518085626877539,-5.7144295015168e-17,0.0518085783790332,-5.64807743493093e-14,-0.051808578072221,-0.00639160513440894,-8.67040511211962e-11,0.0518085627077465,,,,,,,,
left,-0.055400000000000005,-0.285,0.0124459187464531,-0.107937200405659,1.72028744174643e-09,-0.134300206915378,-0.0175946966580357,5.44925520587e-07,1.19238058315929e-09,-0.460225218242593,-2.24584932520629e-14,0.460225230162497,-1.14199993811805e-13,-0.460225233718411,-0.036186445736841,-5.30122505385747e-10,0.46022521826618,,,,,,,,
left,-0.055400000000000005,-0.25655,0.0111185474935005,-0.110176763089734,1.72028744174643e-09,-0.134300206915378,-0.0171094998587218,5.41218831096009e-07,1.19238058315929e-09,-0.440502369576224,-2.09465090911081e-14,0.440502381683749,-1.13326475438841e-13,-0.44050238498527,-0.0357324302460019,-5.23846556858017e-10,0.440502369600605,,,,,,,,
left,-0.055400000000000005,-0.22809999999999997,0.00973123952318586,-0.112415009604929,1.72028744174643e-09,-0.134300206915378,-0.0166195224113958,5.35782460813251e-07,1.19238058315929e-09,-0.420552650003755,-1.94089207941238e-14,0.42055266229954,-1.12142492662563e-13,-0.420552665352054,-0.035158076208876,-5.15612222583076e-10,0.420552650028856,,,,,,,,
left,-0.055400000000000005,-0.19965,0.00828346439590068,-0.114649439836873,1.72028744174643e-09,-0.134300206915378,-0.0161251214398323,5.28452582654083e-07,1.19238058315929e-09,-0.400382102954326,-1.78512960309872e-14,0.400382115439072,-1.10593739408798e-13,-0.400382118248059,-0.0344620044963835,-5.05419237127125e-10,0.400382102980058,,,,,,,,
left,-0.055400000000000005,-0.1712,0.00677478617146279,-0.11687752812036,1.72028744174643e-09,-0.134300206915378,-0.0156266618986471,5.19060733614932e-07,1.19238058315929e-09,-0.379996785678057,-1.62858902049805e-14,0.379996798352538,-1.08674643637798e-13,-0.379996800923563,-0.0336430650274371,-4.93271311138692e-10,0.379996785704309,,,,,,,,
left,-0.055400000000000005,-0.14275,0.00520486445817317,-0.119096729243599,1.72028744174643e-09,-0.134300206915378,-0.0151245154784973,5.07434262955532e-07,1.19238058315929e-09,-0.35940274899468,-1.47222182718161e-14,0.359402761859755,-1.06321809274936e-13,-0.35940276419847,-0.0327003327861237,-4.79175935316464e-10,0.359402749021324,,,,,,,,
left,-0.055400000000000005,-0.11429999999999998,0.00357345511472956,-0.121304484266186,1.72028744174643e-09,-0.134300206915378,-0.0146190595424945,4.93396800850999e-07,1.19238058315929e-09,-0.338606018704222,-1.31682886832195e-14,0.338606031760838,-1.03527268160812e-13,-0.338606033872978,-0.0316331027047632,-4.6314417082577e-10,0.338606018731105,,,,,,,,
left,-0.055400000000000005,-0.08584999999999998,0.00188041062610816,-0.123498226132846,1.72028744174643e-09,-0.134300206915378,-0.014110676099604,4.76768714308753e-07,1.19238058315929e-09,-0.317612578671191,-1.16354153166291e-14,0.3176125919204,-1.00264287793039e-13,-0.317612593811784,-0.0304408835522685,-4.45190429176307e-10,0.317612578698137,,,,,,,,
left,-0.055400000000000005,-0.05740000000000001,0.000125680175367571,-0.125675385069547,1.72028744174643e-09,-0.134300206915378,-0.0135997508197412,4.57367600202177e-07,1.19238058315929e-09,-0.296428355570143,-1.01389589127498e-14,0.296428369013109,-9.6463833123514e-14,-0.296428370689638,-0.0291233909668673,-4.25332241896185e-10,0.296428355596947,,,,,,,,
left,-0.055400000000000005,-0.028949999999999976,-0.00169069056629212,-0.127833393752628,1.72028744174643e-09,-0.134300206915378,-0.0130866720942803,4.35008738714802e-07,1.19238058315929e-09,-0.275059205260139,-8.68739519871348e-15,0.275059218898149,-9.21167136213349e-14,-0.275059220365808,-0.0276805397694708,-4.0359002635744e-10,0.275059205286566,,,,,,,,
left,-0.055400000000000005,-0.0005000000000000004,-0.00356855990890795,-0.129969692245241,1.72028744174643e-09,-0.134300206915378,-0.0125718301447466,4.09505579591776e-07,1.19238058315929e-09,-0.253510900738699,-7.29529720035777e-15,0.253510914573176,-8.71793070015822e-14,-0.253510915838038,-0.0261124356891355,-3.79986849656292e-10,0.253510900764481,,,,,,,,
left,-0.055400000000000005,0.027949999999999975,-0.00550769085062633,-0.132081732698582,1.72028744174643e-09,-0.134300206915378,-0.012055616181611,3.8067019094724e-07,1.19238058315929e-09,-0.231789121612099,-5.9786347421713e-15,0.231789135644613,-8.16120440189174e-14,-0.23178913671284,-0.0244193666255953,-3.54548192043849e-10,0.231789121636932,,,,,,,,
left,-0.055400000000000005,0.056400000000000006,-0.0075077520007633,-0.134166983818119,1.72028744174643e-09,-0.134300206915378,-0.0115384216143254,3.48313716726267e-07,1.19275975207778e-09,-0.209899445008101,-4.7491255419058e-15,0.209899459240385,-7.53861190578232e-14,-0.209899460118231,-0.0226017935660871,-3.27301713143756e-10,0.20989944503164,,,,,,,,
left,-0.055400000000000005,0.08484999999999998,-0.0095683186986084,-0.136222935097322,1.72028744174643e-09,-0.134300206915378,-0.0110206373130496,3.1224682323615e-07,1.20355118926607e-09,-0.18784733784923,-3.6254354728982e-15,0.187847352283191,-6.84537023097037e-14,-0.18784735297701,-0.0206603412650219,-2.98277022460457e-10,0.187847337871087,,,,,,,,
left,-0.055400000000000005,0.11330000000000001,-0.0116888743085487,-0.138247100823277,1.72028744174643e-09,-0.134300206915378,-0.0105026529219184,2.72280130567066e-07,1.21434684530186e-09,-0.165638150399209,-2.62119848663017e-15,0.165638165036949,-6.07886694608567e-14,-0.165638165553197,-0.0185957887857713,-2.67505456330798e-10,0.165638150418949,,,,,,,,
left,-0.055400000000000005,0.14175000000000004,-0.0138688116732322,-0.140237023860111,1.72028744174643e-09,-0.134300206915378,-0.00998485622317939,2.28224626894753e-07,1.22513853229034e-09,-0.14327711099184,-1.75452130334602e-15,0.143277125835667,-5.23517928101642e-14,-0.143277126180913,-0.0164090599942289,-2.35019861504443e-10,0.143277111008975,,,,,,,,
left,-0.055400000000000005,0.17019999999999996,-0.0161074347077057,-0.142190279217285,1.72028744174643e-09,-0.134300206915378,-0.00946763255109675,1.79892109775187e-07,1.23591829825909e-09,-0.120769321850188,-1.04186134566144e-15,0.120769336902638,-4.31089809436045e-14,-0.120769337083571,-0.0141012140841129,-2.00854389002045e-10,0.120769321864175,,,,,,,,
left,-0.055400000000000005,0.19864999999999994,-0.0184039601187166,-0.144104477410701,1.72028744174643e-09,-0.134300206915378,-0.0089513642541569,1.27095594436001e-07,1.24667817735791e-09,-0.0981197559041405,-5.00293163127758e-16,0.0981197711679971,-3.30019387145843e-14,-0.0981197711914342,-0.0116734362043902,-1.65044295239042e-10,0.0981197559143742,,,,,,,,
left,-0.055400000000000005,0.22710000000000002,-0.0207575192346323,-0.145977267625156,1.72028744174643e-09,-0.134300206915378,-0.00843643020382383,6.96497503076843e-08,1.25741021761439e-09,-0.0753332545158836,-1.48002599772086e-16,0.0753332699941973,-2.20187627402579e-14,-0.0753332698670988,-0.00912702824990539,-1.2762575540554e-10,0.0753332545216916,,,,,,,,
left,-0.055400000000000005,0.25555,-0.0231671599326786,-0.147806340687041,1.72028744174643e-09,-0.134300206915378,-0.00792320534786775,7.3873948596575e-09,1.26810661971177e-09,-0.0524145260254585,-2.21703540639737e-18,0.0524145417215725,-1.01286421804927e-14,-0.052414541451051,-0.0064633998674009,-8.86356877281568e-11,0.0524145260260948,,,,,,,,
left,-0.055400000000000005,0.284,-0.0256318486514108,-0.149589431856346,1.72028744174643e-09,-0.134300206915378,-0.00741206030612531,6.040579908117e-08,1.27875976474456e-09,-0.0293681450319775,-8.29651360465938e-17,0.0293681609495529,2.73866936886101e-15,-0.0293681605428885,-0.0036840597207316,-4.81115856795044e-11,0.0293681450266181,,,,,,,,
left,-0.027700000000000002,-0.285,0.0141998974923888,-0.109766550198318,1.72028744174643e-09,-0.134300206915378,-0.0171223538466131,4.26221920839593e-07,1.19238058315929e-09,-0.441025254677556,-1.65295150982037e-14,0.441025266783282,-9.21337070322167e-14,-0.44102527010003,-0.0357459371436092,-5.23876819872493e-10,0.441025254696736,,,,,,,,
left,-0.027700000000000002,-0.25655,0.0128767017000125,-0.112042384180754,1.72028744174643e-09,-0.134300206915378,-0.0166324978984332,4.16184119553932e-07,1.19238058315929e-09,-0.421081439182388,-1.51116974643415e-14,0.421081451476489,-8.98519694203006e-14,-0.421081454544878,-0.0351747742837508,-5.15728258728909e-10,0.421081439201866,,,,,,,,
left,-0.027700000000000002,-0.22809999999999997,0.0114929708557925,-0.114316143949753,1.72028744174643e-09,-0.134300206915378,-0.0161382089068182,4.04091751559283e-07,1.19238058315929e-09,-0.400916636659023,-1.36864378906378e-14,0.400916649142217,-8.7185683029377e-14,-0.400916651967773,-0.0344819271601002,-5.05622265963251e-10,0.400916636678679,,,,,,,,
left,-0.027700000000000002,-0.19965,0.0100481967461239,-0.11658531754791,1.72028744174643e-09,-0.134300206915378,-0.0156398516341072,3.89776056873524e-07,1.19238058315929e-09,-0.380536904261048,-1.22649542211493e-14,0.380536916934124,-8.40964144145126e-14,-0.380536919522464,-0.0336662396996765,-4.93562465568542e-10,0.380536904280742,,,,,,,,
left,-0.027700000000000002,-0.1712,0.0085419661004414,-0.118847370677111,1.72028744174643e-09,-0.134300206915378,-0.0151377976071648,3.73064315037507e-07,1.19238058315929e-09,-0.359948293224257,-1.08570379945838e-14,0.359948306088093,-8.05827334344588e-14,-0.35994830844492,-0.0327267810148221,-4.79556265551887e-10,0.359948293243827,,,,,,,,
left,-0.027700000000000002,-0.14275,0.00697396146302534,-0.121099752499741,1.72028744174643e-09,-0.134300206915378,-0.0146324240528937,3.53780294598422e-07,1.19238058315929e-09,-0.339156830233257,-9.47321307346171e-15,0.339156843288821,-7.65607081729848e-14,-0.339156845419925,-0.0316628403143739,-4.63614649749182e-10,0.339156830252515,,,,,,,,
left,-0.027700000000000002,-0.11429999999999998,0.00534396173268617,-0.123339901245208,1.72028744174643e-09,-0.134300206915378,-0.0141241128705931,3.31744708064628e-07,1.19238058315929e-09,-0.318168500461601,-8.12571533014591e-15,0.318168513709968,-7.203357899032e-14,-0.318168515621224,-0.0304739208164501,-4.45751955545059e-10,0.318168500480333,,,,,,,,
left,-0.027700000000000002,-0.08584999999999998,0.00365184239188332,-0.125565249607654,1.72028744174643e-09,-0.134300206915378,-0.0136132496459045,3.0677569160994e-07,1.19238058315929e-09,-0.296989232273888,-6.82836633591919e-15,0.296989245716246,-6.69286162357916e-14,-0.296989247413613,-0.0291597328019614,-4.25985646602535e-10,0.296989232291849,,,,,,,,
left,-0.027700000000000002,-0.05740000000000001,0.00189757544733651,-0.127773229924785,1.72028744174643e-09,-0.134300206915378,-0.0131002227100829,2.78689260265473e-07,1.19238058315929e-09,-0.275624883557843,-5.59061792078934e-15,0.275624897195508,-6.1250775802381e-14,-0.275624898685033,-0.027720185945229,-4.04336077102308e-10,0.275624883574757,,,,,,,,
left,-0.027700000000000002,-0.028949999999999976,8.12291042723438e-05,-0.129961279131419,1.72028744174643e-09,-0.134300206915378,-0.0125854222473917,2.47299761869775e-07,1.19238058315929e-09,-0.254081229637396,-4.429807048999e-15,0.254081243471823,-5.49405403029101e-14,-0.25408124475964,-0.0261553810533078,-3.80826256362883e-10,0.254081229652951,,,,,,,,
left,-0.027700000000000002,-0.0005000000000000004,-0.00179703280381599,-0.132126843484533,1.72028744174643e-09,-0.134300206915378,-0.0120692394525578,2.12420352585497e-07,1.19238058315929e-09,-0.232363952703906,-3.35749071360693e-15,0.232363966736701,-4.7969168973963e-14,-0.232363967829037,-0.0244656013391798,-3.55481611674918e-10,0.23236395271775,,,,,,,,
left,-0.027700000000000002,0.027949999999999975,-0.00373695160857569,-0.134267383059356,1.72028744174643e-09,-0.134300206915378,-0.0115520657394481,1.73863431303067e-07,1.19247536845002e-09,-0.210478632691892,-2.39021183868084e-15,0.210478646924825,-4.02961196931966e-14,-0.210478647828002,-0.0226513033462595,-3.28329754872456e-10,0.21047863270363,,,,,,,,
left,-0.027700000000000002,0.056400000000000006,-0.00573817480283747,-0.136380376018407,1.72028744174643e-09,-0.134300206915378,-0.011034292001433,1.31441076043006e-07,1.20326662522707e-09,-0.18843073951754,-1.5440639545521e-15,0.188430753952564,-3.1890090187626e-14,-0.188430754673004,-0.0207131076329996,-2.99400252627081e-10,0.188430739526733,,,,,,,,
left,-0.027700000000000002,0.08484999999999998,-0.00780025721973086,-0.138463322657267,1.72028744174643e-09,-0.134300206915378,-0.0105163079233017,8.49654788371213e-08,1.2140622396295e-09,-0.166225626592738,-8.33935402124406e-16,0.166225641232,-2.27040307690986e-14,-0.166225641776232,-0.0186517893171179,-2.68724402893918e-10,0.166225626598892,,,,,,,,
left,-0.027700000000000002,0.11330000000000001,-0.00992266237640328,-0.140513749232449,1.72028744174643e-09,-0.134300206915378,-0.00999850134407107,3.4249348394814e-08,1.22485414866258e-09,-0.143868525523955,-2.7597867443874e-16,0.143868540369816,-1.27240717498883e-14,-0.143868540744484,-0.0164682685693609,-2.36335019085516e-10,0.143868525526524,,,,,,,,
left,-0.027700000000000002,0.14175000000000004,-0.012104763965057,-0.142529211577957,1.72028744174643e-09,-0.134300206915378,-0.00948125766959534,2.08936443230091e-08,1.23563437259833e-09,-0.121364541903876,1.09171568156939e-16,0.12136455695893,-1.89201304074138e-15,-0.1213645571708,-0.0141636011370236,-2.02266222558413e-10,0.121364541902253,,,,,,,,
left,-0.027700000000000002,0.17019999999999996,-0.0143458474752464,-0.14450729851798,1.72028744174643e-09,-0.134300206915378,-0.00896495933351979,8.06484888586534e-08,1.24639483456424e-09,-0.0987186521038076,3.09342452423202e-16,0.0987186673709011,9.81478622221376e-15,-0.0987186674268731,-0.0117389689678567,-1.66553244612337e-10,0.0987186520973189,,,,,,,,
left,-0.027700000000000002,0.19864999999999994,-0.0166451119326267,-0.146445635083868,1.72028744174643e-09,-0.134300206915378,-0.00844998530483343,1.45198379229635e-07,1.25712772136577e-09,-0.0759357009763613,2.97982068751977e-16,0.0759357164586157,2.24390367626873e-14,-0.0759357163657328,-0.00919567099568484,-1.29232239380881e-10,0.0759357009642636,,,,,,,,
left,-0.027700000000000002,0.22710000000000002,-0.0190016717405806,-0.14834188554388,1.72028744174643e-09,-0.134300206915378,-0.00793671064004985,2.14724268762659e-07,1.26782513654167e-09,-0.053020400380491,6.67647721296242e-17,0.0530204160813268,3.60425777660584e-14,-0.0530204158467905,-0.00653511414015067,-9.0340106527939e-11,0.0530204003619624,,,,,,,,
left,-0.027700000000000002,0.25555,-0.0214145586123596,-0.150193756254447,1.72028744174643e-09,-0.134300206915378,-0.00742550607787731,2.91792004821725e-07,1.27847950281978e-09,-0.0299773284443671,-4.04252934268739e-16,0.0299773443675306,5.06097676287016e-14,-0.0299773439987136,-0.00375880456460091,-4.99143258109177e-11,0.0299773284185026,,,,,,,,
left,-0.027700000000000002,0.284,-0.0238827235825367,-0.151998998341689,1.72028744174643e-09,-0.134300206915378,-0.00691673767412435,3.75564090247626e-07,1.28908306251674e-09,-0.0068109294856202,-1.14077056206531e-15,0.00681094563521274,6.62073021937014e-14,-0.00681094513967659,-0.000868339228301738,-7.99280198605437e-12,0.00681092945142236,,,,,,,,
left,0.0,-0.285,0.016008919793782,-0.111581817589779,1.72028744174643e-09,-0.134300206915378,-0.0166454703013919,2.97526302621908e-07,1.19238058315929e-09,-0.421610074666335,-1.08335974001822e-14,0.421610086958727,-6.74556171027223e-14,-0.421610090042897,-0.0351913877723115,-5.1564050046386e-10,0.421610074680245,,,,,,,,
left,0.0,-0.25655,0.0146902993868383,-0.113893071839891,1.72028744174643e-09,-0.134300206915378,-0.016151293543125,2.80713585721522e-07,1.19238058315929e-09,-0.401451020872588,-9.54076261821859e-15,0.401451033354201,-6.3694573844175e-14,-0.401451036196226,-0.0345017644331842,-5.05620302529479e-10,0.401451020886229,,,,,,,,
left,0.0,-0.22809999999999997,0.0133105461326886,-0.11620149852694,1.72028744174643e-09,-0.134300206915378,-0.0156530387969828,2.61517267970717e-07,1.19238058315929e-09,-0.38107687755197,-8.25393331662211e-15,0.381076890223612,-5.94895782142047e-14,-0.381076892829157,-0.0336893283334361,-4.93647412964935e-10,0.38107687756517,,,,,,,,
left,0.0,-0.19965,0.0118691742279253,-0.118504576354292,1.72028744174643e-09,-0.134300206915378,-0.0151510774252982,2.39764543311822e-07,1.19238058315929e-09,-0.360493696343388,-7.00541061854011e-15,0.360493709205952,-5.47770595144026e-14,-0.360493711580773,-0.0327531427101187,-4.79729158052893e-10,0.360493696355953,,,,,,,,
left,0.0,-0.1712,0.0103657931663581,-0.120799764688504,1.72028744174643e-09,-0.134300206915378,-0.0146457865180508,2.15279296396504e-07,1.19238058315929e-09,-0.339707504804243,-5.79237951970481e-15,0.339707517858719,-4.95584494330255e-14,-0.33970752000866,-0.0316924910443448,-4.63876443861034e-10,0.33970750481595,,,,,,,,
left,0.0,-0.14275,0.00880010844239933,-0.12308450915385,1.72028744174643e-09,-0.134300206915378,-0.0141375478641885,1.87882575054769e-07,1.19238058315929e-09,-0.318724289406503,-4.62808755091689e-15,0.318724302653989,-4.37822734676234e-14,-0.318724304584979,-0.0305068709986007,-4.46103535552241e-10,0.318724289417101,,,,,,,,
left,0.0,-0.11429999999999998,0.0071719219376498,-0.125356247027042,1.72028744174643e-09,-0.134300206915378,-0.0136267469644252,1.57393014493657e-07,1.19238058315929e-09,-0.297549980195314,-3.52608694829804e-15,0.297549993637023,-3.74101100284463e-14,-0.297549995355082,-0.0291959874911408,-4.26427828552072e-10,0.297549980204521,,,,,,,,
left,0.0,-0.08584999999999998,0.00548113201244857,-0.127612412421381,1.72028744174643e-09,-0.134300206915378,-0.0131137720892771,1.23627328478733e-07,1.19238058315929e-09,-0.276190437078676,-2.501922067686e-15,0.276190450715953,-3.04038141190066e-14,-0.276190452227185,-0.0277597450439467,-4.04869614640065e-10,0.276190437086173,,,,,,,,
left,0.0,-0.05740000000000001,0.00372773332434176,-0.129850441253233,1.72028744174643e-09,-0.134300206915378,-0.0125990133851602,8.64007469492583e-08,1.19238058315929e-09,-0.254651437699589,-1.56819599599302e-15,0.254651451533918,-2.27458571178787e-14,-0.254651452844521,-0.0261982395359992,-3.81451845413431e-10,0.254651437705019,,,,,,,,
left,0.0,-0.028949999999999976,0.00191181639526152,-0.132067775986918,1.72028744174643e-09,-0.134300206915378,-0.0120828620305083,4.55274672689813e-08,1.19238058315929e-09,-0.232938666828165,-7.39885183174361e-16,0.232938680861187,-1.43854129157297e-14,-0.23293868197745,-0.0245117494872142,-3.56199895974886e-10,0.232938666831129,,,,,,,,
left,0.0,-0.0005000000000000004,3.35669487287347e-05,-0.134261870156927,1.72028744174643e-09,-0.134300206915378,-0.0115657094430895,8.2109904555897e-10,1.19238058315929e-09,-0.211057707200291,-3.13316006730028e-17,0.211057721433816,-5.28782004588486e-15,-0.211057722362129,-0.0227007269907035,-3.29141330939025e-10,0.211057707200347,,,,,,,,
left,0.0,0.027949999999999975,-0.00190673496232274,-0.1364301926687,1.72028744174643e-09,-0.134300206915378,-0.0110479465390076,4.79049084361645e-08,1.20298201955471e-09,-0.189014031721325,5.40635175043617e-16,0.189014046157346,4.58094136933557e-15,-0.189014046904199,-0.0207657884023847,-3.00305674593248e-10,0.189014031717977,,,,,,,,
left,0.0,0.056400000000000006,-0.00390871601741198,-0.138570231881202,1.72028744174643e-09,-0.134300206915378,-0.0105299630432636,1.00836836500423e-07,1.21377764783492e-09,-0.166812996947639,9.60010657427668e-16,0.166813011588352,1.52571574806621e-14,-0.166813012160346,-0.0187077048877112,-2.69724187267791e-10,0.166812996940342,,,,,,,,
left,0.0,0.08484999999999998,-0.00597191086142988,-0.14067949947609,1.72028744174643e-09,-0.134300206915378,-0.0100121468512365,1.58160284278691e-07,1.22456973727925e-09,-0.14445983775546,1.20971951631083e-15,0.144459852603278,2.67777374135669e-14,-0.144459853007131,-0.016527392915693,-2.37429649292742e-10,0.144459837743606,,,,,,,,
left,0.0,0.11330000000000001,-0.00809576349111615,-0.142755534119549,1.72028744174643e-09,-0.134300206915378,-0.00949488343999636,2.20059778029689e-07,1.23535032203748e-09,-0.121959663104875,1.27230127189324e-15,0.121959678162448,3.9174905028221e-14,-0.121959678405004,-0.0142259047806827,-2.03456153275135e-10,0.121959663087795,,,,,,,,
left,0.0,0.14175000000000004,-0.0102796287788059,-0.144795904923795,1.72028744174643e-09,-0.134300206915378,-0.00897855532800589,2.86718328430475e-07,1.24611147789278e-09,-0.0993174528070237,1.12990607786657e-15,0.099317468077262,5.24865488747095e-14,-0.0993174681655006,-0.0118044192228092,-1.67838905823476e-10,0.0993174527839783,,,,,,,,
left,0.0,0.17019999999999996,-0.0125227741183837,-0.146798214715939,1.72028744174643e-09,-0.134300206915378,-0.00846354158146867,3.5831704315815e-07,1.25684521123937e-09,-0.0765380552039309,7.65339237992594e-16,0.0765380706900247,6.6743499268453e-14,-0.0765380706310731,-0.00926423220862121,-1.30614040215737e-10,0.0765380551741044,,,,,,,,
left,0.0,0.19864999999999994,-0.0148243811796105,-0.148760103122336,1.72028744174643e-09,-0.134300206915378,-0.00795021736536067,4.35034652133141e-07,1.26754368112714e-09,-0.0536261856729632,1.59854913069199e-16,0.0536262013784097,8.19831500652806e-14,-0.0536262011795564,-0.00660674792458578,-9.18184385873586e-11,0.0536261856354592,,,,,,,,
left,0.0,0.22710000000000002,-0.0171835477581907,-0.150679249476788,1.72028744174643e-09,-0.134300206915378,-0.00743895353700887,5.21218451201648e-07,1.27819922701722e-09,-0.0305864258713038,-7.0322429205068e-16,0.0305864417999332,9.8245012183784e-14,-0.0305864414686433,-0.00383347002767012,-5.14895675406463e-11,0.0305864258251362,,,,,,,,
left,0.0,0.25555,-0.0195992897101082,-0.152553375561057,1.72028744174643e-09,-0.134300206915378,-0.00693011627996589,6.14485982532652e-07,1.28880421612632e-09,-0.00742322363986327,-1.84581041490485e-15,0.00742323979586941,1.1556299981932e-13,-0.0074232393398009,-0.000945993189396646,-9.66532030144472e-12,0.00742322358395032,,,,,,,,
left,0.0,0.284,-0.0220705429598705,-0.154380248186059,1.72028744174643e-09,-0.134300206915378,-0.00642406677585611,7.14869800819949e-07,1.29935112669344e-09,0.0158591065094509,-3.28147771125798e-15,-0.0158590901214778,1.33981635078896e-13,0.015859090694455,0.00205400503747153,3.36161229794056e-11,-0.0158591065762967,,,,,,,,
left,0.027700000000000002,-0.285,0.0178729407752154,-0.113380644359748,1.72028744174643e-09,-0.134300206915378,-0.0161643753420471,1.58303772183968e-07,1.19238058315929e-09,-0.401985255485784,-5.40638507654172e-15,0.401985267965789,-4.01448706330978e-14,-0.401985270824182,-0.0345215163349053,-5.05414122655015e-10,0.401985255493468,,,,,,,,
left,0.027700000000000002,-0.25655,0.0165592726021706,-0.115726461618846,1.72028744174643e-09,-0.134300206915378,-0.0156662233804558,1.34269721219016e-07,1.19238058315929e-09,-0.381616705441941,-4.26471963852018e-15,0.381616718112118,-3.48041017608506e-14,-0.38161672073476,-0.0337123309439165,-4.93526951178623e-10,0.381616705448711,,,,,,,,
left,0.027700000000000002,-0.22809999999999997,0.0151838747035513,-0.118068705077947,1.72028744174643e-09,-0.134300206915378,-0.0151643549259858,1.07519969905786e-07,1.19238058315929e-09,-0.361038958243871,-3.16815052885699e-15,0.361038971105132,-2.89649930374774e-14,-0.36103897349783,-0.032779417883248,-4.79695432073949e-10,0.3610389582495,,,,,,,,
left,0.027700000000000002,-0.19965,0.0137462838469011,-0.120404846400694,1.72028744174643e-09,-0.134300206915378,-0.0146591469309788,7.78785119430404e-08,1.19238058315929e-09,-0.340258042309955,-2.12166913470144e-15,0.340258055363309,-2.25328419243283e-14,-0.34025805753196,-0.0317220549020651,-4.63930394293984e-10,0.340258042314185,,,,,,,,
left,0.027700000000000002,-0.1712,0.012246132364536,-0.122732340710333,1.72028744174643e-09,-0.134300206915378,-0.0141509810733455,4.51666923098193e-08,1.19238058315929e-09,-0.319279945399915,-1.13858036100908e-15,0.319279958646482,-1.55452341591827e-14,-0.319279960597071,-0.030539734102399,-4.46246031075875e-10,0.31927994540246,,,,,,,,
left,0.027700000000000002,-0.14275,0.0106831486976179,-0.125048631976855,1.72028744174643e-09,-0.134300206915378,-0.013640242768218,9.20364403606729e-09,1.19238058315929e-09,-0.298110599229921,-2.33839440507408e-16,0.29811061267094,-7.89333818485718e-15,-0.298110614409543,-0.0292321550345206,-4.26659670462195e-10,0.298110599230458,,,,,,,,
left,0.027700000000000002,-0.11429999999999998,0.00905715763890051,-0.127351158202069,1.72028744174643e-09,-0.134300206915378,-0.0131273202247525,3.01932510698273e-08,1.19238058315929e-09,-0.276755865719821,5.78824673308444e-16,0.276755879356664,4.06935919887659e-16,-0.276755880889446,-0.0277992170623322,-4.0519154226711e-10,0.276755865717992,,,,,,,,
left,0.027700000000000002,-0.08584999999999998,0.00736808029589686,-0.129637356394808,1.72028744174643e-09,-0.134300206915378,-0.0126126035509318,7.32079202585183e-08,1.19238058315929e-09,-0.255221524824324,1.28784775176651e-15,0.255221538658506,9.41436009172809e-15,-0.255221539991725,-0.0262410111306744,-3.81864540955077e-10,0.255221524819727,,,,,,,,
left,0.027700000000000002,-0.05740000000000001,0.00561593379614889,-0.131904667331679,1.72028744174643e-09,-0.134300206915378,-0.0120964839083458,1.20025154608308e-07,1.19238058315929e-09,-0.233513263885932,1.8757280512998e-15,0.233513277919129,1.91478583774592e-14,-0.233513279059139,-0.0245578110600889,-3.56703989923391e-10,0.233513263878124,,,,,,,,
left,0.027700000000000002,-0.028949999999999976,0.00380083075588773,-0.134150540101596,1.72028744174643e-09,-0.134300206915378,-0.01157935271815,1.70830178479436e-07,1.19238058315929e-09,-0.211636668436499,2.32685327111179e-15,0.211636682670558,2.96538541369765e-14,-0.211636683623813,-0.0227500644869078,-3.29737406771085e-10,0.211636668424987,,,,,,,,
left,0.027700000000000002,-0.0005000000000000004,0.00192297853272987,-0.136372436434724,1.72028744174643e-09,-0.134300206915378,-0.0110616009187023,2.25808204524959e-07,1.20269745551571e-09,-0.189597214366027,2.62663813289363e-15,0.189597228802984,4.09676352110038e-14,-0.189597229576044,-0.0208183835579389,-3.00994274062933e-10,0.189597214350264,,,,,,,,
left,0.027700000000000002,0.027949999999999975,-1.73217177970288e-05,-0.138567834818461,1.72028744174643e-09,-0.134300206915378,-0.0105436182747731,2.85144038976586e-07,1.21349305604035e-09,-0.167400261371684,2.75679289808861e-15,0.16740027601378,5.31234685578201e-14,-0.167400276613317,-0.0187635354797598,-2.70505815099652e-10,0.167400261351069,,,,,,,,
left,0.027700000000000002,0.056400000000000006,-0.00201967616310622,-0.140734234404701,1.72028744174643e-09,-0.134300206915378,-0.0100257927376945,3.49021645642076e-07,1.22428535365149e-09,-0.145051047596522,2.70179248440146e-15,0.145051062446222,6.61565186171107e-14,-0.145051062879026,-0.0165864330130533,-2.38304777692261e-10,0.145051047570389,,,,,,,,
left,0.027700000000000002,0.08484999999999998,-0.00408359957409677,-0.142869158713935,1.72028744174643e-09,-0.134300206915378,-0.00950850985537804,4.17623762722599e-07,1.23506635474335e-09,-0.122554685365794,2.44410499375765e-15,0.122554700425804,8.00993780068232e-14,-0.122554700698796,-0.0142881249927085,-2.04425225957537e-10,0.12255468533341,,,,,,,,
left,0.027700000000000002,0.11330000000000001,-0.00620851674888251,-0.144970159142718,1.72028744174643e-09,-0.134300206915378,-0.00899215223076132,4.91131494425719e-07,1.24582807958795e-09,-0.0999161579288724,1.96329493644387e-15,0.0999161732021644,9.49933619083286e-14,-0.099916173322404,-0.0118697869448234,-1.68902342696903e-10,0.0999161578894337,,,,,,,,
left,0.027700000000000002,0.14175000000000004,-0.00839376406440377,-0.147034818281755,1.72028744174643e-09,-0.134300206915378,-0.00847709902695128,5.69723879358393e-07,1.25656261784624e-09,-0.0771403171161673,1.24545768419175e-15,0.0771403326060005,1.10868242392115e-13,-0.0771403325806985,-0.00933271186241036,-1.31772240699031e-10,0.0771403170687875,,,,,,,,
left,0.027700000000000002,0.17019999999999996,-0.0106385911418363,-0.149060753052333,1.72028744174643e-09,-0.134300206915378,-0.00796372551710454,6.53577501434783e-07,1.2672621146903e-09,-0.0542318818229465,2.72472916370209e-16,0.0542318975328936,1.27765459305364e-13,-0.0542318973694246,-0.00667830119267914,-9.30717857231362e-11,0.0542318817666544,,,,,,,,
left,0.027700000000000002,0.19864999999999994,-0.0129421626129052,-0.15104561766912,1.72028744174643e-09,-0.134300206915378,-0.0074524026769131,7.48704229029949e-07,1.27791892345908e-09,-0.0311954372353511,-9.78473232468471e-16,0.0311954531693255,1.457053566229e-13,-0.031195452875246,-0.00390805608034157,-5.28384300762046e-11,0.0311954371690815,,,,,,,,
left,0.027700000000000002,0.22710000000000002,-0.015303559975376,-0.152987106437455,1.72028744174643e-09,-0.134300206915378,-0.00694349681744633,8.51393159634792e-07,1.28852532810253e-09,-0.00803543471792197,-2.52190453187559e-15,0.00803545088020871,1.64724178182849e-13,-0.00803545046327162,-0.00102356890352424,-1.11100581419471e-11,0.00803543464050801,,,,,,,,
left,0.027700000000000002,0.25555,-0.0177217835271005,-0.154882956393209,1.72028744174643e-09,-0.134300206915378,-0.00643736925602651,9.61415570385947e-07,1.29907386237083e-09,0.0152438077135761,-4.37830415196755e-15,-0.0152437913182862,1.84871691047713e-13,0.0152437918501103,0.00197348486836832,3.20751579822099e-11,-0.0152438078034114,,,,,,,,
left,0.027700000000000002,0.284,-0.020195754369051,-0.156730949793178,1.72028744174643e-09,-0.134300206915378,-0.00593437602278041,1.07902957185769e-06,1.30955703225855e-09,0.0386381044054217,-6.56914401245439e-15,-0.0386380877719947,2.06157514500276e-13,0.0386380884104957,0.00508135447209771,7.66788917560599e-11,-0.0386381045090754,,,,,,,,
left,0.055400000000000005,-0.285,0.0197918276308855,-0.115160668964675,1.72028744174643e-09,-0.134300206915378,-0.0156794053777109,8.01874358548191e-09,1.19238058315929e-09,-0.382156387822067,-2.89155762650242e-16,0.382156400490752,-1.00348639894984e-14,-0.382156403130384,-0.0337352475464237,-4.9320185232472e-10,0.382156387822471,,,,,,,,
left,0.055400000000000005,-0.25655,0.018483465733535,-0.117540188733126,1.72028744174643e-09,-0.134300206915378,-0.0151776301023182,2.36844067302357e-08,1.19238058315929e-09,-0.361584078817487,6.55511479324115e-16,0.361584091677414,-3.06615342332289e-15,-0.361584094087874,-0.0328056065455473,-4.79455880750963e-10,0.361584078816248,,,,,,,,
left,0.055400000000000005,-0.22809999999999997,0.0171127785655724,-0.119915397785533,1.72028744174643e-09,-0.134300206915378,-0.0146725052846926,5.84373975052191e-08,1.19238058315929e-09,-0.340808442643144,1.53561090669776e-15,0.340808455695343,4.52709722198612e-15,-0.340808457882579,-0.0317515318950229,-4.63777315397443e-10,0.340808442639972,,,,,,,,
left,0.055400000000000005,-0.19965,0.0156793255998558,-0.122283762840409,1.72028744174643e-09,-0.134300206915378,-0.0141644124910212,9.64185945498858e-08,1.19238058315929e-09,-0.319835468335825,2.33671591224168e-15,0.319835481581437,1.2758670682728e-14,-0.319835483551491,-0.030572510131619,-4.46180277319052e-10,0.319835468330396,,,,,,,,
left,0.055400000000000005,-0.1712,0.0141827620580772,-0.124642736666304,1.72028744174643e-09,-0.134300206915378,-0.0136537370501986,1.37808383405471e-07,1.19238058315929e-09,-0.298671089273168,3.04845273721607e-15,0.298671102713457,2.16428207305908e-14,-0.29867110447246,-0.0292682354323072,-4.26682028541775e-10,0.298671089265122,,,,,,,,
left,0.055400000000000005,-0.14275,0.0126228393048361,-0.126989763263391,1.72028744174643e-09,-0.134300206915378,-0.0131408671093995,1.82788749495646e-07,1.19238058315929e-09,-0.27732116937842,3.65412283103571e-15,0.277321183014786,3.12149391725331e-14,-0.277321184568962,-0.0278386019971803,-4.05302736770555e-10,0.277321169367357,,,,,,,,
left,0.055400000000000005,-0.11429999999999998,0.010999404955859,-0.129322282843197,1.72028744174643e-09,-0.134300206915378,-0.0126261927375864,2.31542791948608e-07,1.19238058315929e-09,-0.255791490910601,4.13796050843929e-15,0.25579150474459,4.15475817073296e-14,-0.255791506100258,-0.0262836958308814,-3.8206524014837e-10,0.255791490896078,,,,,,,,
left,0.055400000000000005,-0.08584999999999998,0.00931240272191589,-0.131637736601184,1.72028744174643e-09,-0.134300206915378,-0.012110105078954,2.84254325443175e-07,1.19238058315929e-09,-0.234087743778225,4.48685347755944e-15,0.234087757811545,5.26405519608735e-14,-0.234087758975123,-0.0246037860482737,-3.56994810625174e-10,0.234087743759751,,,,,,,,
left,0.055400000000000005,-0.05740000000000001,0.0075618720096758,-0.133933571279798,1.72028744174643e-09,-0.134300206915378,-0.0115929955575294,3.41107439738516e-07,1.19238058315929e-09,-0.212215516303673,4.68461555184836e-15,0.21221553053821,6.45374206217621e-14,-0.212215531516217,-0.0227993158224367,-3.30118919656052e-10,0.212215516280707,,,,,,,,
left,0.055400000000000005,-0.028949999999999976,0.00574794730017536,-0.136207243521951,1.72028744174643e-09,-0.134300206915378,-0.0110752551334458,4.02286064071821e-07,1.20241284984335e-09,-0.190180287357052,4.71463121705728e-15,0.190180301794882,7.7280893741269e-14,-0.190180302593945,-0.0208708930844944,-3.01467008318672e-10,0.190180287328996,,,,,,,,
left,0.055400000000000005,-0.0005000000000000004,0.0038708573247816,-0.138456224016982,1.72028744174643e-09,-0.134300206915378,-0.0105572736107983,4.6797355675102e-07,1.21320842261241e-09,-0.167987419772611,4.55978921779824e-15,0.167987434416022,9.08997168263739e-14,-0.167987435042883,-0.0188192810755386,-2.71070263349902e-10,0.167987419738808,,,,,,,,
left,0.055400000000000005,0.027949999999999975,0.00193092405757994,-0.140678001442775,1.72028744174643e-09,-0.134300206915378,-0.0100394389964632,5.3835229911327e-07,1.22400097002373e-09,-0.145642154957274,4.20284282462325e-15,0.14564216980878,1.0542802628845e-13,-0.145642170270304,-0.0166453888413324,-2.3896140051979e-10,0.145642154917001,,,,,,,,
left,0.055400000000000005,0.056400000000000006,-7.14384579527635e-05,-0.142870086209071,1.72028744174643e-09,-0.134300206915378,-0.00952213690881768,6.13603296214026e-07,1.23478235969365e-09,-0.123149608599207,3.6262721874755e-15,0.123149623661571,1.20902211127384e-13,-0.123149623964753,-0.0143502617507779,-2.05174456447805e-10,0.123149608551671,,,,,,,,
left,0.055400000000000005,0.08484999999999998,-0.0021357254312741,-0.145030014008011,1.72028744174643e-09,-0.134300206915378,-0.00900575003493109,6.93905774476389e-07,1.24554469516092e-09,-0.100514767384401,2.81227993725506e-15,0.100514782660657,1.37365135707056e-13,-0.100514782812636,-0.0119350721095294,-1.69744590068981e-10,0.100514767328731,,,,,,,,
left,0.055400000000000005,0.11330000000000001,-0.00426134278057514,-0.147155349178727,1.72028744174643e-09,-0.134300206915378,-0.00849065763450161,7.79436779853356e-07,1.2562800244531e-09,-0.0777424866306107,1.74367168678933e-15,0.0777425021240846,1.54834827205264e-13,-0.0777425021321532,-0.00940110993079782,-1.32707894524524e-10,0.0777424865658507,,,,,,,,
left,0.055400000000000005,0.14175000000000004,-0.00644760870772398,-0.149243687893309,1.72028744174643e-09,-0.134300206915378,-0.00797723508858414,8.70370746901822e-07,1.26698057600905e-09,-0.0548374887504767,4.02012159491432e-16,0.0548375044648158,1.73370045020591e-13,-0.0548375043364358,-0.00674977391644979,-9.41012196803467e-11,0.0548374886755817,,,,,,,,
left,0.055400000000000005,0.17019999999999996,-0.00869375537921723,-0.151292661171783,1.72028744174643e-09,-0.134300206915378,-0.00746585349098126,9.7426861394435e-07,1.27763857826757e-09,-0.0318043624590353,-1.23130434022087e-15,0.0318043783982349,1.92970844207346e-13,-0.031804378141052,-0.00398256269305949,-5.39620048404999e-11,0.0318043623728616,,,,,,,,
left,0.055400000000000005,0.19864999999999994,-0.010998930701157,-0.153299937733917,1.72028744174643e-09,-0.134300206915378,-0.00695687928005119,1.08630508286845e-06,1.28824644007874e-09,-0.00864756264479742,-3.17289745531127e-15,0.00864757881323323,2.13681899502031e-13,-0.00864757843509512,-0.00110106633969997,-1.23281241277875e-11,0.00864756254609463,,,,,,,,
left,0.055400000000000005,0.22710000000000002,-0.0133622001773865,-0.155263226695627,1.72028744174643e-09,-0.134300206915378,-0.00645067390861084,1.20589126239443e-06,1.29879654253706e-09,0.0146285891719164,-5.44568488090153e-15,-0.0146285727694543,2.3554444050291e-13,0.0146285732604775,0.00189304176300053,3.07622574373803e-11,-0.0146285892845146,,,,,,,,
left,0.055400000000000005,0.25555,-0.0157825488409714,-0.157180280117685,1.72028744174643e-09,-0.134300206915378,-0.00594759354957751,1.33328204495763e-06,1.30928157204835e-09,0.0380199038649195,-8.06806165325946e-15,-0.0380198872231878,2.58600574737518e-13,0.0380198878187809,0.00499801273963027,7.52708161934304e-11,-0.0380199039929048,,,,,,,,
left,0.055400000000000005,0.284,-0.0182588832502075,-0.159048895414192,1.72028744174643e-09,-0.134300206915378,-0.00544798883498973,1.46872900694625e-06,1.31969415950728e-09,0.0615223232789414,-1.10595730328966e-14,-0.0615223063922009,2.8283698761435e-13,0.0615223070837786,0.00821202966565718,1.2115919361198e-10,-0.0615223234239422,,,,,,,,
left,0.08310000000000001,-0.285,0.0217653599089276,-0.116919531877021,1.72028744174643e-09,-0.134300206915378,-0.0151909029473882,1.5386363846011e-07,1.19238058315929e-09,-0.362129057955998,4.4629473888394e-15,0.36212907081456,2.2914316240434e-14,-0.362129073242667,-0.0328317087084559,-4.79011273460816e-10,0.362129057947959,,,,,,,,
left,0.08310000000000001,-0.25655,0.0204626359065664,-0.119331893187714,1.72028744174643e-09,-0.134300206915378,-0.014685861572209,1.93683800665317e-07,1.19238058315929e-09,-0.341358705696534,5.17854487205386e-15,0.341358718747544,3.16731972281005e-14,-0.341358720953243,-0.0317809220308057,-4.63417996658265e-10,0.341358705686032,,,,,,,,
left,0.08310000000000001,-0.22809999999999997,0.0190969928679729,-0.121739218184293,1.72028744174643e-09,-0.134300206915378,-0.0141778421101739,2.36888981397036e-07,1.19238058315929e-09,-0.320390858108188,5.80461898089378e-15,0.320390871352809,4.10716954147126e-14,-0.320390873342195,-0.03060519909013,-4.45907084758409e-10,0.320390858094863,,,,,,,,
left,0.08310000000000001,-0.19965,0.0176680130767093,-0.124138970531977,1.72028744174643e-09,-0.134300206915378,-0.0136672298032838,2.83659104268493e-07,1.19238058315929e-09,-0.29923145022048,6.32386763329818e-15,0.299231463660001,5.11762310591958e-14,-0.299231465439261,-0.0293042286847988,-4.26495732843617e-10,0.299231450203935,,,,,,,,
left,0.08310000000000001,-0.1712,0.0161753746691769,-0.12652860233437,1.72028744174643e-09,-0.134300206915378,-0.0131544127361093,3.34175510843064e-07,1.19238058315929e-09,-0.277886347951576,6.72145994739744e-15,0.277886361587422,6.2045016119752e-14,-0.277886363162839,-0.0278778998453742,-4.0520404845625e-10,0.27788634793137,,,,,,,,
left,0.08310000000000001,-0.14275,0.0146188518881203,-0.12890555911347,1.72028744174643e-09,-0.134300206915378,-0.0126397809380043,3.88620510111286e-07,1.19238058315929e-09,-0.256361335857384,6.98339466486654e-15,0.256361349691133,7.36793250784853e-14,-0.256361351069087,-0.0263262936302519,-3.82054813316327e-10,0.256361335833032,,,,,,,,
left,0.08310000000000001,-0.11429999999999998,0.0129983150656284,-0.131267284590071,1.72028744174643e-09,-0.134300206915378,-0.0121237255352163,4.47176966558646e-07,1.19238058315929e-09,-0.234662106406018,7.09611701083107e-15,0.234662120439411,8.61124436717655e-14,-0.234662121626381,-0.0246496744423175,-3.57073248502793e-10,0.234662106376983,,,,,,,,
left,0.08310000000000001,-0.08584999999999998,0.0113137303568141,-0.133611225261472,1.72028744174643e-09,-0.134300206915378,-0.0116066379541277,5.10027870016715e-07,1.19238058315929e-09,-0.21279425070493,7.04283245610468e-15,0.212794264939889,9.93886699506211e-14,-0.212794265942459,-0.0228484809849289,-3.30286779600585e-10,0.212794250670623,,,,,,,,
left,0.08310000000000001,-0.05740000000000001,0.00956515924485001,-0.13593483477585,1.72028744174643e-09,-0.134300206915378,-0.0110889091761661,5.77355887981997e-07,1.20212828580435e-09,-0.190763250599764,6.80433907620198e-15,0.190763265038406,1.13537353407884e-13,-0.190763265863272,-0.0209233169669543,-3.01724806900196e-10,0.190763250559536,,,,,,,,
left,0.08310000000000001,-0.028949999999999976,0.00775275783731458,-0.138235578104745,1.72028744174643e-09,-0.134300206915378,-0.0105709290443069,6.49342991447595e-07,1.21292384469562e-09,-0.168574472058115,6.36640643930997e-15,0.168574486702773,1.28598879638925e-13,-0.168574487356745,-0.018874941657389,-2.71418480978207e-10,0.168574472011255,,,,,,,,
left,0.08310000000000001,-0.0005000000000000004,0.00587677597289967,-0.140510935516755,1.72028744174643e-09,-0.134300206915378,-0.0100530856205599,7.2617002159681e-07,1.22371651700703e-09,-0.146233159747807,5.71028567310493e-15,0.146233174601046,1.44607879907203e-13,-0.146233175091061,-0.0167042603804831,-2.39400486153488e-10,0.146233159693535,,,,,,,,
left,0.08310000000000001,0.027949999999999975,0.00393755615650006,-0.142758406356959,1.72028744174643e-09,-0.134300206915378,-0.0095357645933916,8.08016284694851e-07,1.23449833688838e-09,-0.12374443271765,4.81952595972311e-15,0.123744447782288,1.61597023334792e-13,-0.123744448115417,-0.0144123150326258,-2.05704831802563e-10,0.123744432655111,,,,,,,,
left,0.08310000000000001,0.056400000000000006,0.00193553233959188,-0.144975512637615,1.72028744174643e-09,-0.134300206915378,-0.00901934873365903,8.95059202096775e-07,1.2452612829783e-09,-0.101113281088623,3.67529425601022e-15,0.101113296367754,1.7960121953514e-13,-0.101113296551213,-0.0120002746926112,-1.70366653941307e-10,0.10111328101688,,,,,,,,
left,0.08310000000000001,0.08484999999999998,-0.000128771438359484,-0.147159802446497,1.72028744174643e-09,-0.134300206915378,-0.00850421739733878,9.87473849399286e-07,1.25599744493776e-09,-0.0783445636647664,2.25851855646657e-15,0.0783445791617831,1.98652007860091e-13,-0.0783445792029477,-0.00946942638757981,-1.3342202650867e-10,0.0783445635827973,,,,,,,,
left,0.08310000000000001,0.11330000000000001,-0.00225474253290619,-0.149308853179782,1.72028744174643e-09,-0.134300206915378,-0.00799074607310076,1.08543258482962e-06,1.26669896793885e-09,-0.0554430063755581,5.53000482282179e-16,0.0554430220941814,2.18797948120893e-13,-0.0554430220005978,-0.00682116606796376,-9.4907783259471e-11,0.0554430062822434,,,,,,,,
left,0.08310000000000001,0.14175000000000004,-0.00444168128866337,-0.151420274606771,1.72028744174643e-09,-0.134300206915378,-0.00747930597260306,1.19793110762812e-06,1.27735821919828e-09,-0.032413201464851,-1.45921993413307e-15,0.0324132174091577,2.40049081754897e-13,-0.0324132171885606,-0.00405698983631127,-5.48613515803178e-11,0.0324132013589694,,,,,,,,
left,0.08310000000000001,0.17019999999999996,-0.00668880273217152,-0.153491711773884,1.72028744174643e-09,-0.134300206915378,-0.00697026366126415,1.31924145615925e-06,1.28796749654381e-09,-0.00925960734545836,-3.80076562481608e-15,0.00925962351991302,2.62434833721785e-13,-0.00925962318024482,-0.00117848546697868,-1.33205962413908e-11,0.00925960722567658,,,,,,,,
left,0.08310000000000001,0.19864999999999994,-0.00899523835246718,-0.155520847755444,1.72028744174643e-09,-0.134300206915378,-0.00646398072719181,1.4483167600121e-06,1.29851923658109e-09,0.0140134509570526,-6.48645786973221e-15,-0.0140134345475615,2.86012679039066e-13,0.0140134349981326,0.00181267575360657,2.96763241283647e-11,-0.0140134510921892,,,,,,,,
left,0.08310000000000001,0.22710000000000002,-0.0113600379593136,-0.157505406258642,1.72028744174643e-09,-0.134300206915378,-0.00596081348591321,1.58540878946325e-06,1.30900602857142e-09,0.0374017808430286,-9.53960014260974e-15,-0.0374017641931498,3.10782999915331e-13,0.0374017647462046,0.00491474684303211,7.40910903522359e-11,-0.0374017809951057,,,,,,,,
left,0.08310000000000001,0.25555,-0.0137821716100419,-0.159443154089926,1.72028744174643e-09,-0.134300206915378,-0.00546111271854606,1.730765589162e-06,1.31942060055401e-09,0.0609013207265411,-1.29687838986109e-14,-0.0609013038304164,3.36816384235216e-13,0.0609013044772596,0.00812591257825507,1.19885344782956e-10,-0.060901320897287,,,,,,,,
left,0.08310000000000001,0.284,-0.0162605315968868,-0.161331903489793,1.72028744174643e-09,-0.134300206915378,-0.00496522344107652,1.88463125780114e-06,1.32975570832361e-09,0.0845081382340179,-1.68055785217603e-14,-0.0845081210852337,3.64090158277002e-13,0.0845081218168632,0.0114442965784841,1.67020802395948e-10,-0.0845081384253163,,,,,,,,
left,0.11080000000000001,-0.285,0.023793230049258,-0.118654880703654,1.72028744174643e-09,-0.134300206915378,-0.0146992157865467,3.27876139992377e-07,1.19238058315929e-09,-0.341908831362829,8.81310892961966e-15,0.341908844412617,5.88509660650904e-14,-0.341908846636658,-0.0318102253171004,-4.62853204030335e-10,0.341908831345068,,,,,,,,
left,0.11080000000000001,-0.25655,0.0224964536228143,-0.121099224677484,1.72028744174643e-09,-0.134300206915378,-0.0141912699237633,3.76260225879281e-07,1.19238058315929e-09,-0.32094611461093,9.25864927663904e-15,0.320946127854524,6.94511016412209e-14,-0.320946129863111,-0.0306378009818976,-4.45427238676536e-10,0.320946114589786,,,,,,,,
left,0.11080000000000001,-0.22809999999999997,0.0211361666414527,-0.123537819844477,1.72028744174643e-09,-0.134300206915378,-0.0136807210203914,4.28364579529415e-07,1.19238058315929e-09,-0.299791681967247,9.5907061644873e-15,0.29979169540596,8.07686631562795e-14,-0.299791697205337,-0.0293401347923852,-4.26101589504508e-10,0.299791681942286,,,,,,,,
left,0.11080000000000001,-0.19965,0.019711974273698,-0.125968128510193,1.72028744174643e-09,-0.134300206915378,-0.0131679570977734,4.84369917459222e-07,1.19238058315929e-09,-0.278451401336349,9.78433759936013e-15,0.278451414971634,9.28880323968925e-14,-0.278451416568141,-0.0279171106038846,-4.04896302958548e-10,0.27845140130709,,,,,,,,
left,0.11080000000000001,-0.1712,0.018223577568582,-0.128387603610712,1.72028744174643e-09,-0.134300206915378,-0.0126533681450662,5.44457777380377e-07,1.19238058315929e-09,-0.25693105956359,9.82695678853727e-15,0.256931073397052,1.05790057686442e-13,-0.256931074797129,-0.0263688045225,-3.81834105484877e-10,0.256931059529504,,,,,,,,
left,0.11080000000000001,-0.14275,0.016670773578054,-0.130793693496794,1.72028744174643e-09,-0.134300206915378,-0.0121373452700164,6.0881008406195e-07,1.19238058315929e-09,-0.23523635167024,9.70437099111333e-15,0.235236365703655,1.19568353468823e-13,-0.235236366913843,-0.0246954762328483,-3.56940167828165e-10,0.235236351630747,,,,,,,,
left,0.11080000000000001,-0.11429999999999998,0.0150534552239972,-0.13318384652239,1.72028744174643e-09,-0.134300206915378,-0.0116202799008443,6.77608742628343e-07,1.19238058315929e-09,-0.21337287154334,9.39933330614319e-15,0.213372885778665,1.34199157340092e-13,-0.213372886805613,-0.0228975599620979,-3.30241870260665e-10,0.213372871497802,,,,,,,,
left,0.11080000000000001,-0.08584999999999998,0.0133716109305233,-0.135555515436244,1.72028744174643e-09,-0.134300206915378,-0.011102563039791,7.51035221213236e-07,1.20184369400977e-09,-0.191346103999483,8.89548605957725e-15,0.191346118438877,1.49740081023557e-13,-0.191346119289346,-0.0209756551902922,-3.01768572701441e-10,0.191346103947202,,,,,,,,
left,0.11080000000000001,-0.05740000000000001,0.0116253240415482,-0.137906161577392,1.72028744174643e-09,-0.134300206915378,-0.0105845845682657,8.2927011500881e-07,1.21263922514547e-09,-0.16916141813585,8.17615248837461e-15,0.169161432781689,1.66232778222265e-13,-0.16916143346256,-0.0189305172077187,-2.71551389931748e-10,0.16916141807606,,,,,,,,
left,0.11080000000000001,-0.028949999999999976,0.00981477204280311,-0.140233258877143,1.72028744174643e-09,-0.134300206915378,-0.010066732603001,9.12492770286266e-07,1.22343209174591e-09,-0.146824061878174,7.22564748231497e-15,0.146824076733074,1.83704446351729e-13,-0.146824077251354,-0.016763047610521,-2.39622975348272e-10,0.14682406181004,,,,,,,,
left,0.11080000000000001,-0.0005000000000000004,0.00794022560645012,-0.142534297671467,1.72028744174643e-09,-0.134300206915378,-0.00954939290217506,1.00088086657907e-06,1.2342143140831e-09,-0.124339157633625,6.02222067402557e-15,0.124339172700457,2.02193412796317e-13,-0.124339173063292,-0.0144742848160455,-2.06017311651589e-10,0.12433915755623,,,,,,,,
left,0.11080000000000001,0.027949999999999975,0.00600204747538264,-0.144806788328891,1.72028744174643e-09,-0.134300206915378,-0.00903294832008779,1.09461003769043e-06,1.24497784304012e-09,-0.101711698956517,4.5496275494842e-15,0.101711714238434,2.21726912915937e-13,-0.101711714453118,-0.0120653946698076,-1.70769512440976e-10,0.10171169886886,,,,,,,,
left,0.11080000000000001,0.056400000000000006,0.0040006912031535,-0.147048264699773,1.72028744174643e-09,-0.134300206915378,-0.0085177783086805,1.19385346082971e-06,1.25571478215569e-09,-0.0789465481361078,2.78923129907507e-15,0.0789465636365709,2.42341089361188e-13,-0.0789465637105588,-0.00953766120660303,-1.33915632633103e-10,0.0789465480370987,,,,,,,,
left,0.11080000000000001,0.08484999999999998,0.00193669976430387,-0.149256287393472,1.72028744174643e-09,-0.134300206915378,-0.00800425846395421,1.29878145561341e-06,1.26641735986865e-09,-0.056048434618163,7.22687133011947e-16,0.0560484503409648,2.64072092567549e-13,-0.0560484502818881,-0.00689247761933329,-9.54924910506341e-11,0.05604843450661,,,,,,,,
left,0.11080000000000001,0.11330000000000001,-0.000189295951305398,-0.151428446890299,1.72028744174643e-09,-0.134300206915378,-0.00749276011516667,1.41971144225002e-06,1.27707779074004e-09,-0.0330219541752621,-1.66634242166485e-15,0.0330219701245593,2.86940560718784e-13,-0.0330219699402418,-0.00413133748062747,-5.55375031657794e-11,0.0330219540498668,,,,,,,,
left,0.11080000000000001,0.14175000000000004,-0.00237657874770509,-0.153562366495358,1.72028744174643e-09,-0.134300206915378,-0.00698364995456727,1.55022222431671e-06,1.28768848361993e-09,-0.00987156874484516,-4.40058246665591e-15,0.00987158492519035,3.11003713960372e-13,-0.00987158462366623,-0.0012558262544546,-1.40885250189046e-11,0.00987156860419172,,,,,,,,
left,0.11080000000000001,0.17019999999999996,-0.00462434682423226,-0.155655705141469,1.72028744174643e-09,-0.134300206915378,-0.00647728970535025,1.68871218618851e-06,1.29824184735838e-09,0.0133983931415947,-7.49788857289898e-15,-0.0133983767252161,3.36268481490443e-13,0.0133983771356805,0.00173238687238912,2.88162906292575e-11,-0.0133983932990477,,,,,,,,
left,0.11080000000000001,0.19864999999999994,-0.00693171555887046,-0.157706160048297,1.72028744174643e-09,-0.134300206915378,-0.00597403582547156,1.83543007092712e-06,1.30873051285008e-09,0.0367837354099408,-1.09674381492342e-14,-0.0367837187520707,3.62772423483612e-13,0.0367837192629534,0.00483155681566964,7.31386285631585e-11,-0.0367837355858723,,,,,,,,
left,0.11080000000000001,0.22710000000000002,-0.009297719364244,-0.159711469244674,1.72028744174643e-09,-0.134300206915378,-0.0054742392449685,1.9906204696868e-06,1.31914705547853e-09,0.0602803930423425,-1.48426223875478e-14,-0.0602803761370052,3.90530550920819e-13,0.0602803767395013,0.00803987005875354,1.18840132429244e-10,-0.0602803932385798,,,,,,,,
left,0.11080000000000001,0.25555,-0.0117213136079352,-0.161669413960876,1.72028744174643e-09,-0.134300206915378,-0.00497824513444739,2.15452369600962e-06,1.3294843559386e-09,0.0838844302853555,-1.91343082946508e-14,-0.083884413126008,4.19615558307205e-13,0.0838844138110006,0.0113554517454187,1.65882515602237e-10,-0.0838844305038879,,,,,,,,
left,0.11080000000000001,0.284,-0.0142013765896665,-0.163577820897338,1.72028744174643e-09,-0.134300206915378,-0.00448639270244971,2.3273754058575e-06,1.33973532268072e-09,0.107592038524134,-2.38615281746803e-14,-0.10759202110361,4.50001133818511e-13,0.107592021861635,0.0147763723933121,2.14227664158792e-10,-0.107592038767127,,,,,,,,
left,0.1385,-0.285,0.0258750441544915,-0.12036437507253,1.72028744174643e-09,-0.134300206915378,-0.0142046959247509,5.1454816676352e-07,1.19238058315929e-09,-0.321501237737951,1.2707924123161e-14,0.321501250980483,9.7892649495463e-14,-0.321501253008143,-0.0306703158109828,-4.44741501679443e-10,0.321501237709064,,,,,,,,
left,0.1385,-0.25655,0.0245845036164836,-0.122839847254748,1.72028744174643e-09,-0.134300206915378,-0.0136942106944402,5.71940958204622e-07,1.19238058315929e-09,-0.300351784408822,1.28453995925231e-14,0.300351797846689,1.10405255517305e-13,-0.300351799666045,-0.0293759537555481,-4.25500379991787e-10,0.300351784375526,,,,,,,,
left,0.1385,-0.22809999999999997,0.0232298637329556,-0.125308872824364,1.72028744174643e-09,-0.134300206915378,-0.0131815001872843,6.33388435825894e-07,1.19238058315929e-09,-0.279016329429763,1.28357946692129e-14,0.279016343064444,1.23758842027875e-13,-0.279016344681893,-0.0279562342697692,-4.04380301220278e-10,0.279016329391538,,,,,,,,
left,0.1385,-0.19965,0.0218107525988209,-0.127768914229235,1.72028744174643e-09,-0.134300206915378,-0.0126669543516529,6.99071365086472e-07,1.19238058315929e-09,-0.257500661928093,1.26605818859903e-14,0.257500675761222,1.37955940804551e-13,-0.257500677183263,-0.026411228501424,-3.81403936803957e-10,0.257500661884368,,,,,,,,
left,0.1385,-0.1712,0.0203268941448044,-0.13021742655115,1.72028744174643e-09,-0.134300206915378,-0.0121509642762377,7.69170750435369e-07,1.19238058315929e-09,-0.235810479471774,1.23083297000249e-14,0.23581049350516,1.53012285313173e-13,-0.235810494738397,-0.0247411914105726,-3.56596408062976e-10,0.235810479421925,,,,,,,,
left,0.1385,-0.14275,0.0187781081382015,-0.132651862101268,1.72028744174643e-09,-0.134300206915378,-0.0116339213905787,8.43867442976092e-07,1.19238058315929e-09,-0.213951378721928,1.17543902644673e-14,0.213951392957565,1.68991546167078e-13,-0.213951394008708,-0.0229465527417322,-3.29985050044353e-10,0.21395137866527,,,,,,,,
left,0.1385,-0.11429999999999998,0.0171643099430135,-0.135069674825242,1.72028744174643e-09,-0.134300206915378,-0.0111162167172477,9.23341710842815e-07,1.20155915772635e-09,-0.191928847461482,1.09898143909729e-14,0.191928861901568,1.85903343847722e-13,-0.191928862777445,-0.0210279077395519,-3.01599182739789e-10,0.191928847397266,,,,,,,,
left,0.1385,-0.08584999999999998,0.0154855100594974,-0.137468324518232,1.72028744174643e-09,-0.134300206915378,-0.0105982401756411,1.0077728316167e-06,1.21235461947311e-09,-0.169748257913424,9.99300897175421e-15,0.16974827256038,2.03811130174346e-13,-0.16974827326794,-0.0189860077090018,-2.71469885898003e-10,0.169748257840833,,,,,,,,
left,0.1385,-0.05740000000000001,0.0137418134623722,-0.139845280851814,1.72028744174643e-09,-0.134300206915378,-0.0100803799368021,1.09733868353514e-06,1.22314768036258e-09,-0.147414861258388,8.74745574381685e-15,0.147414876114876,2.22732539831048e-13,-0.147414876661198,-0.0168217505115231,-2.39629782307251e-10,0.147414861176527,,,,,,,,
left,0.1385,-0.028949999999999976,0.0119334187559769,-0.142198027216182,1.72028744174643e-09,-0.134300206915378,-0.00956302182824237,1.19221535883894e-06,1.23393023576668e-09,-0.124933783259592,7.23391037859456e-15,0.124933798328538,2.42700312167667e-13,-0.124933798720841,-0.0145361710788888,-2.06112828565948e-10,0.124933783167486,,,,,,,,
left,0.1385,-0.0005000000000000004,0.0100606171636259,-0.144524064382227,1.72028744174643e-09,-0.134300206915378,-0.0090465487873589,1.29257676305001e-06,1.24469436146857e-09,-0.102310020903023,5.4361817844498e-15,0.102310036187641,2.63749273960577e-13,-0.102310036433296,-0.0121304320169112,-1.70954116086724e-10,0.102310020799609,,,,,,,,
left,0.1385,0.027949999999999975,0.00812379136729108,-0.146820913988916,1.72028744174643e-09,-0.134300206915378,-0.00853134036174332,1.39859421692709e-06,1.25543216100699e-09,-0.0795484399620744,3.33468282026951e-15,0.0795484554658887,2.85908492272108e-13,-0.0795484555724308,-0.00960581436176498,-1.34189681747272e-10,0.0795484398461932,,,,,,,,
left,0.1385,0.056400000000000006,0.00612341421258754,-0.14908612186205,1.72028744174643e-09,-0.134300206915378,-0.00801777225444293,1.51043606180727e-06,1.26613572404288e-09,-0.0566537733982323,9.10813138679662e-16,0.0566537891251077,3.09217689824469e-13,-0.0566537891002522,-0.00696370854271827,-9.58563296819784e-11,0.0566537732686206,,,,,,,,
left,0.1385,0.08484999999999998,0.00406004729288254,-0.151317261170906,1.72028744174643e-09,-0.134300206915378,-0.00750621591205869,1.63962967287831e-06,1.2767973761596e-09,-0.0336306205127067,-1.85313699722578e-15,0.0336306364668788,3.33704091201079e-13,-0.0336306363185368,-0.00420560559658242,-5.59914640843983e-11,0.0336306203679895,,,,,,,,
left,0.1385,0.11330000000000001,0.00193433942520277,-0.153511935429518,1.72028744174643e-09,-0.134300206915378,-0.0069970381534409,1.77926762215561e-06,1.28740944294048e-09,-0.0104834467678722,-4.97517272223909e-15,0.0104834629539807,3.59396639118301e-13,-0.0104834626902785,-0.00133308867126221,-1.46329322918404e-11,0.0104834466065527,,,,,,,,
left,0.1385,0.14175000000000004,-0.000252974970496113,-0.15566778134947,1.72028744174643e-09,-0.134300206915378,-0.00649060083666529,1.92709791904516e-06,1.29796443038011e-09,0.0127834157981771,-8.47432211769438e-15,-0.0127833993750509,3.86336577679402e-13,0.01278339974575,0.00165217515151363,2.81811184532784e-11,-0.0127834159777269,,,,,,,,
left,0.1385,0.17019999999999996,-0.00250107757819995,-0.157782471551036,1.72028744174643e-09,-0.134300206915378,-0.00598726056193474,2.08336638773097e-06,1.30845485835085e-09,0.0361657676358735,-1.23698194845254e-14,-0.0361657509701661,4.14534600817674e-13,0.036165751439238,0.00474844269087611,7.24123751833813e-11,-0.0361657678354246,,,,,,,,
left,0.1385,0.19864999999999994,-0.00480906796935863,-0.159853717139407,1.72028744174643e-09,-0.134300206915378,-0.00548736840804615,2.24831432208967e-06,1.31887341325854e-09,0.0596595402941822,-1.66789197554367e-14,-0.0596595233798018,4.44031129279474e-13,0.0596595239383345,0.00795390214152732,1.18022482912058e-10,-0.0596595405156598,,,,,,,,
left,0.1385,0.22710000000000002,-0.00717596545452191,-0.161879270152541,1.72028744174643e-09,-0.134300206915378,-0.00499126970008597,2.42217824335638e-06,1.3292128925313e-09,0.0832607946382983,-2.14246053131233e-14,-0.0832607774685744,4.74870128483521e-13,0.0832607781073361,0.0112666801764772,1.64973154177835e-10,-0.0832607948837964,,,,,,,,
left,0.1385,0.25555,-0.00960071099543113,-0.16385692588689,1.72028744174643e-09,-0.134300206915378,-0.00449930380606411,2.60518971907593e-06,1.33946626013071e-09,0.106965718731953,-2.66204454644107e-14,-0.106965701299579,5.07054336441159e-13,0.106965702008984,0.0146848486705565,2.13226271380627e-10,-0.106965719003749,,,,,,,,
left,0.1385,0.284,-0.0120821691707234,-0.165784525107005,1.72028744174643e-09,-0.134300206915378,-0.00401180396026063,2.7975748346513e-06,1.34962650777393e-09,0.130770625436357,-3.22906484515409e-14,-0.130770607733325,5.40568507775124e-13,0.130770608503392,0.0182064310416267,2.62743978964153e-10,-0.130770625736926,,,,,,,,
left,0.16620000000000001,-0.285,0.0280103229736288,-0.122045691280509,1.72028744174643e-09,-0.134300206915378,-0.0137076988183504,7.14404501471919e-07,1.19238058315929e-09,-0.300911757440533,1.60942967816187e-14,0.300911770877516,1.40128423583439e-13,-0.300911772716714,-0.0294116855748621,-4.24692863830028e-10,0.300911757398983,,,,,,,,
left,0.16620000000000001,-0.25655,0.0267262859103512,-0.124551443759689,1.72028744174643e-09,-0.134300206915378,-0.013195041997535,7.81247603283054e-07,1.19238058315929e-09,-0.279581132128803,1.5883922768548e-14,0.279581145762838,1.54687196809077e-13,-0.279581147401082,-0.0279952708401745,-4.0365682138129e-10,0.279581132081698,,,,,,,,
left,0.16620000000000001,-0.22809999999999997,0.0253775639266275,-0.127050067889381,1.72028744174643e-09,-0.134300206915378,-0.0126805395506458,8.52478117734913e-07,1.19238058315929e-09,-0.258070142849723,1.54923081839451e-14,0.258070156682475,1.70143695059097e-13,-0.258070158126323,-0.0264535655609056,-3.80765104549602e-10,0.258070142796453,,,,,,,,
left,0.16620000000000001,-0.19965,0.0239638080511258,-0.129539027578163,1.72028744174643e-09,-0.134300206915378,-0.0121645825467639,9.28276126093154e-07,1.19238058315929e-09,-0.236384489711457,1.4910771627573e-14,0.236384503744766,1.86476577106412e-13,-0.23638450500088,-0.024786819966277,-3.56042784583713e-10,0.236384489651352,,,,,,,,
left,0.16620000000000001,-0.1712,0.0224847650354529,-0.132015781191975,1.72028744174643e-09,-0.134300206915378,-0.0116475624162297,1.00882143308888e-06,1.19238058315929e-09,-0.214529772143668,1.41102411629382e-14,0.214529786379564,2.03783146076053e-13,-0.21452978745472,-0.0229954593116946,-3.29517152787637e-10,0.214529772075998,,,,,,,,
left,0.16620000000000001,-0.14275,0.0209402772426072,-0.134477785969048,1.72028744174643e-09,-0.134300206915378,-0.0111298702014626,1.09429312704412e-06,1.20127460756514e-09,-0.192511480890986,1.30862260191537e-14,0.192511495331705,2.22068073280009e-13,-0.192511496232797,-0.0210800745998478,-3.01217489266396e-10,0.192511480814952,,,,,,,,
left,0.16620000000000001,-0.11429999999999998,0.0193302823091459,-0.136922502250895,1.72028744174643e-09,-0.134300206915378,-0.0106118958593984,1.18486917904125e-06,1.21207001380075e-09,-0.1703349912984,1.18129315005832e-14,0.170335005946407,2.41361567553617e-13,-0.17033500668045,-0.0190414131437787,-2.71174839409746e-10,0.170334991213131,,,,,,,,
left,0.16620000000000001,-0.08584999999999998,0.0176548126003789,-0.139347397530776,1.72028744174643e-09,-0.134300206915378,-0.0100940276149778,1.28072604647346e-06,1.22286324122367e-09,-0.148005557798413,1.02762770364557e-14,0.148005572656419,2.61701054355819e-13,-0.148005573230562,-0.0168803690636291,-2.39421795756741e-10,0.148005557702959,,,,,,,,
left,0.16620000000000001,-0.05740000000000001,0.0159139944769962,-0.141749950322516,1.72028744174643e-09,-0.134300206915378,-0.00957665136466665,1.38203826809099e-06,1.23364618520583e-09,-0.125528309507968,8.45636384740526e-15,0.125528324578951,2.83132037903522e-13,-0.125528325000487,-0.0145979737990651,-2.05992289090741e-10,0.125528309401296,,,,,,,,
left,0.16620000000000001,-0.028949999999999976,0.0141080473905245,-0.144127653853732,1.72028744174643e-09,-0.134300206915378,-0.00906015012861262,1.48897806409958e-06,1.24441089377481e-09,-0.102908246843044,6.335856234472e-15,0.102908262130277,3.05671364261425e-13,-0.102908262406653,-0.0121953867097701,-1.70921389571506e-10,0.102908246724027,,,,,,,,
left,0.16620000000000001,-0.0005000000000000004,0.0122372828239143,-0.146478019588438,1.72028744174643e-09,-0.134300206915378,-0.0085449035497423,1.60171495659601e-06,1.25514944271377e-09,-0.0801502390600699,3.89535614949187e-15,0.080150254567141,3.29362634183385e-13,-0.0801502547059719,-0.00967388582701362,-1.3424511605498e-10,0.0801502389274814,,,,,,,,
left,0.16620000000000001,0.027949999999999975,0.0103021030924274,-0.148798580584662,1.72028744174643e-09,-0.134300206915378,-0.00803128743786386,1.72041535826662e-06,1.26585404658375e-09,-0.0572590226356765,1.11906314362721e-15,0.0572590383665216,3.54235198139223e-13,-0.0572590383756048,-0.00703485881032539,-9.60002587550395e-11,0.0572590224881824,,,,,,,,
left,0.16620000000000001,0.056400000000000006,0.00830300001885032,-0.151086894693197,1.72028744174643e-09,-0.134300206915378,-0.00751967335666418,1.85770604151972e-06,1.27651689219022e-09,-0.0342392003995915,-2.01631714995583e-15,0.0342392163585243,3.80313275809072e-13,-0.0342392162458579,-0.00427979415479335,-5.62242107672732e-11,0.0342392002357416,,,,,,,,
left,0.16620000000000001,0.08484999999999998,0.00624055349591979,-0.153340547603874,1.72028744174643e-09,-0.134300206915378,-0.0070104282513638,2.00639810887935e-06,1.28713040226103e-09,-0.0110952413394273,-5.52414765950414e-15,0.0110952575311736,4.07631660947379e-13,-0.0110952573049754,-0.00141027268657632,-1.49548121430747e-11,0.0110952411576446,,,,,,,,
left,0.16620000000000001,0.11330000000000001,0.00411542994773847,-0.155557155745903,1.72028744174643e-09,-0.134300206915378,-0.00650391411471428,2.16349465280764e-06,1.29768698564625e-09,0.0121685189994567,-9.42457868119041e-15,-0.0121685025697212,4.36218345784264e-13,0.0121685029009927,0.00157204062310866,2.77697956092256e-11,-0.0121685192008862,,,,,,,,
left,0.16620000000000001,0.14175000000000004,0.00192838070089279,-0.157734369048839,1.72028744174643e-09,-0.134300206915378,-0.00600048768898317,2.32923863528903e-06,1.30817918997383e-09,0.0355478775910622,-1.37396522667819e-14,-0.0355478609176698,4.66123305736279e-13,0.0355478613452897,0.00466540450195025,7.19113018438992e-11,-0.0355478778140002,,,,,,,,
left,0.16620000000000001,0.17019999999999996,-0.000319759725031491,-0.159869873570633,1.72028744174643e-09,-0.134300206915378,-0.00550050020156622,2.50386808927455e-06,1.31859971552739e-09,0.0590387625499179,-1.84834566491374e-14,-0.0590387456266623,4.9731646029144e-13,0.059038746141611,0.00786800886092007,1.17431351978355e-10,-0.0590387627963876,,,,,,,,
left,0.16620000000000001,0.19864999999999994,-0.00262807539879497,-0.161961393999076,1.72028744174643e-09,-0.134300206915378,-0.00500429713188955,2.68761595035211e-06,1.32894137361284e-09,0.0826372313583682,-2.36735411426635e-14,-0.0826372141784526,5.2987685728247e-13,0.0826372147713858,0.0111779819069292,1.64291656541241e-10,-0.0826372316305667,,,,,,,,
left,0.16620000000000001,0.22710000000000002,-0.00499557082286013,-0.164006696032701,1.72028744174643e-09,-0.134300206915378,-0.00451221800730959,2.88070976387286e-06,1.33919710043617e-09,0.106339468757039,-2.93351223442122e-14,-0.106339451313018,5.63832564217121e-13,0.106339451974229,0.0145933968763956,2.1245409554262e-10,-0.106339469057353,,,,,,,,
left,0.16620000000000001,0.25555,-0.00742117283573032,-0.166003588646921,1.72028744174643e-09,-0.134300206915378,-0.00402459622578363,3.08337126777111e-06,1.34935988771456e-09,0.130141784350624,-3.54790538993229e-14,-0.130141766634337,5.99171889620161e-13,0.130141767353717,0.0181122783865408,2.61880806687144e-10,-0.130141784681648,,,,,,,,
left,0.16620000000000001,0.284,-0.00990373256500086,-0.167949926250894,1.72028744174643e-09,-0.134300206915378,-0.00354175890316223,3.2958155259525e-06,1.35942303247649e-09,0.154040609976386,-4.213710013396e-14,-0.154040591978884,6.35954325691912e-13,0.154040592745874,0.021732608404843,3.12534270995417e-10,-0.154040610340939,,,,,,,,
left,0.19390000000000002,-0.285,0.030198503078623,-0.123696526698559,1.72028744174643e-09,-0.134300206915378,-0.0132085825214199,9.27964149851104e-07,1.19238058315929e-09,-0.280145809330428,1.89232737591886e-14,0.280145822963778,1.85665770778828e-13,-0.280145824622672,-0.0280342203123358,-4.02726620030021e-10,0.280145809274531,,,,,,,,
left,0.19390000000000002,-0.25655,0.028921217051676,-0.126231720012342,1.72028744174643e-09,-0.134300206915378,-0.0126941237349266,1.00469501466376e-06,1.19238058315929e-09,-0.258639502227275,1.83188845817722e-14,0.258639516059606,2.02332200494145e-13,-0.258639517525104,-0.0264958156949108,-3.79918383004552e-10,0.258639502164552,,,,,,,,
left,0.19390000000000002,-0.22809999999999997,0.0275786642325573,-0.128759120498702,1.72028744174643e-09,-0.134300206915378,-0.0121782000744784,1.08614347372361e-06,1.19238058315929e-09,-0.236958382290081,1.75080883358964e-14,0.236958396323264,2.19960573805674e-13,-0.23695839760209,-0.0248323618908265,-3.55280090160855e-10,0.23695838221982,,,,,,,,
left,0.19390000000000002,-0.19965,0.0261705185562366,-0.131276194671225,1.72028744174643e-09,-0.134300206915378,-0.0116612029706961,1.17248826192315e-06,1.19238058315929e-09,-0.21510805171149,1.64669566881957e-14,0.215108065947591,2.38578649738876e-13,-0.215108067046583,-0.023044279659923,-3.28838989023898e-10,0.215108051632914,,,,,,,,
left,0.19390000000000002,-0.1712,0.0246965495039346,-0.13378040515399,1.72028744174643e-09,-0.134300206915378,-0.0111435234853619,1.26390730833353e-06,1.20099007128172e-09,-0.19309400419317,1.51819267178317e-14,0.193094018634465,2.58197222870581e-13,-0.193094019560579,-0.021132155756364,-3.00624320797449e-10,0.193094004105432,,,,,,,,
left,0.19390000000000002,-0.14275,0.0231566218884487,-0.13626921492497,1.72028744174643e-09,-0.134300206915378,-0.0106255516125023,1.36057728879601e-06,1.2117853942506e-09,-0.170921618198288,1.3636754531844e-14,0.170921632847284,2.7886565350177e-13,-0.170921633607605,-0.0190967334946552,-2.7066709666075e-10,0.170921618100465,,,,,,,,
left,0.19390000000000002,-0.11429999999999998,0.0215506954270292,-0.138740091382671,1.72028744174643e-09,-0.134300206915378,-0.0101076756305417,1.46267326790621e-06,1.22257881596255e-09,-0.148596151408166,1.181176991143e-14,0.14859616626762,3.00623251048102e-13,-0.148596166869367,-0.01693890324704,-2.38999879448307e-10,0.148596151299252,,,,,,,,
left,0.19390000000000002,-0.08584999999999998,0.0198788241203115,-0.141190510238334,1.72028744174643e-09,-0.134300206915378,-0.00959028150451994,1.57036825007976e-06,1.23336209301161e-09,-0.126122736291126,9.68733025931375e-15,0.12612275136407,3.23507095195889e-13,-0.126122751814607,-0.0146596929545419,-2.05656574915528e-10,0.126122736170029,,,,,,,,
left,0.19390000000000002,-0.05740000000000001,0.0181411554548314,-0.14361795923724,1.72028744174643e-09,-0.134300206915378,-0.00907375233698798,1.68383282100267e-06,1.24412741220326e-09,-0.103506376691442,7.24694075581056e-15,0.103506391981205,3.47517162511715e-13,-0.103506392288055,-0.0122602587242847,-1.70672231656701e-10,0.103506376556973,,,,,,,,
left,0.19390000000000002,-0.028949999999999976,0.0163379294455862,-0.146019941713627,1.72028744174643e-09,-0.134300206915378,-0.00855846786589128,1.80323474487187e-06,1.25486672442054e-09,-0.080751945347462,4.47235665190578e-15,0.0807519608576971,3.7272374487852e-13,-0.0807519610285535,-0.00974187557634718,-1.34082851812863e-10,0.0807519451983296,,,,,,,,
left,0.19390000000000002,-0.0005000000000000004,0.0144694775339902,-0.148393979984407,1.72028744174643e-09,-0.134300206915378,-0.00804480400751259,1.92873854678458e-06,1.26557236912461e-09,-0.0578641822503717,1.34250111510008e-15,0.0578641979850846,3.99135931428309e-13,-0.0578641980278273,-0.00710592839440828,-9.59252115162252e-11,0.0578641820851709,,,,,,,,
left,0.19390000000000002,0.027949999999999975,0.0125362213554456,-0.150737618587395,1.72028744174643e-09,-0.134300206915378,-0.00753313244236669,2.07396108393567e-06,1.27623636658747e-09,-0.0348476937582953,-2.15786093708858e-15,0.0348477097218766,4.26790934594795e-13,-0.0348477096445891,-0.00435390312592189,-5.62366942285599e-11,0.0348476935755007,,,,,,,,
left,0.19390000000000002,0.056400000000000006,0.0105386713896142,-0.153048427370089,1.72028744174643e-09,-0.134300206915378,-0.00702382024181316,2.23163449407605e-06,1.28685127831485e-09,-0.0117069523843743,-6.04740600966333e-15,0.0117069685816346,4.55719062481017e-13,-0.0117069683926248,-0.00148737826961225,-1.50551318945942e-11,0.0117069521823291,,,,,,,,
left,0.19390000000000002,0.08484999999999998,0.00847742550537714,-0.155324004435203,1.72028744174643e-09,-0.134300206915378,-0.006517229533073,2.39792336663996e-06,1.29740944376788e-09,0.0115537028181126,-1.03495199178779e-14,-0.0115536863819041,4.8594724324499e-13,0.0115536866740825,0.00149198331926543,2.75813380396099e-11,-0.0115537030412066,,,,,,,,
left,0.19390000000000002,0.11330000000000001,0.00635316741139523,-0.15756197894921,1.72028744174643e-09,-0.134300206915378,-0.00601371720029548,2.57306791645416e-06,1.30790345220788e-09,0.0349300653457629,-1.50775319054599e-14,-0.0349300486648358,5.17499416156838e-13,0.0349300490513577,0.00458244228215667,7.16344080430471e-11,-0.0349300655918585,,,,,,,,
left,0.19390000000000002,0.14175000000000004,0.0041666650221699,-0.159760013820102,1.72028744174643e-09,-0.134300206915378,-0.00551363461931411,2.75730304684631e-06,1.31832596228509e-09,0.0584180598774221,-2.02498595106868e-14,-0.0584180429454568,5.50410536273626e-13,0.0584180434171972,0.00778219025124389,1.17065722210582e-10,-0.0584180601486377,,,,,,,,
left,0.19390000000000002,0.17019999999999996,0.00191876874854062,-0.161915808250419,1.72028744174643e-09,-0.134300206915378,-0.00501732742375365,2.95085817605033e-06,1.32866979918322e-09,0.0820137405111023,-2.58860692259373e-14,-0.0820137233211774,5.84712473681861e-13,0.0820137238686797,0.0110893569720153,1.63836989210549e-10,-0.0820137408097379,,,,,,,,
left,0.19390000000000002,0.19864999999999994,-0.000389590279342387,-0.164027100171397,1.72028744174643e-09,-0.134300206915378,-0.00452513530019462,3.153956955403e-06,1.33892788523049e-09,0.105713288662643,-3.20084676233992e-14,-0.105713271207176,6.20408034084022e-13,0.105713271820615,0.0145020170468865,2.11910085596557e-10,-0.105713288991195,,,,,,,,
left,0.19390000000000002,0.22710000000000002,-0.00275740204936471,-0.166091668563847,1.72028744174643e-09,-0.134300206915378,-0.00403739181016615,3.36681685981578e-06,1.34909322602184e-09,0.129513010678376,-3.86272799021346e-14,-0.129512992949055,6.57531090719298e-13,0.129512993618195,0.0180181962965836,2.61247143783293e-10,-0.129513011039554,,,,,,,,
left,0.19390000000000002,0.25555,-0.00518357955867282,-0.168107335671057,1.72028744174643e-09,-0.134300206915378,-0.00355442423681643,3.58964852664074e-06,1.35915904919681e-09,0.153409335209314,-4.57668981743804e-14,-0.153409317197025,6.96129988804188e-13,0.153409317911172,0.0216358777396308,3.11810637621602e-10,-0.153409335606063,,,,,,,,
left,0.19390000000000002,0.284,-0.00766696075303868,-0.170071969108709,1.72028744174643e-09,-0.134300206915378,-0.00307655345419972,3.82265422338759e-06,1.36911865178391e-09,0.177398810389826,-5.34498019459171e-14,-0.177398792084562,7.36171051823092e-13,0.177398792832509,0.0253530071933855,3.63563454264416e-10,-0.177398810825343,,,,,,,,
left,0.22160000000000002,-0.285,0.032438938214594,-0.125314603933451,1.72028744174643e-09,-0.134300206915378,-0.0127077068973778,1.15573923358187e-06,1.19238058315929e-09,-0.25920873995952,2.11468800893907e-14,0.259208753791387,2.34584569795543e-13,-0.259208755278382,-0.0265379788974901,-3.78864526012252e-10,0.259208739887435,,,,,,,,
left,0.22160000000000002,-0.25655,0.0311686315096932,-0.127878408767292,1.72028744174643e-09,-0.134300206915378,-0.0121918168522653,1.24279018729065e-06,1.19238058315929e-09,-0.237532157108402,2.01067345367821e-14,0.237532171141414,2.53495144998129e-13,-0.237532172442787,-0.0248778171751669,-3.54309095764372e-10,0.237532157028084,,,,,,,,
left,0.22160000000000002,-0.22809999999999997,0.0298324803257501,-0.13043377456218,1.72028744174643e-09,-0.134300206915378,-0.0116748430468762,1.3348856025676e-06,1.19238058315929e-09,-0.215686217328278,1.88257725131868e-14,0.215686231564532,2.73383120786602e-13,-0.215686232687183,-0.0230930137744301,-3.27951347172774e-10,0.215686217238902,,,,,,,,
left,0.22160000000000002,-0.19965,0.0284301814414616,-0.132978171417183,1.72028744174643e-09,-0.134300206915378,-0.0111571765618709,1.43220221265315e-06,1.20070550724272e-09,-0.193676417273161,1.72855997845978e-14,0.193676431714974,2.94318100762148e-13,-0.193676432665923,-0.0211841511943561,-2.99820483132024e-10,0.193676417173832,,,,,,,,
left,0.22160000000000002,-0.1712,0.0269615269457632,-0.135509067035008,1.72028744174643e-09,-0.134300206915378,-0.0106392074279166,1.53491541600154e-06,1.21150080245602e-09,-0.171508138520552,1.54667619617116e-14,0.171508153170473,3.16368900330327e-13,-0.171508153956872,-0.0191519687443034,-2.69947480930314e-10,0.171508138410296,,,,,,,,
left,0.22160000000000002,-0.14275,0.0254264039289842,-0.138023930803398,1.72028744174643e-09,-0.134300206915378,-0.0101213239765063,1.64319887505017e-06,1.22229434906806e-09,-0.149186641997514,1.33549518582521e-14,0.149186656858348,3.39512653417079e-13,-0.149186657487484,-0.0169973530420185,-2.3836487384536e-10,0.149186641875271,,,,,,,,
left,0.22160000000000002,-0.11429999999999998,0.023824793974826,-0.14052023770746,1.72028744174643e-09,-0.134300206915378,-0.00960391224087299,1.75722410112075e-06,1.23307801469519e-09,-0.12671706352139,1.09285365676995e-14,0.12671707859622,3.63816642332592e-13,-0.126717079075529,-0.0147213285233439,-2.05106543336543e-10,0.12671706338601,,,,,,,,
left,0.22160000000000002,-0.08584999999999998,0.0221567724708065,-0.142995472075959,1.72028744174643e-09,-0.134300206915378,-0.00908735540562264,1.87716007215006e-06,1.24384388899834e-09,-0.104104410363032,8.17160637659722e-15,0.104104425655242,3.89296962548874e-13,-0.104104425992323,-0.0123250480364103,-1.70207517079422e-10,0.104104410213263,,,,,,,,
left,0.22160000000000002,-0.05740000000000001,0.0204225077537784,-0.1454471311656,1.72028744174643e-09,-0.134300206915378,-0.00857203330340256,2.00317281986868e-06,1.2545840338829e-09,-0.0813535587415759,5.06430074507112e-15,0.0813535742548835,4.15993569007052e-13,-0.0813535744575066,-0.0098097835838143,-1.3370378050874e-10,0.081353558576061,,,,,,,,
left,0.22160000000000002,-0.028949999999999976,0.0186222601060411,-0.147872728588035,1.72028744174643e-09,-0.134300206915378,-0.00805832195668309,2.13542505205135e-06,1.26529063615433e-09,-0.0584692521621589,1.58647007025608e-15,0.0584692679006387,4.43933900591514e-13,-0.0584692679767646,-0.00717691726726699,-9.56320967724856e-11,0.0584692519794242,,,,,,,,
left,0.22160000000000002,-0.0005000000000000004,0.0167563806164446,-0.150269797584922,1.72028744174643e-09,-0.134300206915378,-0.00754659316254821,2.28841555820999e-06,1.27595584098472e-09,-0.0354561005111658,-2.27952935903582e-15,0.0354561164792845,4.7314731583771e-13,-0.0354561164370828,-0.00442793248067233,-5.60298389736483e-11,0.0354561003096112,,,,,,,,
left,0.22160000000000002,0.027949999999999975,0.0148253099197674,-0.152635894156674,1.72028744174643e-09,-0.134300206915378,-0.00703721411826446,2.45499779199263e-06,1.28657209885752e-09,-0.0123185798275486,-6.54881523686251e-15,0.0123185960302005,5.03662862733666e-13,-0.0123185958780681,-0.00156440538962516,-1.49348325345433e-11,0.0123185796054395,,,,,,,,
left,0.22160000000000002,0.056400000000000006,0.0128295768265466,-0.154968600050788,1.72028744174643e-09,-0.134300206915378,-0.0065305470853154,2.63040530980766e-06,1.29713187413394e-09,0.0109389673268472,-1.12446807192052e-14,-0.0109389508843008,5.3551503553985e-13,0.0109389511377161,0.00141200327203794,2.76147890173341e-11,-0.0109389675713939,,,,,,,,
left,0.22160000000000002,0.08484999999999998,0.0107697968544732,-0.157265525615686,1.72028744174643e-09,-0.134300206915378,-0.00602694908954854,2.81487568509513e-06,1.30762765893078e-09,0.0343123309702509,-1.63821608999684e-14,-0.034312314281938,5.68713680321003e-13,0.034312314627712,0.00449955606472588,7.15807193980693e-11,-0.0343123312392764,,,,,,,,
left,0.22160000000000002,0.11330000000000001,0.00864667067144436,-0.159524312526013,1.72028744174643e-09,-0.134300206915378,-0.00552677165507341,3.00864080128748e-06,1.31805213965386e-09,0.057797432344583,-2.19813229255868e-14,-0.0577974154040721,6.03306117066044e-13,0.0577974158329755,0.00769644634677889,1.16924603305692e-10,-0.0577974326403016,,,,,,,,
left,0.22160000000000002,0.14175000000000004,0.00646098245939911,-0.161742636385192,1.72028744174643e-09,-0.134300206915378,-0.00503036056957185,3.21192665584924e-06,1.32839816924246e-09,0.0813903221620486,-2.80587488425738e-14,-0.0813903049622952,6.3931554385549e-13,0.0813903054647606,0.0110008054069468,1.63608146276942e-10,-0.0813903224868613,,,,,,,,
left,0.22160000000000002,0.17019999999999996,0.00421359820715698,-0.163918209210867,1.72028744174643e-09,-0.134300206915378,-0.00453805567872562,3.42495306509332e-06,1.33865858675808e-09,0.105087178512025,-3.46369048701426e-14,-0.105087161045311,6.76745543268287e-13,0.105087161611395,0.0144107092180599,2.11593220445397e-10,-0.105087178868537,,,,,,,,
left,0.22160000000000002,0.19864999999999994,0.00190546393964001,-0.166048781808655,1.72028744174643e-09,-0.134300206915378,-0.00405019070753,3.64793343732679e-06,1.34882648106238e-09,0.128884304480639,-4.17283568010127e-14,-0.128884286738504,7.15641035202001e-13,0.128884287357846,0.0179241848085001,2.6084195281587e-10,-0.128884304871675,,,,,,,,
left,0.22160000000000002,0.22710000000000002,-0.00046239610991867,-0.168132146039319,1.72028744174643e-09,-0.134300206915378,-0.00356709310634068,3.88107398120235e-06,1.35889501040598e-09,0.152778125530678,-4.93529152176103e-14,-0.152778107503843,7.56017065728059e-13,0.152778108165615,0.0215392162517253,3.11316809630796e-10,-0.152778125959305,,,,,,,,
left,0.22160000000000002,0.25555,-0.00288888137888371,-0.170166136984211,1.72028744174643e-09,-0.134300206915378,-0.00308908391959051,4.12457254687118e-06,1.36885748569515e-09,0.176765186684899,-5.75308860976648e-14,-0.176765168363178,7.97889966327389e-13,0.176765169056031,0.0252537502772137,3.629806701118e-10,-0.176765187154447,,,,,,,,
left,0.22160000000000002,0.284,-0.00537281689999734,-0.172148635013499,1.72028744174643e-09,-0.134300206915378,-0.00261647767520995,4.37861662892391e-06,1.37870737049184e-09,0.200842149551486,-6.62788800285996e-14,-0.200842130923688,8.41290126865102e-13,0.200842131635683,0.0290657015088319,4.15796888443754e-10,-0.200842150065574,,,,,,,,
left,0.24930000000000008,-0.285,0.0347309008052966,-0.12689767474762,1.72028744174643e-09,-0.134300206915378,-0.0122054328730088,1.39823395825532e-06,1.19238058315929e-09,-0.23810581406716,2.26999568403182e-14,0.238105828099951,2.87031523320341e-13,-0.23810582942371,-0.0249231858103254,-3.53130553312198e-10,0.238105813976879,,,,,,,,
left,0.24930000000000008,-0.25655,0.0334677832172089,-0.129489273434438,1.72028744174643e-09,-0.134300206915378,-0.0116884826376687,1.49603131784838e-06,1.19238058315929e-09,-0.216264268896881,2.11811061491891e-14,0.216264283133238,3.08190943574139e-13,-0.216264284279375,-0.0231416616433054,-3.26854995502338e-10,0.216264268796809,,,,,,,,
left,0.24930000000000008,-0.22809999999999997,0.0321382481187741,-0.132071805972289,1.72028744174643e-09,-0.134300206915378,-0.0111708294239148,1.59919594292008e-06,1.2004209570815e-09,-0.194258720036043,1.93842920391016e-14,0.194258734478318,3.30466806417026e-13,-0.194258735453918,-0.0212360608991504,-2.98806760682098e-10,0.194258719925236,,,,,,,,
left,0.24930000000000008,-0.19965,0.0307420150348483,-0.134642746873331,1.72028744174643e-09,-0.134300206915378,-0.0106528632986043,1.70790192146944e-06,1.21121619678366e-09,-0.172094552172606,1.73023877002433e-14,0.17209456682339,3.53856396544818e-13,-0.172094567635668,-0.019207118875462,-2.69016792752513e-10,0.172094552050037,,,,,,,,
left,0.24930000000000008,-0.1712,0.0292788985097606,-0.137199569597246,1.72028744174643e-09,-0.134300206915378,-0.010134972645883,1.82232151018921e-06,1.222009854418e-09,-0.149777029476277,1.49036205274376e-14,0.149777044338421,3.78391307781309e-13,-0.149777044994735,-0.0170557184288897,-2.37517596669969e-10,0.149777029340833,,,,,,,,
left,0.24930000000000008,-0.14275,0.0277488077129838,-0.139739750480422,1.72028744174643e-09,-0.134300206915378,-0.00961754356679535,1.94262474159846e-06,1.23279392250097e-09,-0.127311291111037,1.21799990326087e-14,0.127311306187677,4.04091366529774e-13,-0.127311306695533,-0.0147828804835539,-2.04343028718993e-10,0.127311290961511,,,,,,,,
left,0.24930000000000008,-0.11429999999999998,0.0261517458582868,-0.142260772504112,1.72028744174643e-09,-0.134300206915378,-0.00910095932765284,2.06897898869267e-06,1.24356036579343e-09,-0.104702347772583,9.10704377774525e-15,0.104702363067159,4.31028839193032e-13,-0.104702363434229,-0.0123897546221554,-1.69528096751036e-10,0.104702347607662,,,,,,,,
left,0.24930000000000008,-0.08584999999999998,0.024487809453112,-0.144760128905097,1.72028744174643e-09,-0.134300206915378,-0.00858559985548697,2.20154861006725e-06,1.25430127395632e-09,-0.0819550791596941,5.67068673751198e-15,0.081955094675984,4.5918174452519e-13,-0.0819550949101167,-0.00987760982351301,-1.33108769588247e-10,0.0819550789779559,,,,,,,,
left,0.24930000000000008,-0.05740000000000001,0.0227571873938478,-0.147235326633163,1.72028744174643e-09,-0.134300206915378,-0.00807184127866779,2.3404944939753e-06,1.2650088337951e-09,-0.0590742322908385,1.84734445380072e-15,0.0590742480329856,4.88637827822116e-13,-0.0590742481422227,-0.00724782540124831,-9.51217978379327e-11,0.0590742320907402,,,,,,,,
left,0.24930000000000008,-0.028949999999999976,0.020960159921568,-0.149683889660283,1.72028744174643e-09,-0.134300206915378,-0.00756005551058904,2.50109045707339e-06,1.27567524599304e-09,-0.0360644205805159,-2.37749420631605e-15,0.0360644365530622,5.19397130024648e-13,-0.0360644365456566,-0.00450188218979251,-5.56045450631989e-11,0.0360644203603851,,,,,,,,
left,0.24930000000000008,-0.0005000000000000004,0.0190970974516995,-0.152103362146778,1.72028744174643e-09,-0.134300206915378,-0.00705060987419152,2.67650930521908e-06,1.28629293327798e-09,-0.0129301235937582,-7.02608097945545e-15,0.0129301398016808,5.51484689791935e-13,-0.0129301396861179,-0.0016413540159107,-1.45948309771099e-11,0.0129301233517811,,,,,,,,
left,0.24930000000000008,0.027949999999999975,0.0171684592899834,-0.154491311469996,1.72028744174643e-09,-0.134300206915378,-0.00654386676501382,2.86096206258232e-06,1.29685429062221e-09,0.0103243125983855,-1.21120167832902e-14,-0.0103242961496343,5.84933824812706e-13,0.0103242963646137,0.00133210051344279,2.78692153674671e-11,-0.0103243128641746,,,,,,,,
left,0.24930000000000008,0.056400000000000006,0.0151747922460307,-0.156845331121131,1.72028744174643e-09,-0.134300206915378,-0.00604018335041751,3.05468372504208e-06,1.3073518378981e-09,0.0336946745348193,-1.76578883629073e-14,-0.0336946578392669,6.19774028883764e-13,0.0336946581446402,0.00441674588285352,7.17492881472807e-11,-0.03369467482655,,,,,,,,
left,0.24930000000000008,0.08484999999999998,0.0131167291547508,-0.159163043475853,1.72028744174643e-09,-0.134300206915378,-0.0055399113026259,3.25790328316524e-06,1.31777833090041e-09,0.0571768800193042,-2.36775829902699e-14,-0.0571768630704093,6.56027458762494e-13,0.0571768634568435,0.00761077718177389,1.17007031105824e-10,-0.0571768803392853,,,,,,,,
left,0.24930000000000008,0.11330000000000001,0.010994987314961,-0.16144210244428,1.72028744174643e-09,-0.134300206915378,-0.00504339656323591,3.47084342042444e-06,1.32812648379055e-09,0.0807669763767677,-3.01946493954563e-14,-0.0807669591673642,6.93726317211092e-13,0.0807669596251824,0.010912327246906,1.6360414766759e-10,-0.0807669767275008,,,,,,,,
left,0.24930000000000008,0.14175000000000004,0.00881036685357358,-0.163680196005726,1.72028744174643e-09,-0.134300206915378,-0.00455097913690719,3.69372024704472e-06,1.33838926053009e-09,0.104461138368454,-3.72226562786565e-14,-0.10446112089069,7.32890696129405e-13,0.104461121409832,0.0143194734259193,2.11502504145225e-10,-0.104461138752651,,,,,,,,
left,0.24930000000000008,0.17019999999999996,0.00656374902290787,-0.165875048633407,1.72028744174643e-09,-0.134300206915378,-0.00406299291199502,3.92674315740488e-06,1.3485596528362e-09,0.128255665818448,-4.47796239036651e-14,-0.128255648063715,7.73517463195997e-13,0.128255648633696,0.0178302439590102,2.60664222296021e-10,-0.128255666239048,,,,,,,,
left,0.24930000000000008,0.19864999999999994,0.00425609443789258,-0.168024423614083,1.72028744174643e-09,-0.134300206915378,-0.00357976550597219,4.17011406665168e-06,1.35863088834842e-09,0.152146980999334,-5.28877298193797e-14,-0.152146962958191,8.15681434378119e-13,0.152146963568052,0.0214426239784646,3.11051760336143e-10,-0.152146981459525,,,,,,,,
left,0.24930000000000008,0.22710000000000002,0.0018884412592007,-0.170126125267286,1.72028744174643e-09,-0.134300206915378,-0.00310161813357403,4.42402644342237e-06,1.36859627797303e-09,0.176131625820174,-6.15608342211643e-14,-0.176131607482258,8.59328865010264e-13,0.176131608120507,0.0251545611295181,3.62627988390017e-10,-0.176131626323416,,,,,,,,
left,0.24930000000000008,0.25555,-0.000538096672292093,-0.172178001068548,1.72028744174643e-09,-0.134300206915378,-0.00262886549569764,4.68866351114725e-06,1.37844917424967e-09,0.200206258855664,-7.08171341119461e-14,-0.200206240209587,9.04546045379332e-13,0.200206240864136,0.0289639708184466,4.15356252255349e-10,-0.200206259405715,,,,,,,,
left,0.24930000000000008,0.284,-0.00302233174493104,-0.174177943680672,1.72028744174643e-09,-0.134300206915378,-0.00216181568719013,4.96419542918701e-06,1.38818326278489e-09,0.224367652251232,-8.06742628397112e-14,-0.224367633284466,9.51333241470603e-13,0.224367633942556,0.0328687410960222,4.69200430117096e-10,-0.224367652852174,,,,,,,,
left,0.277,-0.285,0.0370735835964326,-0.128443523740936,1.72028744174643e-09,-0.134300206915378,-0.0117021217359726,1.65594362711796e-06,1.19238058315929e-09,-0.216842206320139,2.35335590670461e-14,0.216842220556548,3.43052428436924e-13,-0.216842221725999,-0.0231902232547162,-3.25550683524403e-10,0.216842206209473,,,,,,,,
left,0.277,-0.25655,0.0358178472398429,-0.131062111570869,1.72028744174643e-09,-0.134300206915378,-0.0111844820644184,1.76490684574615e-06,1.20013639304251e-09,-0.194840912386874,2.14889662916775e-14,0.194840926829555,3.66653268756776e-13,-0.194840927829621,-0.0212878848561456,-2.97583918902579e-10,0.194840912264697,,,,,,,,
left,0.277,-0.22809999999999997,0.0344951254525825,-0.133671025917122,1.72028744174643e-09,-0.134300206915378,-0.0106665192175277,1.87955535539043e-06,1.21093157723351e-09,-0.172680859061823,1.91406235774723e-14,0.17268087371341,3.91352365343595e-13,-0.172680874551371,-0.0192621838709367,-2.67875813701162e-10,0.17268085892706,,,,,,,,
left,0.277,-0.19965,0.0331051603736268,-0.136267746391021,1.72028744174643e-09,-0.134300206915378,-0.0101486216316825,2.00005997286643e-06,1.22172540140131e-09,-0.150367313754225,1.64637234312912e-14,0.150367328617615,4.17228055256303e-13,-0.150367329300896,-0.0171139993880406,-2.36458844621408e-10,0.150367313605709,,,,,,,,
left,0.277,-0.1712,0.0316477888205172,-0.138849752756901,1.72028744174643e-09,-0.134300206915378,-0.00963117547535536,2.12658922391493e-06,1.23250981642897e-09,-0.127905418972294,1.34413237931674e-14,0.12790543405067,4.44334669301568e-13,-0.12790543458685,-0.0148443488133124,-2.03366843879804e-10,0.127905418808758,,,,,,,,
left,0.277,-0.14275,0.0301229418179131,-0.141414528718981,1.72028744174643e-09,-0.134300206915378,-0.00911456409621341,2.25930890201218e-06,1.24327682871073e-09,-0.105300188834816,1.00557607946361e-14,0.105300204131676,4.72700418553491e-13,-0.105300204528498,-0.0124543784575822,-1.68634799218031e-10,0.10530018865489,,,,,,,,
left,0.277,-0.11429999999999998,0.0285306439516406,-0.143959565555418,1.72028744174643e-09,-0.134300206915378,-0.00859916751535376,2.39838167486062e-06,1.25401848627416e-09,-0.0825565065190522,6.29113008458799e-15,0.0825565220382349,5.02317008389711e-13,-0.082556522303625,-0.00994535426959142,-1.32298663813851e-10,0.0825565063212481,,,,,,,,
left,0.277,-0.08584999999999998,0.026871012564051,-0.146482365603374,1.72028744174643e-09,-0.134300206915378,-0.00808536196675745,2.54396668699845e-06,1.26472704531366e-09,-0.05967912255617,2.12656351418004e-15,0.0596791383018861,5.3327147643436e-13,-0.0596791384439648,-0.00731865276874457,-9.43951756853168e-11,0.0596791223388775,,,,,,,,
left,0.277,-0.05740000000000001,0.0251442568054189,-0.148980445599603,1.72028744174643e-09,-0.134300206915378,-0.00757351947986779,2.71200693612394e-06,1.27539466487914e-09,-0.0366726538886215,-2.45813841810997e-15,0.0366726698654872,5.65547709125813e-13,-0.0366726698925915,-0.00457575222407313,-5.49616893858831e-11,0.0366726536500947,,,,,,,,
left,0.277,-0.028949999999999976,0.0233506765550108,-0.151451339881417,1.72028744174643e-09,-0.134300206915378,-0.00706400750306646,2.8961905207481e-06,1.28601372606507e-09,-0.0135415836077778,-7.47742382243422e-15,0.0135415998208518,5.99188251620606e-13,-0.0135415997415549,-0.00171822411780407,-1.40360189508896e-11,0.0135415833461259,,,,,,,,
left,0.277,-0.0005000000000000004,0.0214906612243675,-0.153892603453242,1.72028744174643e-09,-0.134300206915378,-0.00655718856573876,3.08961539921371e-06,1.29657660996596e-09,0.00970973870548056,-1.29525257492669e-14,-0.00970972225065583,6.34223857833195e-13,0.00970972242752149,0.00125227507545989,2.83437093296944e-11,-0.00970973899230452,,,,,,,,
left,0.277,0.027949999999999975,0.019564688454279,-0.156301814924058,1.72028744174643e-09,-0.134300206915378,-0.00605341997657573,3.2925140848251e-06,1.30707598910984e-09,0.0330770961097823,-1.89028484439961e-14,-0.0330770794071358,6.7067965262636e-13,0.0330770796724505,0.00433401176970084,7.21391909383356e-11,-0.0330770964239963,,,,,,,,
left,0.277,0.056400000000000006,0.0175733227159107,-0.158676579321101,1.72028744174643e-09,-0.134300206915378,-0.00555305355575157,3.50511275439142e-06,1.31750438336908e-09,0.0565564029695045,-2.53422172973007e-14,-0.0565563860123855,7.08577214957901e-13,0.0565563863567138,0.00752518279044556,1.17312067648952e-10,-0.0565564033135101,,,,,,,,
left,0.277,0.08484999999999998,0.0155172138255624,-0.16101453078512,1.72028744174643e-09,-0.134300206915378,-0.00505643539863579,3.72763087514701e-06,1.32785474282748e-09,0.0801437032208306,-3.22914014613726e-14,-0.0801436860019532,7.47951244554993e-13,0.0801436864155092,0.0108239225270456,1.63824039506546e-10,-0.0801437035972291,,,,,,,,
left,0.277,0.11330000000000001,0.0133970953816283,-0.163313335152371,1.72028744174643e-09,-0.134300206915378,-0.00456390566874209,3.96028103107925e-06,1.33811980940202e-09,0.103835168295205,-3.97709361041984e-14,-0.103835150806585,7.88811407693857e-13,0.103835151279194,0.0142283097064413,2.11636967956508e-10,-0.103835168706814,,,,,,,,
left,0.277,0.14175000000000004,0.0112137831314687,-0.16557069242835,1.72028744174643e-09,-0.134300206915378,-0.00407579841767916,4.20326861190283e-06,1.34829275522108e-09,0.127627094752837,-4.77932262394261e-14,-0.127627076985721,8.31179251005991e-13,0.127627077506775,0.0177363737848087,2.60712967652298e-10,-0.127627095202709,,,,,,,,
left,0.277,0.17019999999999996,0.0089681732751106,-0.16778433915802,1.72028744174643e-09,-0.134300206915378,-0.00359244142994618,4.45679139482607e-06,1.35836669690192e-09,0.151515901674135,-5.63740828092914e-14,-0.151515883618922,8.75092324312591e-13,0.15151588417733,0.0213461009571644,3.1101448962143e-10,-0.151515902165579,,,,,,,,
left,0.277,0.19864999999999994,0.00666124071196913,-0.169952050697071,1.72028744174643e-09,-0.134300206915378,-0.00311415609050449,4.72103850455219e-06,1.36833495922861e-09,0.175498127852384,-6.55353784913565e-14,-0.175498109498533,9.20551839666339e-13,0.175498110082665,0.0250554397881422,3.62504395046666e-10,-0.175498128388988,,,,,,,,
left,0.277,0.22710000000000002,0.00429403723611405,-0.172071643388432,1.72028744174643e-09,-0.134300206915378,-0.00264125727315455,4.99618892835651e-06,1.37819089474078e-09,0.199570428826624,-7.52978610779998e-14,-0.199570410162554,9.6756813876001e-13,0.199570410760172,0.0288623064698171,4.15146018810006e-10,-0.199570429412282,,,,,,,,
left,0.277,0.25555,0.00186768968500447,-0.174140976648003,1.72028744174643e-09,-0.134300206915378,-0.00217405324784943,5.28240896220301e-06,1.38792816128941e-09,0.223729573789597,-8.56668435755924e-14,-0.223729554802567,1.01617853211827e-12,0.223729555400752,0.0327645897146518,4.68903228359461e-10,-0.223729574428538,,,,,,,,
left,0.277,0.284,-0.000616601953928341,-0.176157954963245,1.72028744174643e-09,-0.134300206915378,-0.00171284560518288,5.57984863098002e-06,1.39754049999219e-09,0.247972442401817,-9.66692119806177e-14,-0.247972423077792,1.06639178739618e-12,0.247972423662854,0.0367601552934507,5.23740473378948e-10,-0.247972443098638,,,,,,,,
right,-0.277,-0.285,0.00037230156028006,-0.0930727821262153,1.47433675137684e-09,-0.134300207627801,-0.0211735764691487,1.1966844605164e-06,1.19238059703708e-09,,,,,,,,,0.605428634027098,-0.605428644480759,2.41320427212067e-13,0.605428650161985,0.0358274443282965,5.09655473058317e-10,-0.605428629389524,7.07133230896767e-09
right,-0.277,-0.25655,-0.000971332832883035,-0.0949934186062189,1.47433675137684e-09,-0.134300207627801,-0.0207366260715824,1.22839007070927e-06,1.19238059703708e-09,,,,,,,,,0.587671046479235,-0.587671057116399,2.49012317855296e-13,0.587671062501424,0.0362377689994805,5.17909832078088e-10,-0.587671041830037,6.85949380489476e-09
right,-0.277,-0.22809999999999997,-0.0023701235645178,-0.0969186204831645,1.47433675137684e-09,-0.134300207627801,-0.0202925073435145,1.26068310518057e-06,1.19238059703708e-09,,,,,,,,,0.56964269751161,-0.569642708332625,2.56957205338819e-13,0.569642713425661,0.0365463502909985,5.24349435440407e-10,-0.569642692849743,6.64512323174912e-09
right,-0.277,-0.19965,-0.00382477053515888,-0.0988460940325145,1.47433675137684e-09,-0.134300207627801,-0.0198414779542294,1.29347007748699e-06,1.19238059703708e-09,,,,,,,,,0.551348668884659,-0.551348679889876,2.65131112157752e-13,0.551348684695256,0.0367500528716704,5.28938867599857e-10,-0.551348664209087,6.42833948274227e-09
right,-0.277,-0.1712,-0.00533588615837091,-0.100773488215447,1.47433675137684e-09,-0.134300207627801,-0.0193838120342946,1.32664817764848e-06,1.19238059703708e-09,,,,,,,,,0.532794260310766,-0.532794271500541,2.73512513921004e-13,0.532794276022713,0.0368459492226808,5.3164733206949e-10,-0.532794255620459,6.20926568950723e-09
right,-0.277,-0.14275,-0.00690399263438457,-0.102698401713511,1.47433675137684e-09,-0.134300207627801,-0.0189197991522864,1.3601054231508e-06,1.19238059703708e-09,,,,,,,,,0.513984960147266,-0.513984971521969,2.82078382468254e-13,0.513984975765487,0.0368313283341078,5.32448686660682e-10,-0.513984955441199,5.98802855496445e-09
right,-0.277,-0.11429999999999998,-0.00852951965893419,-0.10461838999959,1.47433675137684e-09,-0.134300207627801,-0.0184497432431073,1.3937208554149e-06,1.19238059703708e-09,,,,,,,,,0.494926416554797,-0.494926428114816,2.90802813794119e-13,0.494926432084334,0.0367037025352857,5.31321437777701e-10,-0.494926411831949,5.76475770507677e-09
right,-0.277,-0.08584999999999998,-0.010212802560553,-0.106530972387385,1.47433675137684e-09,-0.134300207627801,-0.0179739615008176,1.42736481989408e-06,1.19238059703708e-09,,,,,,,,,0.475624409396782,-0.475624421142528,2.99657978865245e-13,0.475624424842796,0.0364608124857685,5.28248699598255e-10,-0.475624404656134,5.53958505780361e-09
right,-0.277,-0.05740000000000001,-0.0119540808550618,-0.108433639007195,1.47433675137684e-09,-0.134300207627801,-0.0174927832483921,1.46089927541948e-06,1.19238059703708e-09,,,,,,,,,0.45608482311984,-0.456084835051757,3.08614030898736e-13,0.456084838487611,0.0361006303805026,5.23218116077525e-10,-0.456084818360375,5.31264428280642e-09
right,-0.277,-0.028949999999999976,-0.0137534972021483,-0.110323857661666,1.47433675137684e-09,-0.134300207627801,-0.0170065487961041,1.4941781918648e-06,1.19238059703708e-09,,,,,,,,,0.436313620817773,-0.436313632936342,3.17640851824596e-13,0.436313636112701,0.0356213614461803,5.16221754534708e-10,-0.436313616038472,5.08407021645769e-09
right,-0.277,-0.0005000000000000004,-0.0156110967457898,-0.112199080521364,1.47433675137684e-09,-0.134300207627801,-0.0165156082993812,1.52704797497688e-06,1.19238059703708e-09,,,,,,,,,0.416316819644452,-0.416316831950198,3.26704467966193e-13,0.416316834872061,0.0350214438253945,5.07255969291409e-10,-0.416316814844293,4.8539984091298e-09
right,-0.277,0.027949999999999975,-0.0175268268178144,-0.11405675062617,1.47433675137684e-09,-0.134300207627801,-0.0160203206260007,1.55934790941263e-06,1.19238059703708e-09,,,,,,,,,0.396100467704545,-0.396100480198046,3.357707634245e-13,0.396100482870485,0.0342995469610212,4.96321241356982e-10,-0.396100462882503,4.62256468689278e-09
right,-0.277,0.056400000000000006,-0.0195005369820826,-0.115894308164521,1.47433675137684e-09,-0.134300207627801,-0.0155210522414477,1.59091069082081e-06,1.19238059703708e-09,,,,,,,,,0.375670622516368,-0.375670635198256,3.4480409814122e-13,0.375670637626418,0.0334545686052636,4.83421997447371e-10,-0.375670617671408,4.38990472320675e-09
right,-0.277,0.08484999999999998,-0.0215319793955796,-0.117709196508314,1.47433675137684e-09,-0.134300207627801,-0.0150181761201643,1.62156292621842e-06,1.19238059703708e-09,,,,,,,,,0.355033331108797,-0.355033343979774,3.53767045752526e-13,0.355033346168871,0.032485630586148,4.68566411204013e-10,-0.355033326239874,4.15615375881409e-09
right,-0.277,0.11330000000000001,-0.0236208094620485,-0.119498867986655,1.47433675137684e-09,-0.134300207627801,-0.0145120706893194,1.65112567050428e-06,1.19238059703708e-09,,,,,,,,,0.33419461178478,-0.33419462484562,3.62621215043702e-13,0.334194626800935,0.0313920734691925,4.5176619078925e-10,-0.334194606890837,3.92144629484553e-09
right,-0.277,0.14175000000000004,-0.0257665867536317,-0.121260789386625,1.47433675137684e-09,-0.134300207627801,-0.0140031188106438,1.67941499783202e-06,1.19238059703708e-09,,,,,,,,,0.313160437557659,-0.313160450809219,3.71327868418362e-13,0.313160452536101,0.0301734502538215,4.33036355648999e-10,-0.313160432637623,3.68591585195322e-09
right,-0.277,0.17019999999999996,-0.0279687761762373,-0.122992447173684,1.47433675137684e-09,-0.134300207627801,-0.0134917068048279,1.70624253468464e-06,1.19238059703708e-09,,,,,,,,,0.291936721243582,-0.291936734686809,3.79843784448628e-13,0.291936736190673,0.0288295192431895,4.12395005583222e-10,-0.291936716296358,3.44969484105955e-09
right,-0.277,0.19864999999999994,-0.0302267493549412,-0.124691352428303,1.47433675137684e-09,-0.134300207627801,-0.0129782235219907,1.73141601244414e-06,1.19238059703708e-09,,,,,,,,,0.270529302173688,-0.270529315809629,3.88130072861139e-13,0.270529317095958,0.0273602362228345,3.89863086287759e-10,-0.270529297198161,3.21291438629896e-09
right,-0.277,0.22710000000000002,-0.0325397862166151,-0.126355045498848,1.47433675137684e-09,-0.134300207627801,-0.0124630594608059,1.75473983846642e-06,1.19238059703708e-09,,,,,,,,,0.248943934473516,-0.248943948303326,3.96143442913885e-13,0.248943949377672,0.0257657460783674,3.65464152493371e-10,-0.248943929468541,2.97570430269791e-09
right,-0.277,0.25555,-0.0349070767480619,-0.127981100373636,1.47433675137684e-09,-0.134300207627801,-0.0119466059380325,1.77601560943318e-06,1.19238059703708e-09,,,,,,,,,0.227186276843953,-0.227186290868908,4.03840869167498e-13,0.227186291736895,0.0240463739756345,3.39224130095019e-10,-0.227186271808357,2.7381929972941e-09
right,-0.277,0.284,-0.0373277229091984,-0.129567128777526,1.47433675137684e-09,-0.134300207627801,-0.0114292543094346,1.79504266455578e-06,1.19503498763329e-09,,,,,,,,,0.205261883767935,-0.20526189798944,4.11178591432323e-13,0.205261898656764,0.0222026162188094,3.11171086397182e-10,-0.205261878700506,2.50050755564569e-09
right,-0.24930000000000002,-0.285,0.00169472794698,-0.0949321972517095,1.47433675137684e-09,-0.134300207627801,-0.0207482382661989,1.13933330339101e-06,1.19238059703708e-09,,,,,,,,,0.588142677534952,-0.588142688170016,2.30940282479198e-13,0.588142693566936,0.036228243349634,5.18883549966958e-10,-0.588142672883089,6.8598340148236e-09
right,-0.24930000000000002,-0.25655,0.000351255382249807,-0.0968952703886138,1.47433675137684e-09,-0.134300207627801,-0.0203043052907505,1.16800918253594e-06,1.19238059703708e-09,,,,,,,,,0.570121402720645,-0.570121413539619,2.37809080136661e-13,0.57012141864492,0.0365395479738215,5.25404713405726e-10,-0.570121398055865,6.64448499810367e-09
right,-0.24930000000000002,-0.22809999999999997,-0.00104797004637547,-0.0988622220726789,1.47433675137684e-09,-0.134300207627801,-0.0198534546464795,1.19701988873005e-06,1.19238059703708e-09,,,,,,,,,0.551834311385672,-0.551834322388912,2.44867034759655e-13,0.551834327206963,0.036746053922184,5.30077868667562e-10,-0.551834306706916,6.42671057173464e-09
right,-0.24930000000000002,-0.19965,-0.00250362793589085,-0.100830720613879,1.47433675137684e-09,-0.134300207627801,-0.0193959600429024,1.22626035157896e-06,1.19238059703708e-09,,,,,,,,,0.533286697875309,-0.53328670906318,2.52104277981064e-13,0.533286713598465,0.0368448280781958,5.32872116543952e-10,-0.533286693181525,6.20663162905332e-09
right,-0.24930000000000002,-0.1712,-0.00401630916852756,-0.102798381378994,1.47433675137684e-09,-0.134300207627801,-0.0189321106551964,1.25561660711457e-06,1.19238059703708e-09,,,,,,,,,0.514484045947657,-0.514484057320536,2.59488920951128e-13,0.51448406157765,0.0368331536289796,5.33761211911961e-10,-0.514484041237794,5.98437268360539e-09
right,-0.24930000000000002,-0.14275,-0.00558651341423132,-0.104762773795896,1.47433675137684e-09,-0.134300207627801,-0.0184622100536248,1.28496598213588e-06,1.19238059703708e-09,,,,,,,,,0.495431999916032,-0.495432011474317,2.66997314248151e-13,0.495432015457956,0.0367085369446435,5.32723556383583e-10,-0.495431995189043,5.76006110945855e-09
right,-0.24930000000000002,-0.11429999999999998,-0.00721464706222695,-0.106721428349693,1.47433675137684e-09,-0.134300207627801,-0.0179865750971422,1.31417738907157e-06,1.19238059703708e-09,,,,,,,,,0.476136336525663,-0.476136348269778,2.74601787621598e-13,0.476136351984734,0.036468712617155,5.29742159672581e-10,-0.476136331780503,5.53382657658391e-09
right,-0.24930000000000002,-0.08584999999999998,-0.00890102157197174,-0.108671843518058,1.47433675137684e-09,-0.134300207627801,-0.0175055348036054,1.34311163303294e-06,1.19238059703708e-09,,,,,,,,,0.456602937805481,-0.456602949735879,2.82272499710726e-13,0.456602953187036,0.0361116467116959,5.24804562795301e-10,-0.456602933041102,5.3058005058893e-09
right,-0.24930000000000002,-0.05740000000000001,-0.0106458522297786,-0.11061149259887,1.47433675137684e-09,-0.134300207627801,-0.0170194292083141,1.37162180517864e-06,1.19238059703708e-09,,,,,,,,,0.436837765098608,-0.436837777215786,2.89978104676924e-13,0.436837780408111,0.0356355383068976,5.17902732174813e-10,-0.436837760313961,5.07611546073088e-09
right,-0.24930000000000002,-0.028949999999999976,-0.0124492572940606,-0.112537830389361,1.47433675137684e-09,-0.134300207627801,-0.0165286082217491,1.39955368658591e-06,1.19238059703708e-09,,,,,,,,,0.416846834437879,-0.416846846742375,2.97687198411198e-13,0.416846849680916,0.0350388194201136,5.09032923349336e-10,-0.416846829631908,4.84490470678683e-09
right,-0.24930000000000002,-0.0005000000000000004,-0.0143112575095004,-0.11444829968205,1.47433675137684e-09,-0.134300207627801,-0.0160334304964035,1.42674622100607e-06,1.19238059703708e-09,,,,,,,,,0.396636193396243,-0.396636205888651,3.05364080005604e-13,0.396636208578535,0.0343201534297833,4.98195522864971e-10,-0.396636188567887,4.61230175390661e-09
right,-0.24930000000000002,0.027949999999999975,-0.0162317759684572,-0.116340337548725,1.47433675137684e-09,-0.134300207627801,-0.0155342623115583,1.45303199494668e-06,1.19238059703708e-09,,,,,,,,,0.376211899507242,-0.376211912188215,3.12974046049016e-13,0.376211914634641,0.033478432119056,4.85394866015047e-10,-0.376211894655428,4.37843997999508e-09
right,-0.24930000000000002,0.056400000000000006,-0.0182106382965503,-0.118211381389487,1.47433675137684e-09,-0.134300207627801,-0.0150314764837584,1.47823775303471e-06,1.19238059703708e-09,,,,,,,,,0.355580000318303,-0.355580013188563,3.20478819287223e-13,0.355580015396801,0.0325127714732863,4.70639038770602e-10,-0.355579995441946,4.1434522554137e-09
right,-0.24930000000000002,0.08484999999999998,-0.0202475731385394,-0.120058874729236,1.47433675137684e-09,-0.134300207627801,-0.0145254513096499,1.50218492086985e-06,1.19238059703708e-09,,,,,,,,,0.334746515110128,-0.334746528170473,3.27841870222967e-13,0.334746530145863,0.0314225063690378,4.53939666664857e-10,-0.334746510208128,3.90747068209941e-09
right,-0.24930000000000002,0.11330000000000001,-0.0223422129203112,-0.121880272748972,1.47433675137684e-09,-0.134300207627801,-0.0140165695467489,1.5246901524483e-06,1.19238059703708e-09,,,,,,,,,0.313717418289034,-0.313717431540347,3.35022756273313e-13,0.3137174332883,0.0302071842941523,4.35311691183884e-10,-0.313717413360272,3.67062636980166e-09
right,-0.24930000000000002,0.14175000000000004,-0.02449409486289,-0.12367304754375,1.47433675137684e-09,-0.134300207627801,-0.0135052174366686,1.54556586314398e-06,1.19238059703708e-09,,,,,,,,,0.292498624436098,-0.292498637879354,3.41982094532661e-13,0.292498639405348,0.0288665582376048,4.14773139116804e-10,-0.292498619479432,3.43304922598025e-09
right,-0.24930000000000002,0.17019999999999996,-0.0267026622248732,-0.125434693103137,1.47433675137684e-09,-0.134300207627801,-0.0129917837743359,1.56462077915202e-06,1.19238059703708e-09,,,,,,,,,0.271095974977249,-0.271095988613528,3.48678537135851e-13,0.27109598992311,0.0274005788846785,3.92344887511364e-10,-0.271095969991512,3.19486783897588e-09
right,-0.24930000000000002,0.19864999999999994,-0.0289672657504645,-0.127162730013448,1.47433675137684e-09,-0.134300207627801,-0.0124766590258098,1.58166046129211e-06,1.19238059703708e-09,,,,,,,,,0.249515226422156,-0.24951524025265,3.55074482562927e-13,0.24951524135144,0.0258093862478243,3.68050427964792e-10,-0.24951522140615,2.9562093751903e-09
right,-0.24930000000000002,0.22710000000000002,-0.0312871653012855,-0.128854709884043,1.47433675137684e-09,-0.134300207627801,-0.0119602344964671,1.59648784796072e-06,1.19238059703708e-09,,,,,,,,,0.227762040106531,-0.227762054132554,3.61114748100018e-13,0.227762055026245,0.0240933008568354,3.41915629193113e-10,-0.227762035059024,2.71719956740896e-09
right,-0.24930000000000002,0.25555,-0.0336615316513295,-0.130508219502405,1.47433675137684e-09,-0.134300207627801,-0.0114429015505605,1.60890375495809e-06,1.19475054849438e-09,,,,,,,,,0.205841973362279,-0.20584198758528,3.66768926555738e-13,0.205841988279642,0.0222528146240222,3.13968504339496e-10,-0.205841968281998,2.4779626686092e-09
right,-0.24930000000000002,0.284,-0.0360894484257256,-0.132120884724724,1.47433675137684e-09,-0.134300207627801,-0.0109250508824844,1.61870738607746e-06,1.20554340121704e-09,,,,,,,,,0.183760472032415,-0.18376048645399,3.71989195767538e-13,0.183760486954873,0.02028858149126,2.84238982687927e-10,-0.183760466918046,2.23862155107561e-09
right,-0.22160000000000002,-0.285,0.00306945603736781,-0.0967955786470953,1.47433675137684e-09,-0.134300207627801,-0.020316098427571,1.07606812625811e-06,1.19238059703708e-09,,,,,,,,,0.570599923106165,-0.570599933923077,2.19509440068045e-13,0.570599939040593,0.0365326728124278,5.26259668326576e-10,-0.570599918438505,6.6465847301086e-09
right,-0.22160000000000002,-0.25655,0.00172672124301438,-0.0988004157896805,1.47433675137684e-09,-0.134300207627801,-0.0198654267184587,1.10133823626184e-06,1.19238059703708e-09,,,,,,,,,0.552319772738818,-0.552319783740061,2.25467363965205e-13,0.552319788570726,0.0367419800889849,5.31015310493821e-10,-0.552319768056915,6.42783168396294e-09
right,-0.22160000000000002,-0.22809999999999997,0.000327636983451713,-0.100808423861105,1.47433675137684e-09,-0.134300207627801,-0.0194081036321292,1.12667790149821e-06,1.19238059703708e-09,,,,,,,,,0.533778958098972,-0.533778969284918,2.31563352885763e-13,0.533778973833253,0.0368436301608639,5.33894085969408e-10,-0.53377895340175,6.20676090690574e-09
right,-0.22160000000000002,-0.19965,-0.00112845577827145,-0.102817236879309,1.47433675137684e-09,-0.134300207627801,-0.018944417949616,1.15197113643956e-06,1.19238059703708e-09,,,,,,,,,0.514982958325418,-0.514982969696451,2.37773073776208e-13,0.514982973967092,0.0368349004170077,5.34869645906197e-10,-0.514982953611803,5.98349470769171e-09
right,-0.22160000000000002,-0.1712,-0.00264212623954659,-0.104824440231655,1.47433675137684e-09,-0.134300207627801,-0.0184746728757738,1.17709355921943e-06,1.19238059703708e-09,,,,,,,,,0.49593741386459,-0.495937425421118,2.4407661669988e-13,0.495937429418803,0.0367132912717932,5.33920288072251e-10,-0.495937409133509,5.7581582693665e-09
right,-0.22160000000000002,-0.14275,-0.00421385148556898,-0.106827577611704,1.47433675137684e-09,-0.134300207627801,-0.0179991849336658,1.2019126290736e-06,1.19238059703708e-09,,,,,,,,,0.476648098324643,-0.4766481100671,2.50438111022439e-13,0.476648113796664,0.0364765312518534,5.31028918494624e-10,-0.476648093575023,5.53087908341871e-09
right,-0.22160000000000002,-0.11429999999999998,-0.00584401463788563,-0.108824157908143,1.47433675137684e-09,-0.134300207627801,-0.0175182828352371,1.22628796697339e-06,1.19238059703708e-09,,,,,,,,,0.457120891298758,-0.457120903227611,2.56831750642326e-13,0.457120906693982,0.0361225802936661,5.26182976155997e-10,-0.457120886529523,5.30178631345724e-09
right,-0.22160000000000002,-0.08584999999999998,-0.00753290341181634,-0.110811661998463,1.47433675137684e-09,-0.134300207627801,-0.0170323063400198,1.25007176311444e-06,1.19238059703708e-09,,,,,,,,,0.437361752362261,-0.437361764478017,2.63226030005165e-13,0.437361767686212,0.0356496313277414,5.19374326719967e-10,-0.437361747572328,5.07101031124457e-09
right,-0.22160000000000002,-0.05740000000000001,-0.00928070906691826,-0.112787549405984,1.47433675137684e-09,-0.134300207627801,-0.0165416051127599,1.27310916349653e-06,1.19238059703708e-09,,,,,,,,,0.417376696410851,-0.417376708714066,2.69588076282675e-13,0.417376711669182,0.0350561102450864,5.10599128150701e-10,-0.417376691599134,4.83868209561561e-09
right,-0.22160000000000002,-0.028949999999999976,-0.0110875257318318,-0.114749264784796,1.47433675137684e-09,-0.134300207627801,-0.0160465375898916,1.29523872355541e-06,1.19238059703708e-09,,,,,,,,,0.397171770470765,-0.397171782962048,2.75883507614704e-13,0.397171785669263,0.0343406743576389,4.99857672387848e-10,-0.397171765636165,4.60493293663978e-09
right,-0.22160000000000002,-0.0005000000000000004,-0.0129533500826752,-0.11669424420316,1.47433675137684e-09,-0.134300207627801,-0.0155474698637342,1.31629290067514e-06,1.19238059703708e-09,,,,,,,,,0.376753032076904,-0.376753044756927,2.82077931283102e-13,0.376753047221494,0.0335022094765636,4.8715420391035e-10,-0.376753027218313,4.36989392111119e-09
right,-0.22160000000000002,0.027949999999999975,-0.014878081352602,-0.118619921201574,1.47433675137684e-09,-0.134300207627801,-0.0150447745922011,1.33609854895176e-06,1.19238059703708e-09,,,,,,,,,0.356126529282546,-0.356126542152051,2.8813364467351e-13,0.356126544379298,0.0325398257408424,4.72496722715845e-10,-0.356126524398838,4.13369563577832e-09
right,-0.22160000000000002,0.056400000000000006,-0.0168615216491619,-0.120523732607126,1.47433675137684e-09,-0.134300207627801,-0.0145388299407071,1.35447743204232e-06,1.19238059703708e-09,,,,,,,,,0.335298282334605,-0.335298295394414,2.94013195532675e-13,0.335298297389737,0.0314528523337103,4.55896772121031e-10,-0.335298277424638,3.89646785050558e-09
right,-0.22160000000000002,0.08484999999999998,-0.0189033765556348,-0.122403124090694,1.47433675137684e-09,-0.134300207627801,-0.0140300185618754,1.37124675439396e-06,1.19238059703708e-09,,,,,,,,,0.314274267021989,-0.31427428027301,2.99677724671581e-13,0.314274282041881,0.0302408312264757,4.37369215926734e-10,-0.314274262084599,3.65833929870471e-09
right,-0.22160000000000002,0.11330000000000001,-0.0210032559924895,-0.124255555458069,1.47433675137684e-09,-0.134300207627801,-0.0135187266175951,1.38621969768488e-06,1.19238059703708e-09,,,,,,,,,0.293060399681446,-0.293060413124684,3.05087463459894e-13,0.293060414672642,0.0289035100885013,4.16932008829279e-10,-0.293060394715443,3.4194374840177e-09
right,-0.22160000000000002,0.14175000000000004,-0.0231606753154765,-0.126078505670082,1.47433675137684e-09,-0.134300207627801,-0.0130053428469885,1.39920594668871e-06,1.19238059703708e-09,,,,,,,,,0.271662523825529,-0.271662537462094,3.10202562592856e-13,0.271662538794753,0.0274408344989913,3.94605960334434e-10,-0.271662518829694,3.17988850347164e-09
right,-0.22160000000000002,0.17019999999999996,-0.0253750566275346,-0.12786947759032,1.47433675137684e-09,-0.134300207627801,-0.0124902576829224,1.41001221393812e-06,1.19238059703708e-09,,,,,,,,,0.250086398340915,-0.250086412172035,3.14980391661357e-13,0.250086413295081,0.025852939591106,3.70414499790159e-10,-0.250086393313998,2.93981701013598e-09
right,-0.22160000000000002,0.19864999999999994,-0.0276457302826126,-0.129626002462015,1.47433675137684e-09,-0.134300207627801,-0.011973862418849,1.41844274777838e-06,1.19238059703708e-09,,,,,,,,,0.228337687192009,-0.228337701219037,3.19380351953032e-13,0.228337702138232,0.0241401412522315,3.44383438557526e-10,-0.228337682132719,2.69934611220218e-09
right,-0.22160000000000002,0.22710000000000002,-0.0299719365606128,-0.131345644118192,1.47433675137684e-09,-0.134300207627801,-0.0114565484270039,1.4242998509839e-06,1.19446613711105e-09,,,,,,,,,0.206421950554489,-0.206421964778918,3.23356271978771e-13,0.206421965500103,0.0223029269963076,3.16540737797304e-10,-0.206421945461495,2.45859736269164e-09
right,-0.22160000000000002,0.25555,-0.0323528274939129,-0.133026002931233,1.47433675137684e-09,-0.134300207627801,-0.0109387064283094,1.42738436124985e-06,1.20525878166688e-09,,,,,,,,,0.184344637295893,-0.184344651719367,3.26870072491902e-13,0.184344652248466,0.0203419466153331,2.86916279045184e-10,-0.184344632167815,2.21769083685978e-09
right,-0.22160000000000002,0.284,-0.034787468827252,-0.134664719509631,1.47433675137684e-09,-0.134300207627801,-0.0104207258137432,1.42749612490493e-06,1.21605434055816e-09,,,,,,,,,0.162111078715172,-0.162111093339498,3.29873151491224e-13,0.162111093682526,0.0182580027078098,2.55541641864416e-10,-0.162111073550576,1.97674514055554e-09
right,-0.19390000000000002,-0.285,0.00449711803153334,-0.0986608063018812,1.47433675137684e-09,-0.134300207627801,-0.0198773941650409,1.00641342593707e-06,1.19238059703708e-09,,,,,,,,,0.552805052846544,-0.552805063845769,2.06919684912948e-13,0.552805068688992,0.0367378314239449,5.31751992926239e-10,-0.552805048161529,6.43169260875858e-09
right,-0.19390000000000002,-0.25655,0.00315567745944317,-0.100706698846998,1.47433675137684e-09,-0.134300207627801,-0.0194202427965764,1.02788879682703e-06,1.19238059703708e-09,,,,,,,,,0.534271040881051,-0.534271052065049,2.1188675808357e-13,0.534271056626375,0.0368423555185342,5.34714065176866e-10,-0.53427103618043,6.20964266022583e-09
right,-0.19390000000000002,-0.22809999999999997,0.00175729051980988,-0.102755037513035,1.47433675137684e-09,-0.134300207627801,-0.0189567210298941,1.04915668278222e-06,1.19238059703708e-09,,,,,,,,,0.515481697177221,-0.515481708546386,2.16935167208872e-13,0.515481712830488,0.0368365687419097,5.35774838689295e-10,-0.515481692459897,5.98538309347314e-09
right,-0.19390000000000002,-0.19965,0.000301318992024372,-0.104803425637205,1.47433675137684e-09,-0.134300207627801,-0.0184871317036711,1.07009095674814e-06,1.19238059703708e-09,,,,,,,,,0.496442658295026,-0.496442669849773,2.22034836555633e-13,0.49644267386143,0.0367179655562453,5.34912508335561e-10,-0.496442653559899,5.75903696719013e-09
right,-0.19390000000000002,-0.1712,-0.00121278448192158,-0.106849422146847,1.47433675137684e-09,-0.134300207627801,-0.018011791004294,1.09055761062593e-06,1.19238059703708e-09,,,,,,,,,0.477159694686647,-0.477159706427421,2.27164904938199e-13,0.477159710171512,0.0364842684251238,5.32109877419261e-10,-0.477159689932617,5.53072956210514e-09
right,-0.19390000000000002,-0.14275,-0.00278547434488498,-0.108890548396022,1.47433675137684e-09,-0.134300207627801,-0.0175310273370026,1.1104150763312e-06,1.19238059703708e-09,,,,,,,,,0.457638683491433,-0.457638695418713,2.32288809281482e-13,0.457638698900212,0.0361334311574111,5.27354282654914e-10,-0.457638678717395,5.30058789594337e-09
right,-0.19390000000000002,-0.11429999999999998,-0.00441711048371513,-0.110924294919408,1.47433675137684e-09,-0.134300207627801,-0.0170451801847669,1.12951461073634e-06,1.19238059703708e-09,,,,,,,,,0.437885582499764,-0.43788559461407,2.37380150936203e-13,0.43788559783804,0.0356636405354625,5.20637489824387e-10,-0.437885577704606,5.06874011691438e-09
right,-0.19390000000000002,-0.08584999999999998,-0.00610795698550323,-0.112948128061503,1.47433675137684e-09,-0.134300207627801,-0.0165545989658107,1.14770069330471e-06,1.19238059703708e-09,,,,,,,,,0.417906405454086,-0.417906417755989,2.42405235000539e-13,0.417906420727576,0.035073316322859,5.11955560178948e-10,-0.417906400636687,4.83531505152252e-09
right,-0.19390000000000002,-0.05740000000000001,-0.00785818127333475,-0.114959496445054,1.47433675137684e-09,-0.134300207627801,-0.0160596418997333,1.16481147405184e-06,1.19238059703708e-09,,,,,,,,,0.397707198818889,-0.397707211309013,2.47328277429051e-13,0.397707214033448,0.0343611097629966,5.01308691395704e-10,-0.397707193978116,4.60044174475712e-09
right,-0.19390000000000002,-0.028949999999999976,-0.00966785360158823,-0.116955837248523,1.47433675137684e-09,-0.134300207627801,-0.0155606748911348,1.18067924750049e-06,1.19238059703708e-09,,,,,,,,,0.377294020116545,-0.377294032795582,2.52115733164359e-13,0.377294035278171,0.0335259006921451,4.88701037931649e-10,-0.377294015251252,4.36424905685586e-09
right,-0.19390000000000002,-0.0005000000000000004,-0.0115369468891017,-0.118934582268069,1.47433675137684e-09,-0.134300207627801,-0.0150580704385616,1.19513094330542e-06,1.19238059703708e-09,,,,,,,,,0.356672917893446,-0.356672930762158,2.56729730503156e-13,0.356672933008282,0.0325667933992322,4.7414051389183e-10,-0.356672913002469,4.12686533608135e-09
right,-0.19390000000000002,0.027949999999999975,-0.0134653368673851,-0.120893163744849,1.47433675137684e-09,-0.134300207627801,-0.0145522065754886,1.20798863258292e-06,1.19238059703708e-09,,,,,,,,,0.335849913351151,-0.335849926410382,2.61134992143357e-13,0.335849928425499,0.0314831113698067,4.57638581463967e-10,-0.335849908433304,3.88841807134893e-09
right,-0.19390000000000002,0.056400000000000006,-0.0154528025204415,-0.122829019943458,1.47433675137684e-09,-0.134300207627801,-0.0140434658489664,1.21907004649331e-06,1.19238059703708e-09,,,,,,,,,0.314830983650744,-0.314830996901428,2.65291044836407e-13,0.314830998691066,0.0302743910537064,4.39210027985468e-10,-0.31483097870482,3.64903369928117e-09
right,-0.19390000000000002,0.08484999999999998,-0.0174990267926034,-0.124739600471788,1.47433675137684e-09,-0.134300207627801,-0.0135322343405127,1.22818910148138e-06,1.19238059703708e-09,,,,,,,,,0.293622046875353,-0.293622060318524,2.69158930192277e-13,0.293622061888286,0.028940374795261,4.18872735871348e-10,-0.293622041900115,3.40883735566348e-09
right,-0.19390000000000002,0.11330000000000001,-0.0196035975410271,-0.126622371336654,1.47433675137684e-09,-0.134300207627801,-0.0130189007328319,1.23515640504632e-06,1.19238059703708e-09,,,,,,,,,0.272228948615964,-0.272228962252763,2.72699810517644e-13,0.272228963608325,0.02748100306178,3.96647448741163e-10,-0.272228943610142,3.16795276665153e-09
right,-0.19390000000000002,0.14175000000000004,-0.0217660087100539,-0.128474819733045,1.47433675137684e-09,-0.134300207627801,-0.0125038554250194,1.23977979026633e-06,1.19238059703708e-09,,,,,,,,,0.250657450129114,-0.250657463960803,2.75871282444603e-13,0.250657465107919,0.0258964061010108,3.72557533810024e-10,-0.250657445091404,2.92650210135774e-09
right,-0.19390000000000002,0.17019999999999996,-0.0239856617054797,-0.130294458567906,1.47433675137684e-09,-0.134300207627801,-0.0119874896980605,1.24186480103065e-06,1.19238059703708e-09,,,,,,,,,0.228913218001745,-0.228913232029717,2.7863250904796e-13,0.228913232974216,0.0241868951515816,3.46628746197849e-10,-0.228913212930801,2.68460594099534e-09
right,-0.19390000000000002,0.19864999999999994,-0.026261866947805,-0.132078830721902,1.47433675137684e-09,-0.134300207627801,-0.0114701949316668,1.2412152039139e-06,1.19418169797214e-09,,,,,,,,,0.207001815248092,-0.207001829473883,2.80941547470884e-13,0.207001830221678,0.0223529533225596,3.18888995092388e-10,-0.207001810142523,2.442383253552e-09
right,-0.19390000000000002,0.22710000000000002,-0.0285938455847251,-0.133825513054726,1.47433675137684e-09,-0.134300207627801,-0.010952361872817,1.23763345513857e-06,1.20497417599452e-09,,,,,,,,,0.184928693755872,-0.184928708181171,2.82758213695991e-13,0.18492870873826,0.0203952262494786,2.89368115528584e-10,-0.184928688614232,2.19995140809821e-09
right,-0.19390000000000002,0.25555,-0.0309807313444037,-0.135532120161175,1.47433675137684e-09,-0.134300207627801,-0.010434379955777,1.23092117764819e-06,1.21576976264137e-09,,,,,,,,,0.162699187993804,-0.162699202620471,2.84033542378494e-13,0.162699202992945,0.0183145126248542,2.58097645315842e-10,-0.162699182814593,1.95742621592122e-09
right,-0.19390000000000002,0.284,-0.03342157251242,-0.137196307886515,1.47433675137684e-09,-0.134300207627801,-0.00991663667286906,1.22087959936735e-06,1.22656035328461e-09,,,,,,,,,0.14031850988949,-0.140318524719569,2.84733388267821e-13,0.140318524913614,0.0161117546915657,2.2511061011966e-10,-0.140318504671143,1.71492202272275e-09
right,-0.16620000000000001,-0.285,0.00597826723330073,-0.100525708997889,1.47433675137684e-09,-0.134300207627801,-0.0194323775308522,9.29881051103364e-07,1.19238059703708e-09,,,,,,,,,0.534762946120917,-0.534762957302945,1.93071378568442e-13,0.534762961877203,0.0368410041991624,5.35332849671753e-10,-0.534762941416936,6.21526634135166e-09
right,-0.16620000000000001,-0.25655,0.00463865673446517,-0.102611916434037,1.47433675137684e-09,-0.134300207627801,-0.0189690198903857,9.47160930017028e-07,1.19238059703708e-09,,,,,,,,,0.515980262399799,-0.515980273767072,1.96964506245173e-13,0.51598027806457,0.0368381586475118,5.36477610883677e-10,-0.515980257678807,5.99002666234864e-09
right,-0.16620000000000001,-0.22809999999999997,0.0032415025369388,-0.104699831517361,1.47433675137684e-09,-0.134300207627801,-0.0184995865314393,9.63945540718623e-07,1.19238059703708e-09,,,,,,,,,0.496947733101943,-0.496947744654886,2.00875821067783e-13,0.496947748680444,0.0367225598376212,5.35701063333355e-10,-0.496947728362817,5.76268530565247e-09
right,-0.16620000000000001,-0.19965,0.00178618749112111,-0.1067870304209,1.47433675137684e-09,-0.134300207627801,-0.0180243933029376,9.80099398198962e-07,1.19238059703708e-09,,,,,,,,,0.477671125504637,-0.477671137243704,2.04779465576369e-13,0.477671141002243,0.036491924172338,5.32985906954435e-10,-0.477671120746248,5.53336544646099e-09
right,-0.16620000000000001,-0.1712,0.000272186232557715,-0.108871049007475,1.47433675137684e-09,-0.134300207627801,-0.0175437683026218,9.95479722488098e-07,1.19238059703708e-09,,,,,,,,,0.458156314275291,-0.458156326200972,2.08642586733953e-13,0.458156329697512,0.0361441993340397,5.28319377754836e-10,-0.458156309496506,5.30219192351411e-09
right,-0.16620000000000001,-0.14275,-0.00130093298002093,-0.110949389537999,1.47433675137684e-09,-0.134300207627801,-0.0170580507361057,1.0099368238856e-06,1.19238059703708e-09,,,,,,,,,0.438409255402167,-0.438409267514995,2.12442290945962e-13,0.438409270754645,0.0356775659569224,5.21693142442252e-10,-0.438409250601842,5.06929075106187e-09
right,-0.16620000000000001,-0.11429999999999998,-0.00293350682746665,-0.113019527267175,1.47433675137684e-09,-0.134300207627801,-0.0165675897743024,1.02331448959508e-06,1.19238059703708e-09,,,,,,,,,0.418435961458307,-0.418435973758867,2.16136571513419e-13,0.418435976746824,0.0350904376760874,5.13103164906654e-10,-0.41843595663529,4.83478858345957e-09
right,-0.16620000000000001,-0.08584999999999998,-0.00462577587726303,-0.115078916889891,1.47433675137684e-09,-0.134300207627801,-0.0160727434192004,1.03545043199011e-06,1.19238059703708e-09,,,,,,,,,0.398242478331394,-0.398242490820328,2.1969621914308e-13,0.398242493561872,0.0343814596643722,5.02549549707368e-10,-0.398242473484518,4.5988122922227e-09
right,-0.16620000000000001,-0.05740000000000001,-0.00637788389580302,-0.117124998807417,1.47433675137684e-09,-0.134300207627801,-0.0155738773869222,1.04617675885506e-06,1.19238059703708e-09,,,,,,,,,0.377834863517349,-0.377834876195365,2.23084942186531e-13,0.377834878695855,0.0335495057802642,4.90036362319902e-10,-0.377834858645429,4.36148855956266e-09
right,-0.16620000000000001,-0.028949999999999976,-0.00818987750494557,-0.119155205188142,1.47433675137684e-09,-0.134300207627801,-0.0150713640159116,1.05532044194322e-06,1.19238059703708e-09,,,,,,,,,0.357219166042912,-0.357219178910794,2.2626735351432e-13,0.357219181175667,0.0325936744589737,4.75571431057037e-10,-0.357219161144746,4.12294351425797e-09
right,-0.16620000000000001,-0.0005000000000000004,-0.0100617061605958,-0.121166965802922,1.47433675137684e-09,-0.134300207627801,-0.0145655812069938,1.06270382889432e-06,1.19238059703708e-09,,,,,,,,,0.336401408052688,-0.336401421111303,2.29205753414507e-13,0.336401423146073,0.0315132834840221,4.59166137491671e-10,-0.33640140312705,3.88330244023908e-09
right,-0.16620000000000001,0.027949999999999975,-0.0119932224302885,-0.123157713620047,1.47433675137684e-09,-0.134300207627801,-0.0140569114009666,1.0681451460073e-06,1.19238059703708e-09,,,,,,,,,0.315387568069491,-0.315387581319796,2.31862094662416e-13,0.315387583130052,0.0303078637788545,4.40835193013854e-10,-0.315387563115128,3.64268951110708e-09
right,-0.16620000000000001,0.056400000000000006,-0.0139841825464594,-0.125124890149388,1.47433675137684e-09,-0.134300207627801,-0.0135457405983281,1.07145900269998e-06,1.19238059703708e-09,,,,,,,,,0.294183565913517,-0.294183579356574,2.34196779051648e-13,0.294183580947978,0.0289771523573569,4.20596409420421e-10,-0.294183560929145,3.40122758100544e-09
right,-0.16620000000000001,0.08484999999999998,-0.0160342472122058,-0.127065950529292,1.47433675137684e-09,-0.134300207627801,-0.0130324574247499,1.07245691065328e-06,1.19238059703708e-09,,,,,,,,,0.272795249245955,-0.272795262882938,2.36171957753735e-13,0.272795264261231,0.0275210845691392,3.98470464104773e-10,-0.272795244230257,3.1590380413276e-09
right,-0.16620000000000001,0.11330000000000001,-0.0181429826367987,-0.128978368353394,1.47433675137684e-09,-0.134300207627801,-0.0125174522449771,1.07094778726064e-06,1.19238059703708e-09,,,,,,,,,0.251228381686031,-0.251228395518235,2.37746681353848e-13,0.251228396689236,0.0259397857704191,3.74480663364517e-10,-0.251228376637648,2.9162406784656e-09
right,-0.16620000000000001,0.14175000000000004,-0.020309861778944,-0.130859640237543,1.47433675137684e-09,-0.134300207627801,-0.012001116326984,1.06673843818065e-06,1.19238059703708e-09,,,,,,,,,0.229488632437047,-0.229488646465904,2.38877281401152e-13,0.22948864743551,0.0242335625447225,3.4865270650713e-10,-0.229488627354577,2.67295363268817e-09
right,-0.16620000000000001,0.17019999999999996,-0.0225342657767553,-0.132707290129673,1.47433675137684e-09,-0.134300207627801,-0.0114838410574503,1.05963405976866e-06,1.19389731434438e-09,,,,,,,,,0.207581567346555,-0.207581581573642,2.39525698297517e-13,0.207581582347836,0.022402893589744,3.2101445181276e-10,-0.207581562228546,2.42929334127356e-09
right,-0.16620000000000001,0.19864999999999994,-0.024815485544516,-0.134518873367564,1.47433675137684e-09,-0.134300207627801,-0.0109660172089393,1.04943871068522e-06,1.20468957032216e-09,,,,,,,,,0.185512641318083,-0.185512655745136,2.39648003674102e-13,0.185512656329991,0.0204484203779671,2.9159568859175e-10,-0.185512636163029,2.18537457446461e-09
right,-0.16620000000000001,0.22710000000000002,-0.0271527235175498,-0.136291980491171,1.47433675137684e-09,-0.134300207627801,-0.0104480342585684,1.03595575828926e-06,1.21548518472459e-09,,,,,,,,,0.16328719198657,-0.163287206615501,2.392040112598e-13,0.163287207017181,0.0183709376893091,2.60427912998978e-10,-0.163287186792901,1.9413104437989e-09
right,-0.16620000000000001,0.25555,-0.0295450955278217,-0.13802424081754,1.47433675137684e-09,-0.134300207627801,-0.00993027975745353,1.01898833932246e-06,1.226276025168e-09,,,,,,,,,0.140910434566571,-0.14091044939948,2.38150787778497e-13,0.140910449624253,0.0161713841044302,2.27544114166911e-10,-0.140910429332653,1.69721251683232e-09
right,-0.16620000000000001,0.284,-0.0319916327942356,-0.139713325787318,1.47433675137684e-09,-0.134300207627801,-0.00941313874977986,9.98339801836498e-07,1.23705407029107e-09,,,,,,,,,0.11838745778104,-0.118387472820232,2.3644607759761e-13,0.118387472874472,0.013850832537652,1.92978567591457e-10,-0.11838745250516,1.45319090194118e-09
right,-0.1385,-0.285,0.00751337568888997,-0.102388070480076,1.47433675137684e-09,-0.134300207627801,-0.0189813145254525,8.4597159468242e-07,1.19238059703708e-09,,,,,,,,,0.516478653889941,-0.5164786652553,1.77860219297067e-13,0.516478669566129,0.0368396701777504,5.36978756416418e-10,-0.516478649165323,5.99741458676108e-09
right,-0.1385,-0.25655,0.00617610960826176,-0.104513824404309,1.47433675137684e-09,-0.134300207627801,-0.0185120373532068,8.58644703057494e-07,1.19238059703708e-09,,,,,,,,,0.497452638179991,-0.497452649731105,1.8059118776051e-13,0.497452653770493,0.0367270741556529,5.36286770713715e-10,-0.49745263343691,5.76909184016769e-09
right,-0.1385,-0.22809999999999997,0.00478070203468836,-0.10664053727033,1.47433675137684e-09,-0.134300207627801,-0.0180369918235128,8.70525062635972e-07,1.19238059703708e-09,,,,,,,,,0.478182390671612,-0.478182402408945,1.83278936719033e-13,0.478182406181856,0.0364994985289798,5.33657849373599e-10,-0.478182385908912,5.53877456752956e-09
right,-0.1385,-0.19965,0.00332655714041482,-0.108765761480436,1.47433675137684e-09,-0.134300207627801,-0.0175565057258198,8.81468669160083e-07,1.19238059703708e-09,,,,,,,,,0.458673783542147,-0.458673795466201,1.85894636332295e-13,0.458673798977698,0.036154884854773,5.29079127978188e-10,-0.458673778758667,5.30658549921403e-09
right,-0.1385,-0.1712,0.00181317170621488,-0.11088701308058,1.47433675137684e-09,-0.134300207627801,-0.0170709179875907,8.91324860784271e-07,1.19238059703708e-09,,,,,,,,,0.438932770960538,-0.438932783071859,1.8840503376335e-13,0.438932786327099,0.0356914076190937,5.22542174172169e-10,-0.438932766155105,5.07264855030746e-09
right,-0.1385,-0.14275,0.000240136751208374,-0.113001778316907,1.47433675137684e-09,-0.134300207627801,-0.0165805775316396,8.99936716077555e-07,1.19238059703708e-09,,,,,,,,,0.418965364314247,-0.418965376613434,1.90779684028235e-13,0.418965379617661,0.0351074743275373,5.14042856496239e-10,-0.418965359485674,4.83708822964314e-09
right,-0.1385,-0.11429999999999998,-0.00139286122603788,-0.115107520054598,1.47433675137684e-09,-0.134300207627801,-0.0160858421415678,9.07141494095013e-07,1.19238059703708e-09,,,,,,,,,0.398777608899061,-0.398777621386772,1.92983425923943e-13,0.398777624145317,0.0344017240803896,5.03581186146755e-10,-0.398777604046149,4.60002927406538e-09
right,-0.1385,-0.08584999999999998,-0.00308603937699728,-0.11720168402745,1.47433675137684e-09,-0.134300207627801,-0.0155870773442616,9.1277107068606e-07,1.19238059703708e-09,,,,,,,,,0.378375562170494,-0.378375574847456,1.94984362680928e-13,0.37837557736573,0.0335730247554898,4.91161139408811e-10,-0.378375557292022,4.36159621502445e-09
right,-0.1385,-0.05740000000000001,-0.00483951798306166,-0.11928170489223,1.47433675137684e-09,-0.134300207627801,-0.0150846553173253,9.16652442430125e-07,1.19238059703708e-09,,,,,,,,,0.357765273622842,-0.357765286489856,1.96743057212153e-13,0.357765288773352,0.0326204689306873,4.76790460231253e-10,-0.357765268717568,4.12191301505745e-09
right,-0.1385,-0.028949999999999976,-0.00665332026414898,-0.121345012067108,1.47433675137684e-09,-0.134300207627801,-0.0145789538282242,9.1860820194289e-07,1.19238059703708e-09,,,,,,,,,0.336952766332124,-0.336952779390081,1.9822360986114e-13,0.336952781444368,0.0315433686831513,4.60480449925175e-10,-0.336952761398781,3.88110278404288e-09
right,-0.1385,-0.0005000000000000004,-0.00852737249345956,-0.123389035338455,1.47433675137684e-09,-0.134300207627801,-0.0140703552108222,9.18457029915282e-07,1.19238059703708e-09,,,,,,,,,0.315944020172406,-0.315944033422289,1.99388904815842e-13,0.315944035253014,0.0303412494050252,4.42245744640863e-10,-0.315944015209698,3.63928749399104e-09
right,-0.1385,0.027949999999999975,-0.0104615043953704,-0.125411210224769,1.47433675137684e-09,-0.134300207627801,-0.0135592453839488,9.16014199009457e-07,1.19238059703708e-09,,,,,,,,,0.294744956691607,-0.294744970134505,2.00199809599846e-13,0.294744971747393,0.0290138427743541,4.22104085636259e-10,-0.294744951698203,3.39658776775827e-09
right,-0.1385,0.056400000000000006,-0.0124554498034498,-0.127408983090595,1.47433675137684e-09,-0.134300207627801,-0.0130460129156274,9.11092090637427e-07,1.19238059703708e-09,,,,,,,,,0.273361425612873,-0.273361439249988,2.00616756474082e-13,0.273361440650842,0.0275610790172504,4.00076085116952e-10,-0.273361420587405,3.15312272835784e-09
right,-0.1385,0.08484999999999998,-0.0145088475559285,-0.129379816006868,1.47433675137684e-09,-0.134300207627801,-0.0125310481356721,9.03500658254673e-07,1.19238059703708e-09,,,,,,,,,0.251799192910913,-0.251799206743578,2.0060131945867e-13,0.251799207938281,0.0259830785922944,3.76184989240608e-10,-0.251799187851972,2.90900984783345e-09
right,-0.1385,0.11330000000000001,-0.0166212426066087,-0.131321191357196,1.47433675137684e-09,-0.134300207627801,-0.0120147422985016,8.93047951945502e-07,1.19238059703708e-09,,,,,,,,,0.230063930399187,-0.230063944428869,2.00112500328312e-13,0.230063945423387,0.0242801434215691,3.50456442018657e-10,-0.230063925305316,2.66436488479574e-09
right,-0.1385,0.14175000000000004,-0.0187920873300741,-0.133230616192279,1.47433675137684e-09,-0.134300207627801,-0.0114974867972551,8.79540559671296e-07,1.19361291683884e-09,,,,,,,,,0.208161206753299,-0.208161220981616,1.99106592968077e-13,0.208161221782003,0.0224527477849008,3.22918251804891e-10,-0.208161201622985,2.4193018470839e-09
right,-0.1385,0.17019999999999996,-0.0210207430011238,-0.135105626336779,1.47433675137684e-09,-0.134300207627801,-0.0109796724296076,8.62784109745846e-07,1.20440499240537e-09,,,,,,,,,0.186096479888204,-0.18609649431694,1.97546900452263e-13,0.186096494929338,0.0205015289851373,2.9360016214977e-10,-0.186096474719879,2.17393298025793e-09
right,-0.1385,0.19864999999999994,-0.0233064814295343,-0.136943790254789,1.47433675137684e-09,-0.134300207627801,-0.0104616887150903,8.42583685352756e-07,1.2152006068078e-09,,,,,,,,,0.16387509060149,-0.163875105232607,1.95388421346866e-13,0.163875105663258,0.0184272778829873,2.62533629040045e-10,-0.163875085393519,1.92836881088989e-09
right,-0.1385,0.22710000000000002,-0.0256484867325263,-0.138742712681373,1.47433675137684e-09,-0.134300207627801,-0.00994392326320963,8.1874429627407e-07,1.22599166929582e-09,,,,,,,,,0.141502257391846,-0.141502272227499,1.92592079326076e-13,0.141502272482748,0.0162309293903085,2.297516053128e-10,-0.141502252142521,1.68271819868413e-09
right,-0.1385,0.25555,-0.0280458572286211,-0.140500038028739,1.47433675137684e-09,-0.134300207627801,-0.00942676119122794,7.91071306931539e-07,1.23677015850809e-09,,,,,,,,,0.118983072360541,-0.118983087403099,1.8911548414672e-13,0.118983087489401,0.0139135530010502,1.95288335186642e-10,-0.118983067068078,1.43708845874868e-09
right,-0.1385,0.284,-0.0304976074378931,-0.142213453576292,1.47433675137684e-09,-0.134300207627801,-0.00891058459011742,7.59370877625374e-07,1.24752810859441e-09,,,,,,,,,0.0963224981040521,-0.096322513356111,1.84917073726253e-13,0.0963225132800435,0.0114763434294817,1.59179155082145e-10,-0.0963224927665785,1.19158544980296e-09
right,-0.11080000000000001,-0.285,0.00910283219692864,-0.104245635659338,1.47433675137684e-09,-0.134300207627801,-0.0185244841631077,7.54175856751027e-07,1.19238059703708e-09,,,,,,,,,0.497957373423866,-0.49795738497313,1.61180157865276e-13,0.497957389026277,0.0367315085501836,5.36670419667906e-10,-0.497957368676875,5.77824545272626e-09
right,-0.11080000000000001,-0.25655,0.00776840266850573,-0.106410143728368,1.47433675137684e-09,-0.134300207627801,-0.018049586559941,7.61821685468515e-07,1.19238059703708e-09,,,,,,,,,0.478693490080604,-0.47869350181618,1.62660447883733e-13,0.478693505603386,0.0365069915306441,5.34126517629582e-10,-0.478693485313643,5.54694514484214e-09
right,-0.11080000000000001,-0.22809999999999997,0.00637523344355988,-0.108574855116576,1.47433675137684e-09,-0.134300207627801,-0.017569239600326,7.68368663861635e-07,1.19238059703708e-09,,,,,,,,,0.459191091183836,-0.459191103106239,1.64033943209872e-13,0.459191106632609,0.0361654877509431,5.29634370321517e-10,-0.459191086395714,5.31375616579437e-09
right,-0.11080000000000001,-0.19965,0.00492275026040016,-0.110737301701816,1.47433675137684e-09,-0.134300207627801,-0.0170837819327805,7.73665157267669e-07,1.19238059703708e-09,,,,,,,,,0.439456129065958,-0.439456141175746,1.65268711958522e-13,0.439456144446483,0.0357051655490601,5.23185446812189e-10,-0.439456124255474,5.07880030417219e-09
right,-0.11080000000000001,-0.1712,0.00341047219155485,-0.112894982793399,1.47433675137684e-09,-0.134300207627801,-0.0165935622312306,7.77553508433412e-07,1.19238059703708e-09,,,,,,,,,0.419494613912644,-0.419494626210429,1.66332826459643e-13,0.419494629230827,0.0351244263000835,5.14775519918959e-10,-0.419494609078579,4.84220000316414e-09
right,-0.11080000000000001,-0.14275,0.00183801307230821,-0.115045371517877,1.47433675137684e-09,-0.134300207627801,-0.0160989380601138,7.79870493606077e-07,1.19238059703708e-09,,,,,,,,,0.399312590412669,-0.399312602899127,1.67191918824692e-13,0.399312605674564,0.0344219030297799,5.04404508907321e-10,-0.399312585553789,4.60407788613083e-09
right,-0.11080000000000001,-0.11429999999999998,0.000205082553618548,-0.117185921046673,1.47433675137684e-09,-0.134300207627801,-0.0156002747563208,7.80447752626778e-07,1.19238059703708e-09,,,,,,,,,0.378916115967153,-0.378916128643026,1.67810768795666e-13,0.378916131178967,0.0335964576324962,4.92076301433297e-10,-0.378916111082201,4.36455636536518e-09
right,-0.11080000000000001,-0.08584999999999998,-0.00148851320116539,-0.11931407063889,1.47433675137684e-09,-0.134300207627801,-0.0150979443358793,7.7911226582894e-07,1.19238059703708e-09,,,,,,,,,0.35831124052512,-0.358311253391231,1.68153723895276e-13,0.358311255693223,0.0326471768250956,4.77798557106485e-10,-0.358311235612816,4.12375728284816e-09
right,-0.11080000000000001,-0.05740000000000001,-0.00324287115474205,-0.121427251477885,1.47433675137684e-09,-0.134300207627801,-0.0145923244321832,7.75686828027267e-07,1.19238059703708e-09,,,,,,,,,0.337503988082345,-0.337504001139605,1.68187231432665e-13,0.337504003213273,0.0315733669740875,4.61582497744356e-10,-0.337503983141381,3.88180159726013e-09
right,-0.11080000000000001,-0.028949999999999976,-0.00505799134733489,-0.123522892285142,1.47433675137684e-09,-0.134300207627801,-0.0140837972714813,7.69990551488863e-07,1.19238059703708e-09,,,,,,,,,0.316500339853639,-0.316500353103058,1.67870486784369e-13,0.316500354954107,0.0303745479354195,4.43442684469894e-10,-0.316500334882677,3.63880913499857e-09
right,-0.11080000000000001,-0.0005000000000000004,-0.0069337771385272,-0.125598424699478,1.47433675137684e-09,-0.134300207627801,-0.0135727486902838,7.61839345310936e-07,1.19238059703708e-09,,,,,,,,,0.295306219105269,-0.295306232547961,1.67166279273311e-13,0.295306234182176,0.0290504460459085,4.23396789185531e-10,-0.295306214102931,3.39489833480942e-09
right,-0.11080000000000001,0.027949999999999975,-0.00887003571664201,-0.127651288413688,1.47433675137684e-09,-0.134300207627801,-0.01305956719835,7.51046406217945e-07,1.19238059703708e-09,,,,,,,,,0.273927477614057,-0.273927491251256,1.66035588504795e-13,0.273927492674503,0.027600986402383,4.01465359048156e-10,-0.273927472578928,3.15018609944206e-09
right,-0.11080000000000001,0.056400000000000006,-0.0108664788530985,-0.129678936064356,1.47433675137684e-09,-0.134300207627801,-0.0125446430899814,7.37422713082517e-07,1.19238059703708e-09,,,,,,,,,0.252369883702971,-0.252369897536041,1.64438015872968e-13,0.252369898754268,0.0260262845596835,3.77671580794445e-10,-0.252369878633588,2.90478765558676e-09
right,-0.11080000000000001,0.08484999999999998,-0.0129227238797312,-0.131678837873679,1.47433675137684e-09,-0.134300207627801,-0.0120283676054958,7.20777493860918e-07,1.19238059703708e-09,,,,,,,,,0.230639111789397,-0.230639125819844,1.62336223749067e-13,0.230639126839082,0.0243266377721158,3.52041043955439e-10,-0.230639106684247,2.65881645829719e-09
right,-0.11080000000000001,0.11330000000000001,-0.015038294867858,-0.133648486044807,1.47433675137684e-09,-0.134300207627801,-0.0115111321439819,7.00918716857857e-07,1.19332851933329e-09,,,,,,,,,0.208740733371702,-0.208740747601186,1.59686885955002e-13,0.208740748427559,0.0225025158951438,3.2460150718039e-10,-0.208740728229217,2.41238415109079e-09
right,-0.11080000000000001,0.14175000000000004,-0.0172126239888788,-0.135585398914455,1.47433675137684e-09,-0.134300207627801,-0.0109933275277526,6.77653521908651e-07,1.20412038673301e-09,,,,,,,,,0.186680209371864,-0.186680223802213,1.56451895096393e-13,0.186680224441936,0.0205545520553977,2.95382669539492e-10,-0.186680204190411,2.16560054531879e-09
right,-0.11080000000000001,0.17019999999999996,-0.0194450530373167,-0.13748712486832,1.47433675137684e-09,-0.134300207627801,-0.0104753433183145,6.50788684338823e-07,1.21491600113544e-09,,,,,,,,,0.164462883746529,-0.164462898379755,1.52587078251473e-13,0.164462898839144,0.0184835331877658,2.64415946901687e-10,-0.164462878524408,1.91857365924561e-09
right,-0.11080000000000001,0.19864999999999994,-0.0217348350984428,-0.139351246026292,1.47433675137684e-09,-0.134300207627801,-0.00995756718316063,6.20131058230066e-07,1.22570728566807e-09,,,,,,,,,0.14209397827568,-0.142093993113995,1.48055509830594e-13,0.142093993399471,0.0162903905287198,2.3173425701303e-10,-0.142093973011115,1.67140974987923e-09
right,-0.11080000000000001,0.22710000000000002,-0.0240811363439055,-0.141175381705504,1.47433675137684e-09,-0.134300207627801,-0.00944038431225989,5.8548797744167e-07,1.23648621896955e-09,,,,,,,,,0.119578588436757,-0.119578603482588,1.42815476497837e-13,0.119578603600689,0.0139761901453272,1.97371812645182e-10,-0.119578583127887,1.42421342835826e-09
right,-0.11080000000000001,0.25555,-0.0264830379400865,-0.142957191670066,1.47433675137684e-09,-0.134300207627801,-0.00892417688276283,5.46667736971933e-07,1.2472448074341e-09,,,,,,,,,0.096921680272314,-0.0969216955283268,1.36823923516052e-13,0.0969216954857116,0.0115421235698374,1.61363923363314e-10,-0.0969216749171889,1.17708773947697e-09
right,-0.11080000000000001,0.284,-0.0289395380551997,-0.14469437917683,1.47433675137684e-09,-0.134300207627801,-0.00840932357015779,5.03480004194029e-07,1.25797516847825e-09,,,,,,,,,0.0741280881609077,-0.0741281036300218,1.30042296449218e-13,0.074128103433486,0.00898949860044062,1.23746810856784e-10,-0.0741280827574752,9.30134344933549e-10
right,-0.08310000000000001,-0.285,0.0107469406842015,-0.106096116799011,1.47433675137684e-09,-0.134300207627801,-0.0180621775061489,6.53976371353435e-07,1.19238059703708e-09,,,,,,,,,0.47920442362468,-0.479204435358476,1.4292072659733e-13,0.4792044391599,0.0365144032130382,5.34392698878972e-10,-0.479204418853505,5.55786581349979e-09
right,-0.08310000000000001,-0.25655,0.00941581711835072,-0.108298566579713,1.47433675137684e-09,-0.134300207627801,-0.0175819699198749,6.56166485100893e-07,1.19238059703708e-09,,,,,,,,,0.459708237092218,-0.459708249012944,1.43061986171351e-13,0.459708252554105,0.0361760080539943,5.2998591486468e-10,-0.459708232299507,5.32369183955872e-09
right,-0.08310000000000001,-0.22809999999999997,0.00802535537821973,-0.110500460308681,1.47433675137684e-09,-0.134300207627801,-0.0170966425652381,6.56944149913586e-07,1.19238059703708e-09,,,,,,,,,0.439979329609522,-0.439979341717749,1.4302972551028e-13,0.439979345003894,0.0357188397740157,5.23623793136657e-10,-0.439979324794043,5.08773324219995e-09
right,-0.08310000000000001,-0.19965,0.00657500300258233,-0.112699312418888,1.47433675137684e-09,-0.134300207627801,-0.0166065438664877,6.56150979967532e-07,1.19238059703708e-09,,,,,,,,,0.420023710144243,-0.420023722440598,1.42791609523811e-13,0.420023725477068,0.0351412936167107,5.15302011533405e-10,-0.420023705304747,4.85011038831503e-09
right,-0.08310000000000001,-0.1712,0.00506430149409474,-0.114892608380535,1.47433675137684e-09,-0.134300207627801,-0.0161120311681202,6.53623245109926e-07,1.19238059703708e-09,,,,,,,,,0.399847422762993,-0.399847435248165,1.42314130770618e-13,0.39984743804039,0.0344419965313824,5.05020397499992e-10,-0.399847417898211,4.61094383064553e-09
right,-0.08310000000000001,-0.14275,0.00349288755407551,-0.117077810901408,1.47433675137684e-09,-0.134300207627801,-0.0156134696162707,6.49192317032942e-07,1.19238059703708e-09,,,,,,,,,0.379456524798485,-0.379456537473236,1.41562743425097e-13,0.379456540026731,0.0336198044260627,4.92782750534927e-10,-0.379456519907126,4.37035389746102e-09
right,-0.08310000000000001,-0.11429999999999998,0.00186049395558435,-0.119252365952974,1.47433675137684e-09,-0.134300207627801,-0.0151112310646525,6.42685132927725e-07,1.19238059703708e-09,,,,,,,,,0.358857066641615,-0.358857079506787,1.40501841248675e-13,0.358857081827152,0.0326737981530236,4.78596647002053e-10,-0.35885706172236,4.1284603341196e-09
right,-0.08310000000000001,-0.08584999999999998,0.000166950075206132,-0.121413708600145,1.47433675137684e-09,-0.134300207627801,-0.0146056930118765,6.33924676677982e-07,1.19238059703708e-09,,,,,,,,,0.338055073196218,-0.338055086252744,1.390951431864e-13,0.33805508834566,0.0316032783638236,4.62473229083101e-10,-0.338055068247719,3.88538200931544e-09
right,-0.08310000000000001,-0.05740000000000001,-0.00158781789483448,-0.123559268617465,1.47433675137684e-09,-0.134300207627801,-0.0140972375758931,6.2273045145402e-07,1.19238059703708e-09,,,,,,,,,0.317056527007318,-0.317056540256229,1.37304775520727e-13,0.317056542127459,0.0304077593733337,4.4442698382977e-10,-0.317056522028191,3.64123660540662e-09
right,-0.08310000000000001,-0.028949999999999976,-0.00340378703189792,-0.125686475879051,1.47433675137684e-09,-0.134300207627801,-0.0135862505102432,6.08918958004847e-07,1.19238059703708e-09,,,,,,,,,0.29586735305012,-0.29586736649256,1.35094232046099e-13,0.295867368147949,0.0290869621717683,4.24475513612577e-10,-0.295867348038946,3.39614043955337e-09
right,-0.08310000000000001,-0.0005000000000000004,-0.00528083804290956,-0.127792765513651,1.47433675137684e-09,-0.134300207627801,-0.0130731202658041,5.92304185017046e-07,1.19238059703708e-09,,,,,,,,,0.274493405146819,-0.274493418784052,1.32423339712684e-13,0.274493420229526,0.0276408067208937,4.02639301731441e-10,-0.274493400102133,3.15020824615312e-09
right,-0.08310000000000001,0.027949999999999975,-0.00721875587664629,-0.129875582819836,1.47433675137684e-09,-0.134300207627801,-0.0125582371007828,5.72698086218956e-07,1.19238059703708e-09,,,,,,,,,0.252940453961384,-0.252940467794806,1.29254681095398e-13,0.252940469036378,0.0260694036657166,3.78941475840464e-10,-0.252940448881671,2.90355305472062e-09
right,-0.08310000000000001,0.056400000000000006,-0.00921723056633902,-0.131932387939474,1.47433675137684e-09,-0.134300207627801,-0.0120419922408492,5.49911051877185e-07,1.19238059703708e-09,,,,,,,,,0.231214176508872,-0.231214190540026,1.25547640457968e-13,0.231214191583795,0.0243730455864352,3.53407571444576e-10,-0.231214171392567,2.65628608284063e-09
right,-0.08310000000000001,0.08484999999999998,-0.0112758582813224,-0.133960660290364,1.47433675137684e-09,-0.134300207627801,-0.0115247770905312,5.23752360581249e-07,1.19304413570553e-09,,,,,,,,,0.209320147105106,-0.209320161335693,1.2126296801644e-13,0.209320162187849,0.0225521979076617,3.26065298583798e-10,-0.209320141950581,2.40851668065751e-09
right,-0.08310000000000001,0.11330000000000001,-0.0133941425673905,-0.135957902761144,1.47433675137684e-09,-0.134300207627801,-0.0110069824963047,4.94030651585607e-07,1.20383580881622e-09,,,,,,,,,0.187263829674653,-0.187263844106546,1.16359658671476e-13,0.187263844773378,0.0206074895732267,2.96944312011723e-10,-0.187263824480215,2.16035231071444e-09
right,-0.08310000000000001,0.14175000000000004,-0.0155714957565943,-0.137921645673437,1.47433675137684e-09,-0.134300207627801,-0.0104889980612122,4.60554346195408e-07,1.21463142321865e-09,,,,,,,,,0.165050571329608,-0.165050585964868,1.1079969466345e-13,0.165050586452763,0.0185397035855874,2.66075988360044e-10,-0.16505056609349,1.91189854734691e-09
right,-0.08310000000000001,0.17019999999999996,-0.0178072405284032,-0.139849450517712,1.47433675137684e-09,-0.134300207627801,-0.0099712115103287,4.23132087275654e-07,1.22542292979588e-09,,,,,,,,,0.142685597128393,-0.142685611969286,1.04541302723509e-13,0.142685612284745,0.0163497674992437,2.33493210696267e-10,-0.142685591848751,1.6632591537431e-09
right,-0.08310000000000001,0.19864999999999994,-0.0201006116054013,-0.141738913470385,1.47433675137684e-09,-0.134300207627801,-0.00945400810595817,3.81573167778882e-07,1.236202279431e-09,,,,,,,,,0.120174005922451,-0.120174020971466,9.75425893333904e-14,0.120174021121103,0.0140387439478704,1.99230160873329e-10,-0.120174000597349,1.41453612147333e-09
right,-0.08310000000000001,0.22710000000000002,-0.0224507575679671,-0.143587668700593,1.47433675137684e-09,-0.134300207627801,-0.00893777011109059,3.35687955562368e-07,1.24696150627379e-09,,,,,,,,,0.0975207671988765,-0.0975207824587439,8.97695813951845e-14,0.0975207824493035,0.0116078212753021,1.63322123037402e-10,-0.0975207618262875,1.16582981477828e-09
right,-0.08310000000000001,0.25555,-0.0248567427736681,-0.145393391475559,1.47433675137684e-09,-0.134300207627801,-0.00842287629935791,2.85288347886016e-07,1.25769272774079e-09,,,,,,,,,0.0747307188286363,-0.0747307343023491,8.11750132762809e-14,0.074730734140713,0.00905830433120817,1.25805295522429e-10,-0.0747307134064242,9.1723905168316e-10
right,-0.08310000000000001,0.284,-0.0273175493683527,-0.147153801073832,1.47433675137684e-09,-0.134300207627801,-0.00790970150950952,2.30346432149436e-07,1.26838811675967e-09,,,,,,,,,0.0518085656325812,-0.0518085813234188,7.17240971103453e-14,0.0518085810166194,0.00639160548342051,8.67166153200023e-11,-0.0518085601584971,6.68861278861804e-10
right,-0.055400000000000005,-0.285,0.0124459189378498,-0.107937199641243,1.47433675137684e-09,-0.134300207627801,-0.0175946966782056,5.44848922009322e-07,1.19238059703708e-09,,,,,,,,,0.460225221159177,-0.4602252330782,1.22974614475267e-13,0.460225236634071,0.036186445795482,5.30134543920146e-10,-0.460225216361928,5.33638088773094e-09
right,-0.055400000000000005,-0.25655,0.0111185476907843,-0.110176762330343,1.47433675137684e-09,-0.134300207627801,-0.0171094998785306,5.41148299968226e-07,1.19238059703708e-09,,,,,,,,,0.440502372482337,-0.440502384588976,1.21684865033679e-13,0.440502387890441,0.0357324303212662,5.23858018753406e-10,-0.440502367661919,5.09943501454507e-09
right,-0.055400000000000005,-0.22809999999999997,0.00973123972629816,-0.11241500885067,1.47433675137684e-09,-0.134300207627801,-0.0166195224308266,5.35715252301291e-07,1.19238059703708e-09,,,,,,,,,0.420552652899789,-0.420552665194685,1.20154524639454e-13,0.420552668247131,0.0351580763005132,5.15623159681853e-10,-0.420552648054922,4.86080631681847e-09
right,-0.055400000000000005,-0.19965,0.00828346460477869,-0.114649439087839,1.47433675137684e-09,-0.134300207627801,-0.0161251214588716,5.28385531462759e-07,1.19238059703708e-09,,,,,,,,,0.400382105840806,-0.400382118324662,1.18350907566738e-13,0.40038212113357,0.0344620046041435,5.05429703164311e-10,-0.400382100970187,4.62061328500238e-09
right,-0.055400000000000005,-0.1712,0.00677478638603991,-0.116877527376627,1.47433675137684e-09,-0.134300207627801,-0.0156266619172846,5.18990231124845e-07,1.19238059703708e-09,,,,,,,,,0.379996788555643,-0.379996801229239,1.16237115705775e-13,0.379996803800174,0.0336430651510736,4.93281361203097e-10,-0.379996783657946,4.37897420345844e-09
right,-0.055400000000000005,-0.14275,0.00520486467837993,-0.119096728505229,1.47433675137684e-09,-0.134300207627801,-0.015124515496726,5.07356222319425e-07,1.19238059703708e-09,,,,,,,,,0.359402751864181,-0.359402764728378,1.13780411388882e-13,0.359402767066993,0.0327003329253986,4.79185626451869e-10,-0.35940274693805,4.13600674996362e-09
right,-0.055400000000000005,-0.11429999999999998,0.00357345534049393,-0.121304483533226,1.47433675137684e-09,-0.134300207627801,-0.0146190595603112,4.93306645709324e-07,1.19238059703708e-09,,,,,,,,,0.338606021566592,-0.338606034622344,1.10943741259424e-13,0.338606036734376,0.031633102859451,4.63153562893004e-10,-0.338606016610639,3.89182771689651e-09
right,-0.055400000000000005,-0.08584999999999998,0.0018804108573566,-0.123498225405328,1.47433675137684e-09,-0.134300207627801,-0.0141106761170088,4.76661357925155e-07,1.19238059703708e-09,,,,,,,,,0.317612581527543,-0.317612594775907,1.07690304049821e-13,0.317612596667175,0.0304408837221597,4.45199583662074e-10,-0.317612576540344,3.64655270426915e-09
right,-0.055400000000000005,-0.05740000000000001,0.000125680412025639,-0.125675384347486,1.47433675137684e-09,-0.134300207627801,-0.0135997508367382,4.57237434818037e-07,1.19238059703708e-09,,,,,,,,,0.29642835842175,-0.296428371863894,1.03982283176619e-13,0.296428373540303,0.0291233911517731,4.25341222221754e-10,-0.296428353401837,3.40029592642242e-09
right,-0.055400000000000005,-0.028949999999999976,-0.00169069032429912,-0.127833393036023,1.47433675137684e-09,-0.134300207627801,-0.013086672110877,4.34849605930417e-07,1.19238059703708e-09,,,,,,,,,0.275059208108437,-0.275059221745656,9.97809468731574e-14,0.275059223213193,0.0276805399692273,4.03598898461227e-10,-0.275059203054298,3.15317000057964e-09
right,-0.055400000000000005,-0.0005000000000000004,-0.00356855966165408,-0.129969691534075,1.47433675137684e-09,-0.134300207627801,-0.0125718301609543,4.09310772854226e-07,1.19238059703708e-09,,,,,,,,,0.253510903585296,-0.253510917419018,9.50494327203752e-14,0.25351091868376,0.0261124359036074,3.79995681367818e-10,-0.253510898495367,2.90528580684235e-09
right,-0.055400000000000005,0.027949999999999975,-0.00550769059818422,-0.132081731992823,1.47433675137684e-09,-0.134300207627801,-0.0120556161974445,3.80432434325296e-07,1.19238059703708e-09,,,,,,,,,0.231789124458776,-0.23178913849058,8.97471980493446e-14,0.231789139558691,0.0244193668546799,3.54557053242188e-10,-0.231789119331436,2.65675237962693e-09
right,-0.055400000000000005,0.056400000000000006,-0.00750775174320355,-0.134166983117721,1.47433675137684e-09,-0.134300207627801,-0.0115384216298032,3.48025158991537e-07,1.19275975207778e-09,,,,,,,,,0.209899447856816,-0.209899462088443,8.38354269920926e-14,0.209899462966183,0.0226017938097182,3.27310675655407e-10,-0.209899442690381,2.4076768409345e-09
right,-0.055400000000000005,0.08484999999999998,-0.00956831843599863,-0.13622293440222,1.47433675137684e-09,-0.134300207627801,-0.0110206373281936,3.11899025286876e-07,1.20355120314386e-09,,,,,,,,,0.187847340702124,-0.187847355135492,7.72742955528593e-14,0.187847355829217,0.0206603415231733,2.98286160003098e-10,-0.187847335494839,2.15816436865443e-09
right,-0.055400000000000005,0.11330000000000001,-0.0116888740409529,-0.138247100133395,1.47433675137684e-09,-0.134300207627801,-0.010502652936754,2.71864066731174e-07,1.21434684530186e-09,,,,,,,,,0.165638153258609,-0.165638167895828,7.00258215844368e-14,0.165638168412002,0.0185957890584608,2.67514844371957e-10,-0.165638148008645,1.90831819819951e-09
right,-0.055400000000000005,0.14175000000000004,-0.0138688114007099,-0.140237023175358,1.47433675137684e-09,-0.134300207627801,-0.00998485623773501,2.27730683593507e-07,1.22513854616813e-09,,,,,,,,,0.143277113860261,-0.143277128703651,6.20493459878907e-14,0.143277129048848,0.0164090602815216,2.35029577331425e-10,-0.143277108565702,1.65823965297848e-09
right,-0.055400000000000005,0.17019999999999996,-0.0161074344303114,-0.142190278537556,1.47433675137684e-09,-0.134300207627801,-0.00946763256540403,1.79310070731649e-07,1.23591831213687e-09,,,,,,,,,0.12076932473034,-0.120769339782449,5.33050563668204e-14,0.120769339963365,0.0141012143861241,2.00864511000855e-10,-0.120769319389181,1.40802822930347e-09
right,-0.055400000000000005,0.19864999999999994,-0.0184039598364989,-0.144104476735878,1.47433675137684e-09,-0.134300207627801,-0.00895136426825043,1.26414641355495e-07,1.24667817735791e-09,,,,,,,,,0.0981197587989325,-0.0981197740625562,4.37517608416354e-14,0.0981197740860157,0.0116734365212894,1.65054903828647e-10,-0.0981197534090647,1.15778166552269e-09
right,-0.055400000000000005,0.22710000000000002,-0.0207575189476329,-0.145977266955108,1.47433675137684e-09,-0.134300207627801,-0.00843643021774095,6.88584694531409e-08,1.25741023149217e-09,,,,,,,,,0.0753332574284267,-0.0753332729066307,3.33557583598543e-14,0.0753332727796023,0.00912702858191924,1.2763693219631e-10,-0.0753332519876337,9.07596066428654e-10
right,-0.055400000000000005,0.25555,-0.0231671596409317,-0.147806340021626,1.47433675137684e-09,-0.134300207627801,-0.00792320536164839,6.47592053694673e-09,1.26810667522292e-09,,,,,,,,,0.0524145289590748,-0.0524145446552176,2.20705100168945e-14,0.0524145443848232,0.00646340021481639,8.86475150884497e-11,-0.0524145234650198,6.57566060919099e-10
right,-0.055400000000000005,0.284,-0.0256318483549421,-0.14958943119541,1.47433675137684e-09,-0.134300207627801,-0.00741206031981187,6.14911337749734e-08,1.27875973698899e-09,,,,,,,,,0.0293681479902063,-0.0293681639079661,9.86274632903151e-15,0.0293681635014972,0.0036840600838998,4.81241479898516e-11,-0.0293681424404222,4.07784921755409e-10
right,-0.027700000000000002,-0.285,0.0141998976815981,-0.109766549434186,1.47433675137684e-09,-0.134300207627801,-0.0171223538662292,4.26264072237686e-07,1.19238059703708e-09,,,,,,,,,0.441025257575522,-0.441025269680548,1.01223464226112e-13,0.441025272997245,0.0357459372182277,5.23888903256601e-10,-0.44102525275022,5.11389372235589e-09
right,-0.027700000000000002,-0.25655,0.0128767018952425,-0.112042383421618,1.47433675137684e-09,-0.134300207627801,-0.0166324979176668,4.16232448971341e-07,1.19238059703708e-09,,,,,,,,,0.421081442070032,-0.421081454363441,9.84132276900956e-14,0.421081457431769,0.0351747743746946,5.15739766603625e-10,-0.421081437219854,4.87427516755079e-09
right,-0.027700000000000002,-0.22809999999999997,0.0114929710569852,-0.114316143195707,1.47433675137684e-09,-0.134300207627801,-0.0161382089256559,4.0414314788093e-07,1.19238059703708e-09,,,,,,,,,0.400916639536871,-0.400916652019381,9.5296090622846e-14,0.400916654844869,0.0344819272671174,5.05633250020428e-10,-0.40091663466048,4.63307290425508e-09
right,-0.027700000000000002,-0.19965,0.0100481969532169,-0.116585316799035,1.47433675137684e-09,-0.134300207627801,-0.0156398516525388,3.89826955479297e-07,1.19238059703708e-09,,,,,,,,,0.380536907129762,-0.380536919802171,9.18312123578178e-14,0.380536922390435,0.0336662398225189,4.93572979000054e-10,-0.380536902225798,4.39040316433995e-09
right,-0.027700000000000002,-0.1712,0.00854196631336916,-0.118847369933471,1.47433675137684e-09,-0.134300207627801,-0.0151377976251836,3.73110671482261e-07,1.19238059703708e-09,,,,,,,,,0.359948296084649,-0.359948308947837,8.79883735756701e-14,0.359948311304582,0.0327267811532502,4.79566363689065e-10,-0.359948291151719,4.14638160635471e-09
right,-0.027700000000000002,-0.14275,0.00697396168171933,-0.121099751761386,1.47433675137684e-09,-0.134300207627801,-0.0146324240704967,3.53817562242803e-07,1.19238059703708e-09,,,,,,,,,0.339156833086288,-0.339156846141229,8.3731185815041e-14,0.339156848272247,0.0316628404681605,4.63624389388789e-10,-0.339156828122964,3.90112297244454e-09
right,-0.027700000000000002,-0.11429999999999998,0.00534396195707582,-0.123339900512171,1.47433675137684e-09,-0.134300207627801,-0.0141241128877809,3.31767826479361e-07,1.19238059703708e-09,,,,,,,,,0.318168503308391,-0.318168516556166,7.90234253990665e-14,0.318168518467332,0.0304739209853847,4.45761396098972e-10,-0.318168498313206,3.65474081397737e-09
right,-0.027700000000000002,-0.08584999999999998,0.00365184262189679,-0.125565248879952,1.47433675137684e-09,-0.134300207627801,-0.0136132496626813,3.06779064020104e-07,1.19238059703708e-09,,,,,,,,,0.296989235115716,-0.29698924855752,7.38276823644855e-14,0.296989250254799,0.0291597329858544,4.25994849065421e-10,-0.296989230087159,3.40734727699945e-09
right,-0.027700000000000002,-0.05740000000000001,0.00189757568290125,-0.12777322920242,1.47433675137684e-09,-0.134300207627801,-0.0131002227264569,2.78666727618256e-07,1.19238059703708e-09,,,,,,,,,0.275624886396159,-0.275624900033315,6.81061897488759e-14,0.275624901522754,0.0277201861439159,4.04345104853474e-10,-0.275624881332671,3.15905288640462e-09
right,-0.027700000000000002,-0.028949999999999976,8.12293453160288e-05,-0.129961278414377,1.47433675137684e-09,-0.134300207627801,-0.0125854222633744,2.47244610387897e-07,1.19238059703708e-09,,,,,,,,,0.25408123247382,-0.25408124630779,6.182083084145e-14,0.254081247595528,0.0261553812666531,3.80835174519561e-10,-0.254081227373786,2.9099664207928e-09
right,-0.027700000000000002,-0.0005000000000000004,-0.00179703255736473,-0.132126842772783,1.47433675137684e-09,-0.134300207627801,-0.0120692394681648,2.12325295939207e-07,1.19238059703708e-09,,,,,,,,,0.232363955540235,-0.232363969572632,5.49328476327824e-14,0.2323639706649,0.0244656015670812,3.554904875381e-10,-0.23236395040198,2.66019478258143e-09
right,-0.027700000000000002,0.027949999999999975,-0.00373695135678649,-0.134267382352854,1.47433675137684e-09,-0.134300207627801,-0.0115520657546983,1.73720588661751e-07,1.19247539620559e-09,,,,,,,,,0.210478635530101,-0.210478649762707,4.74036834164523e-14,0.21047865066583,0.0226513035886515,3.28338657728338e-10,-0.210478630351884,2.40984292414618e-09
right,-0.027700000000000002,0.056400000000000006,-0.00573817454577748,-0.136380375317092,1.47433675137684e-09,-0.134300207627801,-0.0110342920163491,1.31241980843264e-07,1.20326662522707e-09,,,,,,,,,0.18843074235979,-0.188430756794566,3.91949645548549e-14,0.188430757514973,0.0207131078898573,2.99409253614408e-10,-0.188430737139798,2.15901380310236e-09
right,-0.027700000000000002,0.08484999999999998,-0.00780025695746389,-0.138463321961062,1.47433675137684e-09,-0.134300207627801,-0.0105163079379095,8.47010621399693e-08,1.2140622396295e-09,,,,,,,,,0.166225629441377,-0.166225644080481,3.02656417901813e-14,0.166225644624706,0.0186517895884608,2.68733575049738e-10,-0.166225624177714,1.90780838007353e-09
right,-0.027700000000000002,0.11330000000000001,-0.00992266210898905,-0.140513748541266,1.47433675137684e-09,-0.134300207627801,-0.00999850135839993,3.39099436336075e-08,1.22485416254037e-09,,,,,,,,,0.143868528381521,-0.143868543227327,2.05783439116437e-14,0.143868543602021,0.0164682688552563,2.36344437099217e-10,-0.143868523072206,1.65632564106415e-09
right,-0.027700000000000002,0.14175000000000004,-0.0121047636925504,-0.142529210891691,1.47433675137684e-09,-0.134300207627801,-0.00948125768367763,2.13183052904795e-08,1.23563434484275e-09,,,,,,,,,0.121364544773104,-0.121364559828219,1.00965424158353e-14,0.121364560040156,0.0141636014375898,2.02275962655193e-10,-0.121364539416057,1.40466264585083e-09
right,-0.027700000000000002,0.17019999999999996,-0.0143458471976968,-0.144507297836515,1.47433675137684e-09,-0.134300207627801,-0.00896495934739077,8.11692722950367e-08,1.24639484844202e-09,,,,,,,,,0.0987186549876315,-0.0987186702549146,-1.22493225372143e-15,0.0987186703110023,0.0117389692832665,1.66563384737237e-10,-0.0987186495806684,1.15291462300239e-09
right,-0.027700000000000002,0.19864999999999994,-0.016645111650077,-0.146445634407074,1.47433675137684e-09,-0.134300207627801,-0.00844998531853122,1.45826763851323e-07,1.25712773524356e-09,,,,,,,,,0.0759357038779186,-0.0759357193605071,-1.34195273645131e-14,0.0759357192677979,0.00919567132616855,1.29242858874039e-10,-0.0759356984187415,9.01175065564057e-10
right,-0.027700000000000002,0.22710000000000002,-0.0190016714530663,-0.148341884871617,1.47433675137684e-09,-0.134300207627801,-0.00793671065361507,2.1549101768718e-07,1.26782517817503e-09,,,,,,,,,0.053020403303129,-0.0530204190044602,-2.65265334846692e-14,0.0530204187701653,0.0065351144859996,9.03512859223796e-11,-0.0530203977893142,6.49535861468091e-10
right,-0.027700000000000002,0.25555,-0.021414558319908,-0.150193755586561,1.47433675137684e-09,-0.134300207627801,-0.00742550609135305,2.92805890904049e-07,1.27847951669757e-09,,,,,,,,,0.0299773313916495,-0.0299773473154876,-4.05834102087997e-14,0.0299773469469911,0.00375880492616993,4.99261472026952e-11,-0.0299773258206373,3.98087456411484e-10
right,-0.027700000000000002,0.284,-0.0238827232851659,-0.151998997678019,1.47433675137684e-09,-0.134300207627801,-0.00691673768755592,3.7677138860274e-07,1.28908306251674e-09,,,,,,,,,0.00681093246133444,-0.00681094861180029,-5.56307569119885e-14,0.00681094811667673,0.000868339606013352,8.00534870902217e-12,-0.00681092683041711,1.46918996765284e-10
right,0.0,-0.285,0.0160089199809989,-0.111581816825942,1.47433675137684e-09,-0.134300207627801,-0.0166454703204315,2.97688705809335e-07,1.19238059703708e-09,,,,,,,,,0.421610077545723,-0.421610089837616,7.75776298096493e-14,0.421610092921734,0.0351913878625684,5.15652607213805e-10,-0.421610072690292,4.89050479603608e-09
right,0.0,-0.25655,0.0146902995802108,-0.113893071081004,1.47433675137684e-09,-0.134300207627801,-0.0161512935617644,2.80881877908782e-07,1.19238059703708e-09,,,,,,,,,0.401451023741947,-0.401451036223082,7.3141445876033e-14,0.401451039065048,0.0345017645394661,5.05631835641591e-10,-0.401451018859849,4.64830978478642e-09
right,0.0,-0.22809999999999997,0.013310546332159,-0.116201497773083,1.47433675137684e-09,-0.134300207627801,-0.0156530388152121,2.61687939075307e-07,1.19238059703708e-09,,,,,,,,,0.381076880411965,-0.381076893083155,6.83253488546221e-14,0.381076895688638,0.0336893284554934,4.93658423848039e-10,-0.381076875501804,4.40462714281052e-09
right,0.0,-0.19965,0.0118691744334317,-0.118504575605533,1.47433675137684e-09,-0.134300207627801,-0.0151510774431109,2.39933599595893e-07,1.19238059703708e-09,,,,,,,,,0.360493699194833,-0.360493712056977,6.31178814766017e-14,0.360493714431732,0.03275314284771,4.79739699763191e-10,-0.360493694255178,4.15957049659117e-09
right,0.0,-0.1712,0.0103657933778358,-0.120799763944895,1.47433675137684e-09,-0.134300207627801,-0.0146457865354441,2.15442229879465e-07,1.19238059703708e-09,,,,,,,,,0.339707507648103,-0.339707520702197,5.74547101392823e-14,0.339707522852071,0.0316924911972418,4.63886571369893e-10,-0.339707502677489,3.91325256729605e-09
right,0.0,-0.14275,0.00880010865978088,-0.123084508415428,1.47433675137684e-09,-0.134300207627801,-0.0141375478811633,1.88034347809251e-07,1.19238059703708e-09,,,,,,,,,0.318724292243904,-0.318724305491051,5.13024269398198e-14,0.318724307421978,0.0305068711665916,4.46113305495529e-10,-0.318724287240822,3.6657848902177e-09
right,0.0,-0.11429999999999998,0.00717192216086605,-0.125356246293825,1.47433675137684e-09,-0.134300207627801,-0.0136267469809861,1.57528049859395e-07,1.19238059703708e-09,,,,,,,,,0.297549983027547,-0.297549996468967,4.46301585768579e-14,0.297549998186966,0.0291959876740352,4.26437299710978e-10,-0.29754997799044,3.41727756393945e-09
right,0.0,-0.08584999999999998,0.00548113224142914,-0.127612411693375,1.47433675137684e-09,-0.134300207627801,-0.0131137721054326,1.23739483217774e-07,1.19238059703708e-09,,,,,,,,,0.276190439907198,-0.276190453544244,3.73959618121235e-14,0.276190455055425,0.0277597452415795,4.04878847628327e-10,-0.276190434834462,3.16783906253658e-09
right,0.0,-0.05740000000000001,0.00372773355901626,-0.129850440530424,1.47433675137684e-09,-0.134300207627801,-0.0125990134009225,8.64833021139759e-08,1.19238059703708e-09,,,,,,,,,0.254651440526032,-0.254651454360198,2.95665401956692e-14,0.254651455670762,0.0261982397482348,3.81460903124702e-10,-0.254651435416002,2.91757609927272e-09
right,0.0,-0.028949999999999976,0.00191181663555992,-0.132067775269279,1.47433675137684e-09,-0.134300207627801,-0.0120828620458931,4.55731240691681e-08,1.19238059703708e-09,,,,,,,,,0.232938669654341,-0.232938683687275,2.1102291141536e-14,0.232938684803516,0.0245117497139502,3.56208843177124e-10,-0.232938664505288,2.66659348447131e-09
right,0.0,-0.0005000000000000004,3.35671945823916e-05,-0.134261869444414,1.47433675137684e-09,-0.134300207627801,-0.0115657094581167,8.21960278814033e-10,1.19238059703708e-09,,,,,,,,,0.211057710028192,-0.211057724261716,1.19649083890117e-14,0.211057725190028,0.0227007272318753,3.29150234303865e-10,-0.211057704838321,2.41499404643747e-09
right,0.0,0.027949999999999975,-0.00190673471098035,-0.136430191961255,1.47433675137684e-09,-0.134300207627801,-0.0110479465537002,4.79573409956004e-08,1.20298204731029e-09,,,,,,,,,0.18901403455313,-0.189014048989246,2.11644974044174e-15,0.189014049736126,0.0207657886579687,3.00314602748511e-10,-0.189014029320565,2.1628785854428e-09
right,0.0,0.056400000000000006,-0.00390871576064457,-0.13857023117875,1.47433675137684e-09,-0.134300207627801,-0.0105299630576483,1.0095167038003e-07,1.21377766171271e-09,,,,,,,,,0.166812999785717,-0.166813014426633,-8.48304123495306e-15,0.166813014998688,0.0187077051577286,2.6973321072363e-10,-0.166812994508502,1.91034585271654e-09
right,0.0,0.08484999999999998,-0.00597191059929729,-0.140679498778543,1.47433675137684e-09,-0.134300207627801,-0.0100121468653431,1.58347231924939e-07,1.22456977891261e-09,,,,,,,,,0.144459840602373,-0.144459855450515,-1.98705361176343e-14,0.14445985585447,0.0165273932002133,2.37438840229431e-10,-0.144459835278458,1.65749256005887e-09
right,0.0,0.11330000000000001,-0.00809576322367379,-0.142755533426804,1.47433675137684e-09,-0.134300207627801,-0.00949488345385809,2.20329158641566e-07,1.23535037754863e-09,,,,,,,,,0.121959665963382,-0.121959681021414,-3.20836239996126e-14,0.121959681264121,0.0142259050798272,2.0346558549969e-10,-0.121959660590616,1.40441342944779e-09
right,0.0,0.14175000000000004,-0.0102796285061038,-0.144795904235737,1.47433675137684e-09,-0.134300207627801,-0.00897855534165878,2.87081079105311e-07,1.24611146401499e-09,,,,,,,,,0.0993174556800862,-0.0993174709509328,-4.51681060445179e-14,0.0993174710393794,0.0118044195367539,1.67848655013432e-10,-0.0993174502562096,1.1512012614862e-09
right,0.0,0.17019999999999996,-0.012522773840466,-0.14679821403244,1.47433675137684e-09,-0.134300207627801,-0.00846354159495161,3.58784699561108e-07,1.25684518348379e-09,,,,,,,,,0.0765380580947127,-0.0765380735815809,-5.9144286970823e-14,0.076538073522905,0.00926423253760065,1.3062418345019e-10,-0.0765380526173461,8.97947033091659e-10
right,0.0,0.19864999999999994,-0.0148243808965141,-0.148760102443255,1.47433675137684e-09,-0.134300207627801,-0.00795021737871508,4.35619359108708e-07,1.26754368112714e-09,,,,,,,,,0.0536261885848395,-0.0536262042912437,-7.40688934704112e-14,0.053626204092745,0.00660674826889503,9.18290542966931e-11,-0.053626183051473,6.44740006693484e-10
right,0.0,0.22710000000000002,-0.0171835474699445,-0.150679248801973,1.47433675137684e-09,-0.134300207627801,-0.00743895355027854,5.22162457182506e-07,1.27819924089501e-09,,,,,,,,,0.0305864288078656,-0.0305864447376554,-8.99689228193239e-14,0.0305864444068102,0.00383347038766912,5.15007351221034e-11,-0.0305864232158483,3.91667881369343e-10
right,0.0,0.25555,-0.0195992894167323,-0.152553374890347,1.47433675137684e-09,-0.134300207627801,-0.00693011629319681,6.15623857990049e-07,1.2888042300041e-09,,,,,,,,,0.00742322660492393,-0.00742324276231385,-1.06883054172785e-13,0.00742324230679374,0.000945993565512563,9.67712168112319e-12,-0.007423220951451,1.38816938046145e-10
right,0.0,0.284,-0.0220705426613749,-0.154380247519283,1.47433675137684e-09,-0.134300207627801,-0.00642406678909623,7.16222134237514e-07,1.29935112669344e-09,,,,,,,,,-0.0158591035118474,0.0158590871222444,-1.24844836270296e-13,-0.0158590876945553,-0.0020540046447408,-3.36036059810238e-11,0.0158591092297483,-1.13727768565449e-10
right,0.027700000000000002,-0.285,0.0178729409606371,-0.113380643596191,1.47433675137684e-09,-0.134300207627801,-0.0161643753604915,1.585875254048e-07,1.19238059703708e-09,,,,,,,,,0.401985258346787,-0.401985270826517,5.1905733121176e-14,0.401985273684862,0.0345215164404592,5.05426231825648e-10,-0.401985253459043,4.66631153484847e-09
right,0.027700000000000002,-0.25655,0.0165592727938833,-0.115726460860173,1.47433675137684e-09,-0.134300207627801,-0.0156662233984862,1.34558636449687e-07,1.19238059703708e-09,,,,,,,,,0.38161670829336,-0.3816167209633,4.57657268586685e-14,0.381616723585892,0.033712331065197,4.93538488936035e-10,-0.381616703377068,4.42163299811941e-09
right,0.027700000000000002,-0.22809999999999997,0.0151838749014974,-0.118068704324226,1.47433675137684e-09,-0.134300207627801,-0.0151643549435961,1.07810107735175e-07,1.19238059703708e-09,,,,,,,,,0.361038961086522,-0.361038973947588,3.91783054865135e-14,0.361038976340237,0.0327794180200124,4.79706449717243e-10,-0.361038956140216,4.17555951286981e-09
right,0.027700000000000002,-0.19965,0.0137462840510194,-0.120404845651981,1.47433675137684e-09,-0.134300207627801,-0.0146591469481662,7.81654193567547e-08,1.19238059703708e-09,,,,,,,,,0.340258045144806,-0.340258058198015,3.21095191296611e-14,0.340258060366621,0.0317220550540834,4.63940944624239e-10,-0.34025804016698,3.92820181096188e-09
right,0.027700000000000002,-0.1712,0.0122461325747625,-0.122732339966666,1.47433675137684e-09,-0.134300207627801,-0.0141509810901113,4.54453650578035e-08,1.19238059703708e-09,,,,,,,,,0.319279948228097,-0.319279961474576,2.45185565097098e-14,0.319279963425126,0.0305397342694584,4.46256168872222e-10,-0.319279943217203,3.6796694232537e-09
right,0.027700000000000002,-0.14275,0.0106831489138862,-0.125048631238256,1.47433675137684e-09,-0.134300207627801,-0.0136402427845671,9.46853228975614e-09,1.19238059703708e-09,,,,,,,,,0.298110602052732,-0.298110615493726,1.63809636330437e-14,0.298110617232299,0.0292321552164299,4.26669452047248e-10,-0.298110597007169,3.43007043098025e-09
right,0.027700000000000002,-0.11429999999999998,0.00905715786114267,-0.127351157468544,1.47433675137684e-09,-0.134300207627801,-0.0131273202406937,2.9948273569754e-08,1.19238059703708e-09,,,,,,,,,0.276755868538729,-0.276755882175619,7.64824521711201e-15,0.276755883708384,0.0277992172589257,4.05201025840937e-10,-0.276755863456845,3.17951130052753e-09
right,0.027700000000000002,-0.08584999999999998,0.00736808052404435,-0.129637355666348,1.47433675137684e-09,-0.134300207627801,-0.0126126035664778,7.29895621533333e-08,1.19238059703708e-09,,,,,,,,,0.255221527640971,-0.255221541475283,-1.71544080378876e-15,0.255221542808503,0.0262410113418163,3.81873786880638e-10,-0.255221522521052,2.92809669456647e-09
right,0.027700000000000002,-0.05740000000000001,0.00561593403013328,-0.131904666608257,1.47433675137684e-09,-0.134300207627801,-0.0120964839235129,1.19840725459626e-07,1.19238059703708e-09,,,,,,,,,0.233513266702145,-0.233513280735562,-1.17464011037172e-14,0.233513281875595,0.0245578112856771,3.56713060370068e-10,-0.233513261542411,2.67592937249667e-09
right,0.027700000000000002,-0.028949999999999976,0.0038008309956414,-0.13415053938317,1.47433675137684e-09,-0.134300207627801,-0.0115793527329584,1.70687590331677e-07,1.19238059703708e-09,,,,,,,,,0.211636671254285,-0.211636685488666,-2.24823769409847e-14,0.211636686441973,0.0227500647268782,3.29746365993558e-10,-0.211636666052884,2.42311008139675e-09
right,0.027700000000000002,-0.0005000000000000004,0.00192297877818688,-0.136372435721237,1.47433675137684e-09,-0.134300207627801,-0.0110616009331758,2.25715975050409e-07,1.2026974693935e-09,,,,,,,,,0.189597217187583,-0.189597231624974,-3.39614137000151e-14,0.18959723239812,0.020818383812269,3.0100318820201e-10,-0.189597211942581,2.16973751144536e-09
right,0.027700000000000002,0.027949999999999975,-1.73214667000384e-05,-0.138567834109841,1.47433675137684e-09,-0.134300207627801,-0.0105436182889389,2.85111308162266e-07,1.21349305604035e-09,,,,,,,,,0.1674002641994,-0.167400278842056,-4.62214392177503e-14,0.16740027944172,0.0187635357484726,2.70514752103727e-10,-0.167400258908778,1.91590825997622e-09
right,0.027700000000000002,0.056400000000000006,-0.00201967590642928,-0.140734233700861,1.47433675137684e-09,-0.134300207627801,-0.0100257927515832,3.49058174454089e-07,1.22428536752928e-09,,,,,,,,,0.145051050432981,-0.14505106528338,-5.93003299726151e-14,0.145051065716361,0.0165864332962204,2.38313807295306e-10,-0.145051045094622,1.66171683922158e-09
right,0.027700000000000002,0.08484999999999998,-0.00408359931189579,-0.142869158014774,1.47433675137684e-09,-0.134300207627801,-0.00950850986902358,4.17739929855198e-07,1.23506638249893e-09,,,,,,,,,0.12255468821378,-0.122554703274644,-7.3234864365558e-14,0.12255470354787,0.014288125290454,2.04434419662837e-10,-0.122554682825463,1.4072557047475e-09
right,0.027700000000000002,0.11330000000000001,-0.00620851648120837,-0.144970158448122,1.47433675137684e-09,-0.134300207627801,-0.00899215224420046,4.91338288264009e-07,1.24582810734353e-09,,,,,,,,,0.099916160791373,-0.0999161760656883,-8.80654479981758e-14,0.0999161761862283,0.0118697872573267,1.68911773645684e-10,-0.0999161553507626,1.15261531557501e-09
right,0.027700000000000002,0.14175000000000004,-0.0083937637913016,-0.147034817591596,1.47433675137684e-09,-0.134300207627801,-0.00847709904022369,5.70032920738732e-07,1.25656263172402e-09,,,,,,,,,0.0771403199963754,-0.0771403354874191,-1.03824852980218e-13,0.0771403354624943,0.00933271218990979,1.31781983754021e-10,-0.0771403145010116,8.9788421760826e-10
right,0.027700000000000002,0.17019999999999996,-0.0106385908633445,-0.149060752366471,1.47433675137684e-09,-0.134300207627801,-0.00796372553025241,6.54000999142612e-07,1.26726215632367e-09,,,,,,,,,0.0542318847242653,-0.0542319004356285,-1.20553704443393e-13,0.0542319002726257,0.00667830153547454,9.30819168534794e-11,-0.0542318791715538,6.43149146299639e-10
right,0.027700000000000002,0.19864999999999994,-0.0129421623290546,-0.151045616987405,1.47433675137684e-09,-0.134300207627801,-0.00745240268998103,7.49579798216384e-07,1.27791893733686e-09,,,,,,,,,0.0311954401614015,-0.0311954560970177,-1.38291562891764e-13,0.0311954558035056,0.00390805643879747,5.28490271877534e-11,-0.0311954345486004,3.88495166939698e-10
right,0.027700000000000002,0.22710000000000002,-0.0153035596861886,-0.152987105759725,1.47433675137684e-09,-0.134300207627801,-0.00694349683048108,8.52463116745719e-07,1.28852536973589e-09,,,,,,,,,0.00803543767254621,-0.00803545383672263,-1.57064236055626e-13,0.00803545342046847,0.00102356927807325,1.11212001804833e-11,-0.00803543199675442,1.34005806911436e-10
right,0.027700000000000002,0.25555,-0.0177217832325885,-0.154882955719293,1.47433675137684e-09,-0.134300207627801,-0.00643736926907673,9.62700625148377e-07,1.29907387624861e-09,,,,,,,,,-0.0152438047263067,0.0152437883288553,-1.76912548495671e-13,-0.0152437888598654,-0.00197348447722284,-3.20633912183128e-11,0.0152438104681644,-1.2023676860962e-10
right,0.027700000000000002,0.284,-0.0201957540692163,-0.156730949122898,1.47433675137684e-09,-0.134300207627801,-0.00593437603589644,1.08055163719232e-06,1.30955704613633e-09,,,,,,,,,-0.0386381013811983,0.0386380847453121,-1.9787197930565e-13,-0.0386380853828518,-0.00508135406377869,-7.66664179959136e-11,0.0386381071923848,-3.74151596867909e-10
right,0.055400000000000005,-0.285,0.0197918278147094,-0.115160668201356,1.47433675137684e-09,-0.134300207627801,-0.0156794053955455,8.4244860714082e-09,1.19238059703708e-09,,,,,,,,,0.382156390665039,-0.382156403333698,2.41005823573815e-14,0.382156405973294,0.0337352476669351,4.93213942910062e-10,-0.382156385742685,4.44140807100852e-09
right,0.055400000000000005,-0.25655,0.018483465923785,-0.117540187974606,1.47433675137684e-09,-0.134300207627801,-0.0151776301197292,2.32747014967359e-08,1.19238059703708e-09,,,,,,,,,0.361584081651483,-0.361584094511439,1.61574979323087e-14,0.361584096921867,0.0328056066814937,4.79467402846638e-10,-0.361584076698599,4.19433524277434e-09
right,0.055400000000000005,-0.22809999999999997,0.0171127787621912,-0.11991539703187,1.47433675137684e-09,-0.134300207627801,-0.0146725053016776,5.80281236574669e-08,1.19238059703708e-09,,,,,,,,,0.340808445469137,-0.340808458521426,7.69697156197398e-15,0.340808460708638,0.0317515320461729,4.6378831999854e-10,-0.340808440484179,3.94595652058086e-09
right,0.055400000000000005,-0.19965,0.0156793258027828,-0.122283762091643,1.47433675137684e-09,-0.134300207627801,-0.0141644125075817,9.60147053838651e-08,1.19238059703708e-09,,,,,,,,,0.319835471154948,-0.31983548440072,-1.31490429971138e-15,0.319835486370759,0.0305725102977586,4.46190817072915e-10,-0.319835466136327,3.69637943516926e-09
right,0.055400000000000005,-0.1712,0.0141827622672491,-0.124642735922459,1.47433675137684e-09,-0.134300207627801,-0.0136537370663398,1.37415399655567e-07,1.19238059703708e-09,,,,,,,,,0.298671092086726,-0.298671105527252,-1.09145597570871e-14,0.298671107286255,0.0292682356132445,4.26692157584513e-10,-0.298671087032799,3.44571009226806e-09
right,0.055400000000000005,-0.14275,0.0126228395201873,-0.126989762524477,1.47433675137684e-09,-0.134300207627801,-0.0131408671251305,1.82412759454827e-07,1.19238059703708e-09,,,,,,,,,0.277321172187889,-0.277321185824577,-2.11403567091044e-14,0.277321187378771,0.0278386021927488,4.05312511236358e-10,-0.277321167096956,3.19405294877467e-09
right,0.055400000000000005,-0.11429999999999998,0.0109994051773233,-0.129322282109205,1.47433675137684e-09,-0.134300207627801,-0.0126261927529202,2.3119049444064e-07,1.19238059703708e-09,,,,,,,,,0.255791493717635,-0.255791507552041,-3.20307854910993e-14,0.255791508907751,0.0262836960409454,3.8207471794715e-10,-0.255791488587934,2.94151067458579e-09
right,0.055400000000000005,-0.08584999999999998,0.0093124029494262,-0.13163773587209,1.47433675137684e-09,-0.134300207627801,-0.0121101050939076,2.83933025890559e-07,1.19238059703708e-09,,,,,,,,,0.23408774658466,-0.234087760618504,-4.36170534397589e-14,0.234087761782151,0.0246037862727309,3.57004051470651e-10,-0.23408774141436,2.68818399185429e-09
right,0.055400000000000005,-0.05740000000000001,0.00756187224316572,-0.133933570555562,1.47433675137684e-09,-0.134300207627801,-0.0115929955721233,3.40825052278001e-07,1.19238059703708e-09,,,,,,,,,0.212215519111533,-0.212215533346711,-5.59417358063337e-14,0.212215534324821,0.0227993160612238,3.30127985262248e-10,-0.212215513898726,2.43417160682478e-09
right,0.055400000000000005,-0.028949999999999976,0.00574794753957969,-0.136207242802519,1.47433675137684e-09,-0.134300207627801,-0.0110752551477044,4.02051135589856e-07,1.20241289147671e-09,,,,,,,,,0.19018029016855,-0.190180304607152,-6.90396156957178e-14,0.190180305406359,0.0208708933375899,3.01475962372732e-10,-0.190180284911245,2.17957014015145e-09
right,0.055400000000000005,-0.0005000000000000004,0.00387085757003732,-0.138456223302282,1.47433675137684e-09,-0.134300207627801,-0.0105572736247495,4.67795250379452e-07,1.21320845036799e-09,,,,,,,,,0.167987422590157,-0.167987437234482,-8.29512462411737e-14,0.167987437861536,0.018819281342967,2.71079171330364e-10,-0.167987417286271,1.92447408650259e-09
right,0.055400000000000005,0.027949999999999975,0.00193092430862689,-0.140678000732722,1.47433675137684e-09,-0.134300207627801,-0.0100394390101383,5.38240413757811e-07,1.22400095614594e-09,,,,,,,,,0.145642157783473,-0.145642172636051,-9.77120626970071e-14,0.145642173097824,0.0166453891231675,2.38970329696372e-10,-0.145642152430824,1.66897581345477e-09
right,0.055400000000000005,0.056400000000000006,-7.14382011709039e-05,-0.142870085503564,1.47433675137684e-09,-0.134300207627801,-0.00952213692225127,6.13568264569188e-07,1.23478235969365e-09,,,,,,,,,0.123149611436867,-0.123149626500476,-1.13359256505346e-13,0.123149626803974,0.0143502620471464,2.05183475918007e-10,-0.123149606033164,1.41316557761128e-09
right,0.055400000000000005,0.08484999999999998,-0.00213572516880911,-0.145030013306937,1.47433675137684e-09,-0.134300207627801,-0.00900575004816069,6.93958657896536e-07,1.24554469516092e-09,,,,,,,,,0.100514770236536,-0.100514785514226,-1.29929545567812e-13,0.100514785666596,0.0119350724206142,1.69753770664754e-10,-0.100514764779368,1.15713157580192e-09
right,0.055400000000000005,0.11330000000000001,-0.00426134251247323,-0.14715534848196,1.47433675137684e-09,-0.134300207627801,-0.00849065764756765,7.79589250588658e-07,1.25628005220868e-09,,,,,,,,,0.0777424895004399,-0.0777425049955564,-1.47460690737381e-13,0.0777425050041029,0.00940111025684108,1.3271730855428e-10,-0.0777424839872693,9.0096000878696e-10
right,0.055400000000000005,0.14175000000000004,-0.00644760843402503,-0.149243687200709,1.47433675137684e-09,-0.134300207627801,-0.00797723510152962,8.70635107456361e-07,1.26698060376462e-09,,,,,,,,,0.0548374916414342,-0.0548375073576436,-1.65986212098831e-13,0.05483750722984,0.00674977425775589,9.41109409142743e-11,-0.0548374860695819,6.44735183966953e-10
right,0.055400000000000005,0.17019999999999996,-0.00869375509995376,-0.151292660483201,1.47433675137684e-09,-0.134300207627801,-0.00746585350385157,9.75077105263277e-07,1.27763860602315e-09,,,,,,,,,0.0318043653747716,-0.0318043813160904,-1.85545955376462e-13,0.0318043810595964,0.00398256304999805,5.39721084606823e-11,-0.0318043597414056,3.88539627951716e-10
right,0.055400000000000005,0.19864999999999994,-0.0109989304163531,-0.153299937049192,1.47433675137684e-09,-0.134300207627801,-0.00695687929289389,1.0873084948351e-06,1.28824645395653e-09,,,,,,,,,0.00864756558918619,-0.00864758176001318,-2.06169359505272e-13,0.00864758138269118,0.00110106671270887,1.23386873878848e-11,-0.00864755989130972,1.32454222438128e-10
right,0.055400000000000005,0.22710000000000002,-0.013362199887057,-0.155263226014588,1.47433675137684e-09,-0.134300207627801,-0.00645067392147539,1.20711051247672e-06,1.29879657029264e-09,,,,,,,,,-0.0146285861947726,0.0146285697896223,-2.2789582109474e-13,-0.014628570279686,-0.00189304137341191,-3.07511562589334e-11,0.0146285919603361,-1.23441649660806e-10
right,0.055400000000000005,0.25555,-0.0157825485451207,-0.157180279440153,1.47433675137684e-09,-0.134300207627801,-0.00594759356251495,1.33473917623118e-06,1.30928157204835e-09,,,,,,,,,-0.038019900850683,0.0380198842059387,-2.50763067332808e-13,-0.0380198848004112,-0.004998012332879,-7.52590987664109e-11,0.0380199066873049,-3.79069929017394e-10
right,0.055400000000000005,0.284,-0.0182588829488285,-0.15904889473998,1.47433675137684e-09,-0.134300207627801,-0.00544798884805251,1.47044715959874e-06,1.3196941317517e-09,,,,,,,,,-0.0615223202230321,0.0615223033329251,-2.7478944280947e-13,-0.0615223040232013,-0.0082120292410828,-1.21146777718881e-10,0.0615223261342955,-6.34353714912468e-10
right,0.08310000000000001,-0.285,0.0217653600913501,-0.116919531113869,1.47433675137684e-09,-0.134300207627801,-0.015190902964603,1.53335744971157e-07,1.19238059703708e-09,,,,,,,,,0.362129060781466,-0.362129073640278,-5.94959514796164e-15,0.36212907606837,0.0328317088435923,4.79023324173842e-10,-0.362129055822075,4.21588481449582e-09
right,0.08310000000000001,-0.25655,0.0204626360955493,-0.11933189242926,1.47433675137684e-09,-0.134300207627801,-0.0146858615889949,1.93153654061529e-07,1.19238059703708e-09,,,,,,,,,0.341358708513807,-0.34135872156514,-1.57885390441092e-14,0.341358723770836,0.031780922181097,4.63429482172548e-10,-0.341358703521794,3.9665030432275e-09
right,0.08310000000000001,-0.22809999999999997,0.0190969930634592,-0.121739217430579,1.47433675137684e-09,-0.134300207627801,-0.0141778421265325,2.36361465764827e-07,1.19238059703708e-09,,,,,,,,,0.320390860918403,-0.320390874163429,-2.62142595616351e-14,0.320390876152825,0.030605199255361,4.4591805620984e-10,-0.320390855892138,3.7159004833378e-09
right,0.08310000000000001,-0.19965,0.0176680132786389,-0.12413896978303,1.47433675137684e-09,-0.134300207627801,-0.0136672298192207,2.83139685861414e-07,1.19238059703708e-09,,,,,,,,,0.299231453024945,-0.299231466464961,-3.72625177920902e-14,0.29923146824425,0.0293042288647765,4.26506242363944e-10,-0.299231447962743,3.46418128685972e-09
right,0.08310000000000001,-0.1712,0.0161753748774871,-0.1265286015902,1.47433675137684e-09,-0.134300207627801,-0.0131544127516339,3.33670242067295e-07,1.19238059703708e-09,,,,,,,,,0.277886350751772,-0.277886364388213,-4.89708124867623e-14,0.277886365963682,0.0278779000399318,4.05214149841261e-10,-0.277886345651888,3.21144793167426e-09
right,0.08310000000000001,-0.14275,0.0146188521027467,-0.128905558374072,1.47433675137684e-09,-0.134300207627801,-0.01263978095313,3.88136068147821e-07,1.19238059703708e-09,,,,,,,,,0.256361338654977,-0.25636135248943,-6.13744998343818e-14,0.256361353867464,0.0263262938392527,3.82064562181373e-10,-0.2563613335156,2.95780109587298e-09
right,0.08310000000000001,-0.11429999999999998,0.012998315286506,-0.131267283855424,1.47433675137684e-09,-0.134300207627801,-0.0121237255499604,4.46720638615829e-07,1.19238059703708e-09,,,,,,,,,0.234662109202854,-0.234662123237072,-7.4508867512752e-14,0.234662124424156,0.0246496746656603,3.57082702155054e-10,-0.234662104022101,2.70333950641496e-09
right,0.08310000000000001,-0.08584999999999998,0.0113137305838776,-0.133611224531536,1.47433675137684e-09,-0.134300207627801,-0.0116066379685113,5.09607571147245e-07,1.19238059703708e-09,,,,,,,,,0.212794253503046,-0.212794267738963,-8.84121632868632e-14,0.212794268741688,0.0228484812225503,3.30295997438936e-10,-0.212794248278956,2.44815986155892e-09
right,0.08310000000000001,-0.05740000000000001,0.00956515947803506,-0.135934834050573,1.47433675137684e-09,-0.134300207627801,-0.0110889091902142,5.76980177834299e-07,1.20212831355992e-09,,,,,,,,,0.190763253401391,-0.190763267841138,-1.03122292622716e-13,0.190763268666206,0.0209233172188341,3.01733850034462e-10,-0.190763248131914,2.19235674079604e-09
right,0.08310000000000001,-0.028949999999999976,0.0077527580765585,-0.138235577384057,1.47433675137684e-09,-0.134300207627801,-0.0105709290580478,6.49021055822694e-07,1.21292384469562e-09,,,,,,,,,0.168574474865679,-0.168574489511603,-1.18674593170539e-13,0.168574490165833,0.0188749419235527,2.71427412537262e-10,-0.168574469548671,1.93602257761394e-09
right,0.08310000000000001,-0.0005000000000000004,0.00587677621814233,-0.140510934800571,1.47433675137684e-09,-0.134300207627801,-0.0100530856340256,7.25911690286617e-07,1.22371654476261e-09,,,,,,,,,0.146233162563936,-0.146233177418616,-1.35107422042043e-13,0.146233177908953,0.0167042606610072,2.39409370949821e-10,-0.146233157197149,1.67924764731753e-09
right,0.08310000000000001,0.027949999999999975,0.00393755640768472,-0.142758405645181,1.47433675137684e-09,-0.134300207627801,-0.00953576460661738,8.07832049893548e-07,1.23449833688838e-09,,,,,,,,,0.123744435545175,-0.123744450611446,-1.5245641293265e-13,0.123744450944971,0.0144123153276392,2.05713736499526e-10,-0.123744430126249,1.42212006370955e-09
right,0.08310000000000001,0.056400000000000006,0.00193553259666596,-0.14497551193013,1.47433675137684e-09,-0.134300207627801,-0.00901934874668317,8.94960166434583e-07,1.2452612829783e-09,,,,,,,,,0.101113283930582,-0.101113299211555,-1.70758575918056e-13,0.101113299395495,0.0120002750023,1.70375646987516e-10,-0.101113278457033,1.16472582865493e-09
right,0.08310000000000001,0.08484999999999998,-0.000128771175443351,-0.14715980174318,1.47433675137684e-09,-0.134300207627801,-0.00850421741020248,9.8747176790866e-07,1.25599744493776e-09,,,,,,,,,0.0783445665244074,-0.0783445820234953,-1.90049651561084e-13,0.0783445820652368,0.00946942671219008,1.33431177457836e-10,-0.0783445609936183,9.07148883760879e-10
right,0.08310000000000001,0.11330000000000001,-0.00225474226418931,-0.149308852480496,1.47433675137684e-09,-0.134300207627801,-0.00799074608584782,1.08553982899391e-06,1.26669899569443e-09,,,,,,,,,0.0554430092563439,-0.055443024977288,-2.10365173069302e-13,0.0554430248843902,0.00682116640780418,9.49171641389314e-11,-0.0554430036655523,6.49471186520303e-10
right,0.08310000000000001,0.14175000000000004,-0.00444168101418011,-0.151420273911364,1.47433675137684e-09,-0.134300207627801,-0.00747930598527972,1.19867381764253e-06,1.27735824695385e-09,,,,,,,,,0.0324132043704626,-0.0324132203173617,-2.31740067860062e-13,0.0324132200975743,0.0040569901917569,5.48710349562703e-11,-0.032413198716748,3.91772833688167e-10
right,0.08310000000000001,0.17019999999999996,-0.00668880245194823,-0.153491711082197,1.47433675137684e-09,-0.134300207627801,-0.00697026367391873,1.32017966025118e-06,1.28796748266602e-09,,,,,,,,,0.00925961027980182,-0.00925962645714482,-2.54208183687512e-13,0.00925962611842467,0.00117848583847264,1.33306572454633e-11,-0.00925960456007287,1.34132151021059e-10
right,0.08310000000000001,0.19864999999999994,-0.00899523806652107,-0.155520847067306,1.47433675137684e-09,-0.134300207627801,-0.00646398073987457,1.44947153173717e-06,1.29851923658109e-09,,,,,,,,,-0.0140134479898424,0.0140134315771408,-2.77801729160331e-13,-0.0140134320266084,-0.00181267536554881,-2.96658098076722e-11,0.0140134537788634,-1.2337413422727e-10
right,0.08310000000000001,0.22710000000000002,-0.0113600376676517,-0.157505405573874,1.47433675137684e-09,-0.134300207627801,-0.00596081349867599,1.58680235744827e-06,1.30900604244921e-09,,,,,,,,,-0.0374017778385817,0.0374017611851417,-3.02558689878338e-13,-0.0374017617369182,-0.00491474643782108,-7.40800451237347e-11,0.037401783700373,-3.80670770844169e-10
right,0.08310000000000001,0.25555,-0.0137821713126602,-0.159443153408341,1.47433675137684e-09,-0.134300207627801,-0.00546111273144206,1.73242130715663e-06,1.31942062830959e-09,,,,,,,,,-0.0609013176802452,0.0609013007801775,-3.28505987096731e-13,-0.0609013014255476,-0.00812591215522356,-1.19873690281321e-10,0.0609013236185044,-6.3768376940487e-10
right,0.08310000000000001,0.284,-0.0162605312937696,-0.161331902811197,1.47433675137684e-09,-0.134300207627801,-0.0049652234541599,1.88657347771862e-06,1.32975573607919e-09,,,,,,,,,-0.0845081351410133,0.0845081179878707,-3.55677215489854e-13,-0.0845081187178094,-0.0114442961368856,-1.67008458459418e-10,0.0845081411596764,-8.94340290734663e-10
right,0.11080000000000001,-0.285,0.0237932302304726,-0.118654879940575,1.47433675137684e-09,-0.134300207627801,-0.0146992158031364,3.2722646890308e-07,1.19238059703708e-09,,,,,,,,,0.341908834171504,-0.341908847221847,-3.83504874115509e-14,0.341908849445904,0.0318102254665415,4.62865193253718e-10,-0.341908829172513,3.98982824934425e-09
right,0.11080000000000001,-0.25655,0.0224964538107223,-0.12109922391898,1.47433675137684e-09,-0.134300207627801,-0.0141912699399233,3.75610548843944e-07,1.19238059703708e-09,,,,,,,,,0.320946117412371,-0.320946130656613,-5.01820086087941e-14,0.320946132665236,0.0306378011462299,4.45438667087527e-10,-0.320946112378545,3.7382186748582e-09
right,0.11080000000000001,-0.22809999999999997,0.0211361668359973,-0.123537819090576,1.47433675137684e-09,-0.134300207627801,-0.0136807210361275,4.27720295517542e-07,1.19238059703708e-09,,,,,,,,,0.299791684762765,-0.299791698202229,-6.26687295945548e-14,0.299791700001664,0.0293401349714147,4.26112507504618e-10,-0.299791679692377,3.48546932465858e-09
right,0.11080000000000001,-0.19965,0.0197119744748194,-0.125968127760909,1.47433675137684e-09,-0.134300207627801,-0.0131679571130953,4.83737030119957e-07,1.19238059703708e-09,,,,,,,,,0.278451404127431,-0.27845141776358,-7.58473620717311e-14,0.278451419360173,0.0279171107974439,4.04906762348742e-10,-0.278451399018691,3.23168072942808e-09
right,0.11080000000000001,-0.1712,0.0182235777762183,-0.12838760286604,1.47433675137684e-09,-0.134300207627801,-0.0126533681599876,5.43842913563096e-07,1.19238059703708e-09,,,,,,,,,0.256931062351906,-0.256931076186357,-8.97533056766748e-14,0.256931077586554,0.0263688047304525,3.81844159716047e-10,-0.256931057202957,2.97695160208869e-09
right,0.11080000000000001,-0.14275,0.0166707737921418,-0.130793692756715,1.47433675137684e-09,-0.134300207627801,-0.0121373452845549,6.08220516192009e-07,1.19238059703708e-09,,,,,,,,,0.235236354457649,-0.235236368492188,-1.04424363243146e-13,0.235236369702535,0.0246954764550922,3.56949872129719e-10,-0.235236349266556,2.72137869537293e-09
right,0.11080000000000001,-0.11429999999999998,0.0150534554444728,-0.133183845786869,1.47433675137684e-09,-0.134300207627801,-0.0116202799150217,6.77052375090388e-07,1.19238059703708e-09,,,,,,,,,0.21337287433189,-0.213372888568489,-1.19897653788525e-13,0.213372889595642,0.0228975601985708,3.30251281399894e-10,-0.213372869096637,2.4650567166044e-09
right,0.11080000000000001,-0.08584999999999998,0.0133716111573234,-0.135555514705228,1.47433675137684e-09,-0.134300207627801,-0.0111025630536325,7.5052060191457e-07,1.20184373564314e-09,,,,,,,,,0.191346106791419,-0.191346121232249,-1.36208357182636e-13,0.191346122082978,0.0209756554409743,3.01777749338778e-10,-0.1913461015099,2.20807825185025e-09
right,0.11080000000000001,-0.05740000000000001,0.0116253242746104,-0.137906160850814,1.47433675137684e-09,-0.134300207627801,-0.0105845845818004,8.28806457729218e-07,1.21263923902326e-09,,,,,,,,,0.169161420933617,-0.16916143558107,-1.53392670895897e-13,0.169161436262263,0.0189305174726374,2.71560392778478e-10,-0.169161415603626,1.95053369722743e-09
right,0.11080000000000001,-0.028949999999999976,0.00981477228206741,-0.140233258154918,1.47433675137684e-09,-0.134300207627801,-0.0100667326162614,9.12089934659182e-07,1.2234321056237e-09,,,,,,,,,0.146824064684419,-0.146824079541126,-1.71488233459324e-13,0.1468240800598,0.0167630478897541,2.39631866900916e-10,-0.146824059303645,1.69251127527482e-09
right,0.11080000000000001,-0.0005000000000000004,0.00794022585185944,-0.1425342969535,1.47433675137684e-09,-0.134300207627801,-0.00954939291519712,1.00054937191931e-06,1.2342143140831e-09,,,,,,,,,0.124339160451201,-0.12433917552005,-1.90529890502713e-13,0.124339175883361,0.0144742851097249,2.06026156086326e-10,-0.124339155017214,1.43409701386357e-09
right,0.11080000000000001,0.027949999999999975,0.00600204772688365,-0.144806787615069,1.47433675137684e-09,-0.134300207627801,-0.0090329483329105,1.09436104830221e-06,1.24497784304012e-09,,,,,,,,,0.101711701788486,-0.10171171707265,-2.10553536763075e-13,0.101711717287903,0.0120653949781223,1.70778375681863e-10,-0.101711696298729,1.17537477622677e-09
right,0.11080000000000001,0.056400000000000006,0.00400069146069772,-0.147048263989972,1.47433675137684e-09,-0.134300207627801,-0.00851777832134584,1.19369879468421e-06,1.25571480991127e-09,,,,,,,,,0.0789465509857461,-0.0789465664887052,-2.31594911824714e-13,0.0789465665633682,0.00953766152980296,1.33924582336738e-10,-0.0789465454375245,9.16426308153478e-10
right,0.11080000000000001,0.08484999999999998,0.00193670002784843,-0.149256286687555,1.47433675137684e-09,-0.134300207627801,-0.00800425847650675,1.29873356623728e-06,1.26641737374644e-09,,,,,,,,,0.0560484374889613,-0.05604845321453,-2.53688460381613e-13,0.0560484531562478,0.0068924779577314,9.55015964146704e-11,-0.0560484318794299,6.57331308096637e-10
right,0.11080000000000001,0.11330000000000001,-0.000189295681796635,-0.151428446188116,1.47433675137684e-09,-0.134300207627801,-0.00749276012765346,1.42038966698245e-06,1.27707781849562e-09,,,,,,,,,0.0330219570709333,-0.0330219730232916,-2.76870159564771e-13,0.0330219728399026,0.00413133783460387,5.55468348361383e-11,-0.0330219513970841,3.9816751244929e-10
right,0.11080000000000001,0.14175000000000004,-0.00237657847226063,-0.153562365796749,1.47433675137684e-09,-0.134300207627801,-0.00698364996703744,1.55109647568198e-06,1.28768851137551e-09,,,,,,,,,0.009871571669326,-0.00987158785305214,-3.01171347381406e-13,0.00987158755260665,0.00125582662445787,1.40981553424525e-11,-0.00987156592797383,1.39010814987644e-10
right,0.11080000000000001,0.17019999999999996,-0.00462434654287186,-0.155655704446264,1.47433675137684e-09,-0.134300207627801,-0.0064772897178549,1.68980372471148e-06,1.29824187511396e-09,,,,,,,,,-0.0133983901841364,0.0133983737640298,-3.26625761486506e-13,-0.0133983741732473,-0.00173238648583743,-2.88062882128948e-11,0.0133983959963685,-1.20064617862035e-10
right,0.11080000000000001,0.19864999999999994,-0.00693171527160395,-0.157706159356317,1.47433675137684e-09,-0.134300207627801,-0.00597403583806335,1.83676133498156e-06,1.3087304850945e-09,,,,,,,,,-0.0367837324151005,0.0367837157531255,-3.53267832413837e-13,-0.0367837162625736,-0.00483155641197331,-7.31281785389223e-11,0.0367837383017979,-3.78986203730678e-10
right,0.11080000000000001,0.22710000000000002,-0.00929771907107048,-0.15971146855573,1.47433675137684e-09,-0.134300207627801,-0.00547423925770141,1.99221503510396e-06,1.31914704160074e-09,,,,,,,,,-0.0602803900054739,0.0602803730956224,-3.81120582520126e-13,-0.060280373696475,-0.00803986963723848,-1.18829158508837e-10,0.0602803959704473,-6.37682798993268e-10
right,0.11080000000000001,0.25555,-0.0117213133088421,-0.161669413274776,1.47433675137684e-09,-0.134300207627801,-0.00497824514737636,2.156406168591e-06,1.3294843559386e-09,,,,,,,,,-0.0838844272015643,0.0838844100372581,-4.10230292536515e-13,-0.0838844107203749,-0.0113554513053306,-1.65870939716937e-10,0.0838844332488702,-8.96084496352909e-10
right,0.11080000000000001,0.284,-0.0142013762846294,-0.16357782021388,1.47433675137684e-09,-0.134300207627801,-0.00448639271563024,2.32957129515238e-06,1.3397353504363e-09,,,,,,,,,-0.107592035388276,0.107592017962311,-4.40608710790024e-13,-0.1075920187182,-0.0147763719338143,-2.14215407306841e-10,0.107592041522236,-1.15412248645188e-09
right,0.1385,-0.285,0.0258750443346877,-0.120364374309397,1.47433675137684e-09,-0.134300207627801,-0.0142046959407149,5.1377763716096e-07,1.19238059703708e-09,,,,,,,,,0.321501240530734,-0.321501253774157,-7.32206332351553e-14,0.321501255801876,0.0306703159744255,4.44753407906074e-10,-0.321501235489429,3.76332065995773e-09
right,0.1385,-0.25655,0.024584503803504,-0.122839846496047,1.47433675137684e-09,-0.134300207627801,-0.0136942107099785,5.7117324358682e-07,1.19238059703708e-09,,,,,,,,,0.300351787195524,-0.300351800634397,-8.71337448909372e-14,0.300351802453839,0.0293759539336401,4.25511730193649e-10,-0.300351782117039,3.50956005131024e-09
right,0.1385,-0.22809999999999997,0.0232298639267436,-0.125308872070111,1.47433675137684e-09,-0.134300207627801,-0.0131815002024067,6.32629474511275e-07,1.19238059703708e-09,,,,,,,,,0.279016332211874,-0.279016345847687,-1.01772996289632e-13,0.279016347465254,0.0279562344623424,4.0439114549533e-10,-0.279016327094375,3.25473638791174e-09
right,0.1385,-0.19965,0.0218107527993172,-0.127768913479427,1.47433675137684e-09,-0.134300207627801,-0.0126669543663735,6.98327722617072e-07,1.19238059703708e-09,,,,,,,,,0.257500664707287,-0.257500678541687,-1.17173750899847e-13,0.257500679963886,0.0264112287083416,3.81414326751137e-10,-0.257500659548868,2.99894640568638e-09
right,0.1385,-0.1712,0.0203268943519478,-0.13021742580577,1.47433675137684e-09,-0.134300207627801,-0.0121509642905745,7.68449655191697e-07,1.19238059703708e-09,,,,,,,,,0.235810482249918,-0.235810496284726,-1.33371572693556e-13,0.235810497518165,0.0247411916317329,3.56606396023294e-10,-0.235810477048596,2.74228491602872e-09
right,0.1385,-0.14275,0.0187781083519298,-0.132651861360283,1.47433675137684e-09,-0.134300207627801,-0.0116339214045536,8.43176776363158e-07,1.19238059703708e-09,,,,,,,,,0.213951381501081,-0.213951395738304,-1.50401479980983e-13,0.213951396789703,0.0229465529770727,3.29994690820161e-10,-0.213951376254785,2.48484466822818e-09
right,0.1385,-0.11429999999999998,0.0171643101632642,-0.1350696740886,1.47433675137684e-09,-0.134300207627801,-0.0111162167308866,9.22690015997816e-07,1.20155918548193e-09,,,,,,,,,0.191928850243903,-0.191928864685754,-1.68303430480764e-13,0.191928865561947,0.021027907989054,3.01608532643729e-10,-0.19192884495047,2.2267162518148e-09
right,0.1385,-0.08584999999999998,0.0154855102862089,-0.137468323785868,1.47433675137684e-09,-0.134300207627801,-0.0105982401889735,1.00716931803599e-06,1.2123546333509e-09,,,,,,,,,0.169748260701573,-0.169748275350487,-1.87109371507475e-13,0.169748276058433,0.018986007972694,2.71479003227293e-10,-0.169748255358738,1.96798808527609e-09
right,0.1385,-0.05740000000000001,0.0137418136954847,-0.139845280123646,1.47433675137684e-09,-0.134300207627801,-0.0100803799498612,1.09679323098887e-06,1.22314769424037e-09,,,,,,,,,0.14741486405493,-0.147414878913588,-2.06857119547251e-13,0.147414879460375,0.0168217507894851,2.39638727061765e-10,-0.147414858660317,1.70874636154713e-09
right,0.1385,-0.028949999999999976,0.0119334189954329,-0.142198026492114,1.47433675137684e-09,-0.134300207627801,-0.00956302184106466,1.19173851557653e-06,1.23393026352225e-09,,,,,,,,,0.124933786067401,-0.124933801138746,-2.2758084881179e-13,0.124933801531604,0.0145361713712548,2.06121662536727e-10,-0.124933780618512,1.44907505988876e-09
right,0.1385,-0.0005000000000000004,0.0100606174093716,-0.144524063662149,1.47433675137684e-09,-0.134300207627801,-0.00904654879998412,1.29217974687593e-06,1.24469437534636e-09,,,,,,,,,0.102310023725185,-0.10231003901245,-2.49316605321554e-13,0.102310039258763,0.0121304323238735,1.70962902791439e-10,-0.102310018219391,1.18905595570456e-09
right,0.1385,0.027949999999999975,0.00812379161927669,-0.146820913272704,1.47433675137684e-09,-0.134300207627801,-0.00853134037421415,1.39828890553163e-06,1.2554321471292e-09,,,,,,,,,0.0795484428018914,-0.0795484583086226,-2.72098618248695e-13,0.0795484584159374,0.00960581468357652,1.34198486583626e-10,-0.0795484372364214,9.28768662178767e-10
right,0.1385,0.056400000000000006,0.00612341447076884,-0.149086121149567,1.47433675137684e-09,-0.134300207627801,-0.00801777226680473,1.51023497671945e-06,1.26613572404288e-09,,,,,,,,,0.0566537762592238,-0.0566537919893086,-2.95961837593644e-13,0.0566537919653547,0.00696370887969668,9.58652193000836e-11,-0.0566537706311504,6.68290679985727e-10
right,0.1385,0.08484999999999998,0.00406004755722152,-0.151317260462003,1.47433675137684e-09,-0.134300207627801,-0.0075062159243593,1.6402446179659e-06,1.27679739003739e-09,,,,,,,,,0.0336306233986149,-0.0336306393563131,-3.20939670012407e-13,0.0336306392090176,0.00420560594911227,5.60005067325613e-11,-0.033630617704843,4.07697492235289e-10
right,0.1385,0.11330000000000001,0.00193433969566877,-0.153511934724035,1.47433675137684e-09,-0.134300207627801,-0.00699703816573028,1.78007913004709e-06,1.28740948457384e-09,,,,,,,,,0.0104834496826664,-0.0104834658726444,-3.47065033037446e-13,0.0104834656101502,0.00133308903979817,1.46421983029445e-11,-0.0104834439199181,1.47062619895844e-10
right,0.1385,0.14175000000000004,-0.000252974693925388,-0.155667780647237,1.47433675137684e-09,-0.134300207627801,-0.00649060084899535,1.92812744473099e-06,1.29796443038011e-09,,,,,,,,,-0.0127834128502958,0.0127833964229284,-3.74370457018014e-13,-0.0127833967922391,-0.00165217476644434,-2.81715577827211e-11,0.0127834186854964,-1.13542205701559e-10
right,0.1385,0.17019999999999996,-0.00250107729553721,-0.157782470851874,1.47433675137684e-09,-0.134300207627801,-0.00598726057435897,2.08463656811653e-06,1.30845484447306e-09,,,,,,,,,-0.0361657646504664,0.0361657479801149,-4.02886543258413e-13,-0.0361657484475979,-0.00474844228867023,-7.24024471843799e-11,0.0361657705618093,-3.74046994975387e-10
right,0.1385,0.19864999999999994,-0.00480906768060612,-0.159853716443128,1.47433675137684e-09,-0.134300207627801,-0.00548736842061935,2.24984894514061e-06,1.31887339938075e-09,,,,,,,,,-0.0596595372665678,0.059659520347107,-4.32643835846183e-13,-0.0596595209038278,-0.00795390172150406,-1.18012112552447e-10,0.0596595432579763,-6.3438327279785e-10
right,0.1385,0.22710000000000002,-0.00717596515967032,-0.16187926945895,1.47433675137684e-09,-0.134300207627801,-0.00499126971286387,2.42400217687606e-06,1.32921290640908e-09,,,,,,,,,-0.0832607915635461,0.0832607743882688,-4.6367462555418e-13,-0.0832607750249709,-0.0112666797378743,-1.64962266332345e-10,0.083260797639196,-8.94483990200038e-10
right,0.1385,0.25555,-0.00960071069445936,-0.163856925195787,1.47433675137684e-09,-0.134300207627801,-0.00449930381910304,2.6073287988168e-06,1.33946626013071e-09,,,,,,,,,-0.106965715604881,0.10696569816644,-4.96001005028393e-13,-0.106965698873511,-0.0146848482125292,-2.1321478912028e-10,0.106965721769222,-1.15428331829341e-09
right,0.1385,0.284,-0.0120821688635989,-0.165784524418185,1.47433675137684e-09,-0.134300207627801,-0.00401180397361705,2.80005561071166e-06,1.34962654940729e-09,,,,,,,,,-0.130770622251528,0.130770604541873,-5.29652601300327e-13,-0.130770605309301,-0.0182064305632453,-2.62731824055095e-10,0.13077062850931,-1.41371650079025e-09
right,0.16620000000000001,-0.285,0.0280103231529903,-0.12204569051717,1.47433675137684e-09,-0.134300207627801,-0.0137076988336935,7.1351463011031e-07,1.19238059703708e-09,,,,,,,,,0.30091176021853,-0.300911773656772,-1.10662145840197e-13,0.300911775496084,0.0294116857520256,4.24704665504041e-10,-0.300911755132034,3.53643992505113e-09
right,0.16620000000000001,-0.25655,0.0267262860966651,-0.12455144300062,1.47433675137684e-09,-0.134300207627801,-0.013195042012461,7.80363980390807e-07,1.19238059703708e-09,,,,,,,,,0.27958113490207,-0.279581148537503,-1.26751886639242e-13,0.279581150175899,0.0279952710317726,4.03668072599055e-10,-0.279581129775904,3.28060051054955e-09
right,0.16620000000000001,-0.22809999999999997,0.0253775641198372,-0.127050067134582,1.47433675137684e-09,-0.134300207627801,-0.0126805395651688,8.51607220843966e-07,1.19238059703708e-09,,,,,,,,,0.258070145619936,-0.258070159454239,-1.43634960155022e-13,0.258070160898282,0.0264535657668009,3.80775854900154e-10,-0.258070140452148,3.02377029537973e-09
right,0.16620000000000001,-0.19965,0.0239638082511725,-0.129539026827618,1.47433675137684e-09,-0.134300207627801,-0.0121645825609023,9.27425127375205e-07,1.19238059703708e-09,,,,,,,,,0.236384492480488,-0.236384506515513,-1.61349177851137e-13,0.236384507771874,0.0247868201863673,3.56053084716662e-10,-0.236384487269044,2.76604212727729e-09
right,0.16620000000000001,-0.1712,0.0224847652422761,-0.132015780445652,1.47433675137684e-09,-0.134300207627801,-0.0116475624300058,1.00799816165017e-06,1.19238059703708e-09,,,,,,,,,0.214529774913586,-0.214529789151377,-1.79928887921548e-13,0.214529790226838,0.0229954595459182,3.29527054876237e-10,-0.214529769656364,2.5075067978844e-09
right,0.16620000000000001,-0.14275,0.0209402774561457,-0.134477785226899,1.47433675137684e-09,-0.134300207627801,-0.0111298702149026,1.09350610410458e-06,1.20127463532071e-09,,,,,,,,,0.192511483664059,-0.192511498106868,-1.99409026019932e-13,0.192511499008332,0.0210800748481864,3.01227047444968e-10,-0.192511478358839,2.2482529555914e-09
right,0.16620000000000001,-0.11429999999999998,0.0193302825293391,-0.136922501512856,1.47433675137684e-09,-0.134300207627801,-0.0106118958725324,1.18412761092523e-06,1.21207002767854e-09,,,,,,,,,0.170334994077102,-0.17033500872741,-2.19825757835367e-13,0.170335009461902,0.0190414134062625,2.71184109516951e-10,-0.170334988721559,1.98836703588972e-09
right,0.16620000000000001,-0.08584999999999998,0.017654812827167,-0.139347396796766,1.47433675137684e-09,-0.134300207627801,-0.0100940276278395,1.28003982054183e-06,1.22286324122367e-09,,,,,,,,,0.148005560585427,-0.148005575445962,-2.41214979267533e-13,0.148005576020641,0.0168803693403391,2.39430835310696e-10,-0.148005555177121,1.72793324960477e-09
right,0.16620000000000001,-0.05740000000000001,0.0159139947103216,-0.141749949592441,1.47433675137684e-09,-0.134300207627801,-0.00957665137729307,1.38141795073377e-06,1.23364618520583e-09,,,,,,,,,0.125528312306187,-0.125528327379948,-2.63611200785146e-13,0.125528327802118,0.0145979740901378,2.06001157660497e-10,-0.125528306842554,1.46703355651256e-09
right,0.16620000000000001,-0.028949999999999976,0.0141080476303327,-0.144127653127483,1.47433675137684e-09,-0.134300207627801,-0.00906015014104422,1.48843492188227e-06,1.24441090765259e-09,,,,,,,,,0.102908249655578,-0.102908264945855,-2.87048900805904e-13,0.102908265222976,0.0121953870154002,1.70930148074111e-10,-0.102908244133916,1.20574769077819e-09
right,0.16620000000000001,-0.0005000000000000004,0.0122372830701545,-0.146478018865891,1.47433675137684e-09,-0.134300207627801,-0.00854490356202243,1.60126090213856e-06,1.25514948434713e-09,,,,,,,,,0.0801502418902436,-0.0801502574006492,-3.1156183654409e-13,0.0801502575403489,0.00967388614745834,1.34253827644409e-10,-0.0801502363077063,9.44153174715161e-10
right,0.16620000000000001,0.027949999999999975,0.010302103345054,-0.148798579865682,1.47433675137684e-09,-0.134300207627801,-0.00803128745003866,1.72006299134591e-06,1.26585404658375e-09,,,,,,,,,0.0572590254870373,-0.0572590412215305,-3.37184773491892e-13,0.0572590412316214,0.00703485914590615,9.60089878076947e-11,-0.0572590198406164,6.82325382745763e-10
right,0.16620000000000001,0.056400000000000006,0.00830300027782356,-0.151086893977636,1.47433675137684e-09,-0.134300207627801,-0.00751967336878224,1.85825891484513e-06,1.27651691994579e-09,,,,,,,,,0.0342392032759112,-0.0342392192388313,-3.63950009519728e-13,0.0342392191273277,0.00427979450589949,5.62330233179547e-11,-0.0342391975624253,4.20337592834603e-10
right,0.16620000000000001,0.08484999999999998,0.00624055376120672,-0.153340546891571,1.47433675137684e-09,-0.134300207627801,-0.00701042826347593,2.00714808273681e-06,1.28713040226103e-09,,,,,,,,,0.0110952442447071,-0.011095260440807,-3.91889490286849e-13,0.0110952602159443,0.00141027305366766,1.49637757263499e-11,-0.0110952384607865,1.58261068941875e-10
right,0.16620000000000001,0.11330000000000001,0.00411543021931432,-0.155557155036689,1.47433675137684e-09,-0.134300207627801,-0.00650391412687318,2.16446334302797e-06,1.29768695789068e-09,,,,,,,,,-0.0121685160609832,0.0121684996264979,-4.21035317288623e-13,-0.0121684999562411,-0.00157204023949868,-2.77606115509976e-11,0.0121685219189116,-1.03834838379372e-10
right,0.16620000000000001,0.14175000000000004,0.0019283809787419,-0.157734368342534,1.47433675137684e-09,-0.134300207627801,-0.00600048770124315,2.33044887313328e-06,1.30817917609605e-09,,,,,,,,,-0.035547874614922,0.0355478579363513,-4.51418563933663e-13,-0.0355478583622292,-0.00466540410121198,-7.19018270334954e-11,0.035547880550653,-3.65882582115486e-10
right,0.16620000000000001,0.17019999999999996,-0.000319759440914511,-0.159869872867049,1.47433675137684e-09,-0.134300207627801,-0.0055005002139829,2.50534390447621e-06,1.31859972940518e-09,,,,,,,,,-0.0590387595313937,0.0590387426024963,-4.83067083830044e-13,-0.0590387431154663,-0.00786800844236533,-1.17421514140685e-10,0.0590387655489615,-6.27816289593918e-10
right,0.16620000000000001,0.19864999999999994,-0.00262807510840418,-0.161961393298018,1.47433675137684e-09,-0.134300207627801,-0.00500429714451953,2.68938247549465e-06,1.32894140136841e-09,,,,,,,,,-0.0826372282924922,0.0826372111064334,-5.16012887798338e-13,-0.0826372116971257,-0.0111779814697881,-1.64281382197666e-10,0.0826372343961907,-8.89571614241271e-10
right,0.16620000000000001,0.22710000000000002,-0.00499557052617791,-0.164006695333967,1.47433675137684e-09,-0.134300207627801,-0.00451221802021002,2.88279312522615e-06,1.33919711431396e-09,,,,,,,,,-0.106339465638591,0.106339448187883,-5.50278384231677e-13,-0.106339448846563,-0.0145933964198147,-2.1244330965471e-10,0.106339471832996,-1.15108558794184e-09
right,0.16620000000000001,0.25555,-0.00742117253272739,-0.166003587950305,1.47433675137684e-09,-0.134300207627801,-0.00402459623901173,3.08579843492602e-06,1.34935992934793e-09,,,,,,,,,-0.130141781174126,0.130141763450565,-5.85895502541909e-13,-0.130141764167092,-0.0181122779095815,-2.61869433079523e-10,0.130141787464122,-1.41229647104333e-09
right,0.16620000000000001,0.284,-0.0099037322556372,-0.167949925556189,1.47433675137684e-09,-0.134300207627801,-0.00354175891677485,3.29861404629094e-06,1.3594230185987e-09,,,,,,,,,-0.154040606736107,0.154040588730694,-6.2288220793228e-13,-0.154040589494476,-0.0217326079064804,-3.12522232358132e-10,0.154040613126912,-1.67314357531522e-09
right,0.19390000000000002,-0.285,0.0301985032573262,-0.123696525934832,1.47433675137684e-09,-0.134300207627801,-0.0132085825361517,9.26957072219975e-07,1.19238059703708e-09,,,,,,,,,0.280145812094955,-0.280145825729967,-1.50787043857928e-13,0.280145827389045,0.0280342205029677,4.02738295703611e-10,-0.280145806960215,3.30925934421409e-09
right,0.19390000000000002,-0.25655,0.0289212172374561,-0.1262317192527,1.47433675137684e-09,-0.134300207627801,-0.0126941237492548,1.00369823573242e-06,1.19238059703708e-09,,,,,,,,,0.25863950498863,-0.25863951882279,-1.69143643065991e-13,0.25863952028852,0.0264958158997944,3.79929514366039e-10,-0.258639499811573,3.05140865195459e-09
right,0.19390000000000002,-0.22809999999999997,0.0275786644253581,-0.128759119743132,1.47433675137684e-09,-0.134300207627801,-0.0121782000884216,1.08516405788164e-06,1.19238059703708e-09,,,,,,,,,0.236958385050137,-0.236958399085328,-1.88362458466941e-13,0.236958400364443,0.0248323621098599,3.55290725836405e-10,-0.236958379828679,2.79263486526666e-09
right,0.19390000000000002,-0.19965,0.0261705187559997,-0.131276193919698,1.47433675137684e-09,-0.134300207627801,-0.0116612029842767,1.17153398884235e-06,1.19238059703708e-09,,,,,,,,,0.21510805447232,-0.215108068710623,-2.08479291486023e-13,0.215108069809969,0.023044279893044,3.28849179381732e-10,-0.215108049204287,2.53302680168046e-09
right,0.19390000000000002,-0.1712,0.0246965497106004,-0.133780404406458,1.47433675137684e-09,-0.134300207627801,-0.0111435234986065,1.26298663740855e-06,1.20099005740393e-09,,,,,,,,,0.193094006957052,-0.193094021400759,-2.29527658399483e-13,0.193094022327301,0.0211321560035554,3.00634117588526e-10,-0.193094001640169,2.27267117766597e-09
right,0.19390000000000002,-0.14275,0.0231566221019573,-0.136269214181372,1.47433675137684e-09,-0.134300207627801,-0.0106255516254415,1.35969941152991e-06,1.21178542200617e-09,,,,,,,,,0.170921620967709,-0.170921635619344,-2.51547117219141e-13,0.170921636380177,0.0190967337559477,2.70676553199277e-10,-0.170921615599591,2.01165247945974e-09
right,0.19390000000000002,-0.11429999999999998,0.0215506956473214,-0.138740090642929,1.47433675137684e-09,-0.134300207627801,-0.0101076756432096,1.4618480557606e-06,1.22257878820697e-09,,,,,,,,,0.148596154185822,-0.148596169048161,-2.74567814164748e-13,0.148596169650514,0.0169389035225163,2.39009051031144e-10,-0.148596148763967,1.75005294749347e-09
right,0.19390000000000002,-0.08584999999999998,0.0198788243473296,-0.141190509502353,1.47433675137684e-09,-0.134300207627801,-0.00959028151695421,1.56960628800999e-06,1.23336209301161e-09,,,,,,,,,0.126122739079928,-0.126122754156024,-2.98624504070431e-13,0.126122754607273,0.0146596932443407,2.05665518380817e-10,-0.126122733601706,1.48795255881213e-09
right,0.19390000000000002,-0.05740000000000001,0.0181411556885204,-0.143617958504913,1.47433675137684e-09,-0.134300207627801,-0.00907375234922966,1.68314539026028e-06,1.24412741220326e-09,,,,,,,,,0.10350637949452,-0.103506394787722,-3.23752885694871e-13,0.103506395095403,0.0122602590286036,1.70681005801958e-10,-0.103506373957158,1.22542903661585e-09
right,0.19390000000000002,-0.028949999999999976,0.0163379296858944,-0.146019940984831,1.47433675137684e-09,-0.134300207627801,-0.0085584678779844,1.80263381220765e-06,1.25486676605391e-09,,,,,,,,,0.080751948168166,-0.0807519636821497,-3.49986899196221e-13,0.0807519638539702,0.00974187589544624,1.34091517064859e-10,-0.0807519425687412,9.62557865267991e-10
right,0.19390000000000002,-0.0005000000000000004,0.0144694777808706,-0.148393979259008,1.47433675137684e-09,-0.134300207627801,-0.00804480401950399,1.92823677267015e-06,1.26557234136904e-09,,,,,,,,,0.0578641850922742,-0.0578642008310701,-3.77359749558209e-13,0.0578642008749254,0.00710592872861285,9.59338304185912e-11,-0.0578641794276989,6.9941232749085e-10
right,0.19390000000000002,0.027949999999999975,0.0125362216088566,-0.150737617865245,1.47433675137684e-09,-0.134300207627801,-0.00753313245430574,2.07445304715726e-06,1.27623639434304e-09,,,,,,,,,0.0348476966251969,-0.0348477125932221,-4.05901465157399e-13,0.0348477125172132,0.004353903475626,5.62453300504231e-11,-0.034847690892204,4.36063569773355e-10
right,0.19390000000000002,0.056400000000000006,0.0105386716495207,-0.153048426651029,1.47433675137684e-09,-0.134300207627801,-0.00702382025375141,2.23232406183481e-06,1.28685129219264e-09,,,,,,,,,0.0117069552803063,-0.0117069714824001,-4.35646269039692e-13,0.0117069712948527,0.00148737863528106,1.5063849935017e-11,-0.0117069494754357,1.72580654208687e-10
right,0.19390000000000002,0.08484999999999998,0.00847742577175191,-0.155324003719062,1.47433675137684e-09,-0.134300207627801,-0.006517229545064,2.39883233789918e-06,1.29740944376788e-09,,,,,,,,,-0.0115536998888835,0.0115536834474211,-4.66623432296687e-13,-0.0115536837379325,-0.00149198293709258,-2.75724708042864e-11,0.0115537057693022,-9.096934769876e-11
right,0.19390000000000002,0.11330000000000001,0.00635316768421962,-0.157561978235809,1.47433675137684e-09,-0.134300207627801,-0.00601371721239435,2.57421933188824e-06,1.30790345220788e-09,,,,,,,,,-0.0349300623787296,0.0349300456920948,-4.98863501829107e-13,-0.0349300460767233,-0.0045824418828638,-7.16253229065901e-11,0.0349300683385938,-3.54521242999336e-10
right,0.19390000000000002,0.14175000000000004,0.00416666530143535,-0.159760013109252,1.47433675137684e-09,-0.134300207627801,-0.00551363463157732,2.7587211403401e-06,1.31832597616288e-09,,,,,,,,,-0.0584180568678312,0.0584180399296682,-5.32395211682994e-13,-0.0584180403992646,-0.00778218983413535,-1.17056349472258e-10,0.058418062911285,-6.18011647372756e-10
right,0.19390000000000002,0.17019999999999996,0.00191876903424955,-0.161915807541924,1.47433675137684e-09,-0.134300207627801,-0.00501732743623861,2.95256835189136e-06,1.32866981306101e-09,,,,,,,,,-0.0820137374539491,0.0820137202572968,-5.67247197526781e-13,-0.0820137208023787,-0.0110893565363137,-1.63827258539322e-10,0.0820137435854036,-8.81378810821275e-10
right,0.19390000000000002,0.19864999999999994,-0.000389589987175929,-0.164027099465055,1.47433675137684e-09,-0.134300207627801,-0.00452513531295932,3.15598562261783e-06,1.33892788523049e-09,,,,,,,,,-0.105713285552668,0.105713268089901,-6.03443898967103e-13,-0.105713268700613,-0.01450201659173,-2.11899922775009e-10,0.105713291776824,-1.1445625070642e-09
right,0.19390000000000002,0.22710000000000002,-0.00275740175071473,-0.166091667859451,1.47433675137684e-09,-0.134300207627801,-0.00403739182326869,3.36919139110231e-06,1.34909325377741e-09,,,,,,,,,-0.12951300751006,0.12951298977282,-6.41013097511659e-13,-0.129512990438895,-0.0180181958210242,-2.61236476088692e-10,0.129513013831936,-1.40750386517644e-09
right,0.19390000000000002,0.25555,-0.0051835792535024,-0.168107334968398,1.47433675137684e-09,-0.134300207627801,-0.00355442425031452,3.5923969236601e-06,1.3591590630746e-09,,,,,,,,,-0.153409331976882,0.153409313956003,-6.79978776855537e-13,-0.153409314666713,-0.0216358772426333,-3.11799388777338e-10,0.153409338401837,-1.67014524894184e-09
right,0.19390000000000002,0.284,-0.00766696044130149,-0.170071968407575,1.47433675137684e-09,-0.134300207627801,-0.00307655346815007,3.82580498718219e-06,1.36911865178391e-09,,,,,,,,,-0.177398807087246,0.177398788772669,-7.20359318823679e-13,-0.177398789516766,-0.0253530066738269,-3.63551547956942e-10,0.177398813621016,-1.93243006058093e-09
right,0.22160000000000002,-0.285,0.0324389383928061,-0.125314603169124,1.47433675137684e-09,-0.134300207627801,-0.0127077069115134,1.15461773651452e-06,1.19238059703708e-09,,,,,,,,,0.259208742712114,-0.259208756546083,-1.93701512005791e-13,0.259208758033349,0.0265379791013715,3.78876053953845e-10,-0.259208737525886,3.08184750657439e-09
right,0.22160000000000002,-0.25655,0.0311686316951028,-0.127878408006846,1.47433675137684e-09,-0.134300207627801,-0.0121918168660157,1.24168370650504e-06,1.19238059703708e-09,,,,,,,,,0.2375321598596,-0.237532173894908,-2.14416274861988e-13,0.237532175196613,0.0248778173931546,3.54320086126429e-10,-0.237532154628235,2.82204826801765e-09
right,0.22160000000000002,-0.22809999999999997,0.0298324805183012,-0.130433773805588,1.47433675137684e-09,-0.134300207627801,-0.0116748430602643,1.3338017958025e-06,1.19238059703708e-09,,,,,,,,,0.215686220080153,-0.215686234318914,-2.36059247988813e-13,0.215686235441967,0.0230930140064619,3.27961848016466e-10,-0.215686214801424,2.56138897534596e-09
right,0.22160000000000002,-0.19965,0.0284301816410966,-0.132978170664401,1.47433675137684e-09,-0.134300207627801,-0.0111571765749234,1.43114947409418e-06,1.20070549336493e-09,,,,,,,,,0.193676420027997,-0.193676434472542,-2.58667015430435e-13,0.193676435423975,0.0211841514404152,2.99830544054586e-10,-0.193676414699574,2.29995435146745e-09
right,0.22160000000000002,-0.1712,0.0269615271524232,-0.135509066285975,1.47433675137684e-09,-0.134300207627801,-0.0106392074406644,1.53390288575828e-06,1.21150080245602e-09,,,,,,,,,0.171508141280845,-0.171508155933742,-2.82272799970851e-13,0.171508156720713,0.0191519690044209,2.69957152755349e-10,-0.171508135900286,2.03782696467868e-09
right,0.22160000000000002,-0.14275,0.0254264041426106,-0.138023930058038,1.47433675137684e-09,-0.134300207627801,-0.0101213239889839,1.64223640111982e-06,1.22229434906806e-09,,,,,,,,,0.149186644765972,-0.149186659630045,-3.06914504180441e-13,0.149186660259855,0.016997353316279,2.38374209679971e-10,-0.149186639330712,1.7750871019327e-09
right,0.22160000000000002,-0.11429999999999998,0.0238247941953614,-0.14052023696568,1.47433675137684e-09,-0.134300207627801,-0.00960391225311872,1.75632226317613e-06,1.23307802857298e-09,,,,,,,,,0.126717066300941,-0.126717081379293,-3.32621907869094e-13,0.126717081859392,0.0147213288118877,2.05115597380206e-10,-0.126717060808283,1.51181278738374e-09
right,0.22160000000000002,-0.08584999999999998,0.0221567726981953,-0.142995471337654,1.47433675137684e-09,-0.134300207627801,-0.00908735541767801,1.87633015884748e-06,1.24384391675392e-09,,,,,,,,,0.104104413156823,-0.104104428452863,-3.5943335929749e-13,0.104104428790859,0.0123250483394375,1.70216345885911e-10,-0.104104407603926,1.2480797596407e-09
right,0.22160000000000002,-0.05740000000000001,0.0204225079879683,-0.145447130430647,1.47433675137684e-09,-0.134300207627801,-0.00857203331531226,2.00242684153726e-06,1.2545840338829e-09,,,,,,,,,0.0813535615529792,-0.0813535770704456,-3.87376732210091e-13,0.0813535772741267,0.00980978390158808,1.33712442037652e-10,-0.0813535559368443,9.83961492972094e-10
right,0.22160000000000002,-0.028949999999999976,0.0186222603469837,-0.147872727856301,1.47433675137684e-09,-0.134300207627801,-0.00805832196849463,2.13477570545487e-06,1.26529062227654e-09,,,,,,,,,0.0584692549947718,-0.0584692707377654,-4.16487888046299e-13,0.0584692708151084,0.00717691760011653,9.56406507669273e-11,-0.0584692493122322,7.19529228960318e-10
right,0.22160000000000002,-0.0005000000000000004,0.0167563808640966,-0.150269796856259,1.47433675137684e-09,-0.134300207627801,-0.00754659317431167,2.28884777399503e-06,1.2759558687403e-09,,,,,,,,,0.0354561033688162,-0.0354561193418314,-4.46797240725376e-13,0.0354561193010225,0.00442793282899608,5.60383468329922e-11,-0.0354560976165206,4.54852023737262e-10
right,0.22160000000000002,0.027949999999999975,0.0148253101740917,-0.152635893430925,1.47433675137684e-09,-0.134300207627801,-0.00703721413003219,2.45562809351837e-06,1.28657212661309e-09,,,,,,,,,0.0123185827142972,-0.0123185989222583,-4.78336000536982e-13,0.0123185987717138,0.00156440575389335,1.49433575913116e-11,-0.0123185768886954,1.89996812793764e-10
right,0.22160000000000002,0.056400000000000006,0.0128295770875133,-0.154968599327781,1.47433675137684e-09,-0.134300207627801,-0.00653054709714172,2.6312556954158e-06,1.29713188801173e-09,,,,,,,,,-0.0109389644067019,0.0109389479584018,-5.11134200412911e-13,-0.010938948210013,-0.00141200289128045,-2.76061825294589e-11,0.0109389703093755,-7.49715425130399e-11
right,0.22160000000000002,0.08484999999999998,0.0107697971220607,-0.157265524895242,1.47433675137684e-09,-0.134300207627801,-0.0060269491014894,2.81596935878991e-06,1.30762767280856e-09,,,,,,,,,-0.0343123280121681,0.0343123113176224,-5.45221709803392e-13,-0.0343123116613532,-0.0044995556668565,-7.15719654730592e-11,0.0343123339959133,-3.39990134859451e-10
right,0.22160000000000002,0.11330000000000001,0.00864667094564095,-0.159524311807944,1.47433675137684e-09,-0.134300207627801,-0.00552677166718609,3.01000223835607e-06,1.31805218128722e-09,,,,,,,,,-0.0577974293437738,0.0577974123965135,-5.80626715607128e-13,-0.0577974128231099,-0.00769644593109499,-1.16915633788078e-10,0.0577974354128434,-6.04997950290212e-10
right,0.22160000000000002,0.14175000000000004,0.00646098274020367,-0.1617426356693,1.47433675137684e-09,-0.134300207627801,-0.00503036058191461,3.21358147288987e-06,1.32839819699804e-09,,,,,,,,,-0.0813903191134717,0.0813903019064115,-6.17375736893416e-13,-0.0813903024062784,-0.0110008049726633,-1.63598892938931e-10,0.0813903252723928,-8.69935733968356e-10
right,0.22160000000000002,0.17019999999999996,0.00421359849458001,-0.163918208496949,1.47433675137684e-09,-0.134300207627801,-0.00453805569135728,3.42692803035876e-06,1.33865860063587e-09,,,,,,,,,-0.105087175410381,0.105087157935758,-6.55495224973433e-13,-0.105087158498922,-0.0144107087643066,-2.11583612397753e-10,0.105087181663979,-1.13474587939175e-09
right,0.22160000000000002,0.19864999999999994,0.00190546423370363,-0.166048781096503,1.47433675137684e-09,-0.134300207627801,-0.0040501907205095,3.65025625320957e-06,1.34882649494017e-09,,,,,,,,,-0.128884301320367,0.128884283569674,-6.95009310109407e-13,-0.128884284185742,-0.01792418433432,-2.60831918320994e-10,0.128884307673791,-1.39937225780982e-09
right,0.22160000000000002,0.22710000000000002,-0.00046239580918043,-0.168132145328722,1.47433675137684e-09,-0.134300207627801,-0.00356709311972667,3.88377312265188e-06,1.35889502428377e-09,,,,,,,,,-0.152778122305958,0.152778104269862,-7.35940333849724e-13,-0.152778104927969,-0.0215392157560726,-3.11306275702073e-10,0.152778128764707,-1.6637601588089e-09
right,0.22160000000000002,0.25555,-0.00288888107142716,-0.170166136274955,1.47433675137684e-09,-0.134300207627801,-0.00308908393344059,4.12767705256157e-06,1.36885749957294e-09,,,,,,,,,-0.17676518338965,0.176765165057909,-7.78310687729372e-13,-0.176765165746666,-0.0252537497589545,-3.62969561848718e-10,0.176765189959611,-1.92785605248043e-09
right,0.22160000000000002,0.284,-0.00537281658577136,-0.172148634305375,1.47433675137684e-09,-0.134300207627801,-0.00261647768958009,4.38215584900111e-06,1.37870735661405e-09,,,,,,,,,-0.200842146179381,0.20084212754074,-8.22143972639508e-13,-0.200842128248165,-0.029065700966743,-4.15785130841917e-10,0.200842152866856,-2.19160748500916e-09
right,0.24930000000000008,-0.285,0.0347309009831744,-0.126897673982454,1.47433675137684e-09,-0.134300207627801,-0.0122054328865686,1.39700152092122e-06,1.19238059703708e-09,,,,,,,,,0.238105816809589,-0.238105830844963,-2.39511771197656e-13,0.238105832169096,0.0249231860272761,3.53141911995142e-10,-0.238105811568421,2.8542681850542e-09
right,0.24930000000000008,-0.25655,0.0334677834024001,-0.129489272672928,1.47433675137684e-09,-0.134300207627801,-0.0116884826508667,1.49481927934501e-06,1.19238059703708e-09,,,,,,,,,0.216264271639914,-0.216264285879078,-2.62668718482232e-13,0.216264287025666,0.0231416618742591,3.26865823996373e-10,-0.216264266350602,2.59257823329803e-09
right,0.24930000000000008,-0.22809999999999997,0.0321382483112231,-0.132071805214394,1.47433675137684e-09,-0.134300207627801,-0.011170829436778,1.59801258210859e-06,1.2004209570815e-09,,,,,,,,,0.194258722781963,-0.194258737227287,-2.86823221332755e-13,0.194258738203423,0.02123606114409,2.98817106302227e-10,-0.194258717442122,2.33008653127712e-09
right,0.24930000000000008,-0.19965,0.030742015234498,-0.134642746118993,1.47433675137684e-09,-0.134300207627801,-0.0106528633111637,1.70675629075439e-06,1.21121619678366e-09,,,,,,,,,0.172094554923911,-0.172094569578004,-3.12011853725945e-13,0.172094570390916,0.0192071191344195,2.69026704335681e-10,-0.172094549531041,2.06687367595565e-09
right,0.24930000000000008,-0.1712,0.0292788987165535,-0.13719956884639,1.47433675137684e-09,-0.134300207627801,-0.0101349726581737,1.82122341565486e-06,1.22200988217358e-09,,,,,,,,,0.149777032235687,-0.149777047101422,-3.38262521548641e-13,0.149777047758478,0.0170557187019508,2.37527124143643e-10,-0.149777026787163,1.80301801079934e-09
right,0.24930000000000008,-0.14275,0.0277488079268625,-0.139739749732958,1.47433675137684e-09,-0.134300207627801,-0.00961754357885595,1.94158472752243e-06,1.23279390862319e-09,,,,,,,,,0.127311293881493,-0.127311308962024,-3.65609846162465e-13,0.127311309470745,0.0147828807708605,2.04352224471358e-10,-0.127311288374551,1.53859562963116e-09
right,0.24930000000000008,-0.11429999999999998,0.0261517460791958,-0.142260771759934,1.47433675137684e-09,-0.134300207627801,-0.00910095933952538,2.06800834823295e-06,1.24356036579343e-09,,,,,,,,,0.104702350557248,-0.10470236585604,-3.94091122925596e-13,0.104702366224111,0.0123897549239098,1.69537014614878e-10,-0.104702344988978,1.2736803066244e-09
right,0.24930000000000008,-0.08584999999999998,0.0244878096809981,-0.144760128164085,1.47433675137684e-09,-0.134300207627801,-0.00858559986721672,2.20065935840605e-06,1.2543012878341e-09,,,,,,,,,0.0819550819619601,-0.0819550974828153,-4.23734128199907e-13,0.0819550977180998,0.00987761013998137,1.33117464858006e-10,-0.0819550763292897,1.00834352822205e-09
right,0.24930000000000008,-0.05740000000000001,0.0227571876286615,-0.147235325895185,1.47433675137684e-09,-0.134300207627801,-0.0080718412903029,2.33969938330112e-06,1.26500884767289e-09,,,,,,,,,0.0590742351143259,-0.0590742508614143,-4.54573375993064e-13,0.0590742509719709,0.00724782573276321,9.51303282663118e-11,-0.0590742294140101,7.42654544112847e-10
right,0.24930000000000008,-0.028949999999999976,0.0209601601632644,-0.149683888925192,1.47433675137684e-09,-0.134300207627801,-0.0075600555221803,2.5014640239097e-06,1.27567527374861e-09,,,,,,,,,0.0360644234290776,-0.0360644394069695,-4.86639143994047e-13,0.0360644394010699,0.00450188253675671,5.56129696473087e-11,-0.036064417657681,4.76680367406414e-10
right,0.24930000000000008,-0.0005000000000000004,0.0190970977002394,-0.152103361414416,1.47433675137684e-09,-0.134300207627801,-0.00705060988579201,2.67708144899434e-06,1.28629294715576e-09,,,,,,,,,0.0129301264714835,-0.0129301426851868,-5.19961669558252e-13,0.0129301425713361,0.00164135437879906,1.46032102700687e-11,-0.0129301206253674,2.10485837869845e-10
right,0.24930000000000008,0.027949999999999975,0.0171684595453343,-0.154491310740192,1.47433675137684e-09,-0.134300207627801,-0.00654386677667862,2.86175492596634e-06,1.29685429062221e-09,,,,,,,,,-0.0103243096871676,0.0103242932321673,-5.54570763771389e-13,-0.0103242934452064,-0.00133210013407934,-2.786081874683e-11,0.0103243156118639,-5.58663147014661e-11
right,0.24930000000000008,0.056400000000000006,0.0151747925081684,-0.156845330393706,1.47433675137684e-09,-0.134300207627801,-0.00604018336220338,3.05572073265638e-06,1.30735186565367e-09,,,,,,,,,-0.0336946715855342,0.0336946548832289,-5.90495306541002e-13,-0.0336946551864107,-0.00441674548638644,-7.17408108595846e-11,0.0336946775929112,-3.22315404416427e-10
right,0.24930000000000008,0.08484999999999998,0.0131167294236602,-0.159163042750618,1.47433675137684e-09,-0.134300207627801,-0.00553991131459091,3.25920907807676e-06,1.31777833090041e-09,,,,,,,,,-0.0571768770271292,0.0571768600709385,-6.27763420488037e-13,-0.0571768604549038,-0.00761077676749387,-1.16998407582798e-10,0.0571768831215479,-5.88802699604675e-10
right,0.24930000000000008,0.11330000000000001,0.0109949875906374,-0.161442101721038,1.47433675137684e-09,-0.134300207627801,-0.00504339657543916,3.47244387706649e-06,1.32812649766834e-09,,,,,,,,,-0.0807669733366249,0.0807669561193406,-6.66400823953823e-13,-0.0807669565743838,-0.0109123268140203,-1.6359531115385e-10,0.0807669795227267,-8.55271334554423e-10
right,0.24930000000000008,0.14175000000000004,0.00881036713602368,-0.163680195284272,1.47433675137684e-09,-0.134300207627801,-0.00455097914940831,3.69564245004838e-06,1.33838924665231e-09,,,,,,,,,-0.104461135275004,0.104461117788729,-7.06431058295244e-13,-0.10446111830476,-0.0143194729735493,-2.11493386671782e-10,0.104461141557737,-1.12166620541539e-09
right,0.24930000000000008,0.17019999999999996,0.00656374931215036,-0.165875047913532,1.47433675137684e-09,-0.134300207627801,-0.00406299292485386,3.92901513673759e-06,1.34855968059178e-09,,,,,,,,,-0.12825566266609,0.128255644902165,-7.47880492812598e-13,-0.128255645468665,-0.0178302434861897,-2.60654753851775e-10,0.128255669050733,-1.38793381940795e-09
right,0.24930000000000008,0.19864999999999994,0.00425609473395782,-0.168024422895574,1.47433675137684e-09,-0.134300207627801,-0.00357976551924826,4.17276474414156e-06,1.35863088834842e-09,,,,,,,,,-0.1521469777822,0.152146959731132,-7.90770787133249e-13,-0.152146960337102,-0.021442623484138,-3.11041870323176e-10,0.152146984274394,-1.65402225842854e-09
right,0.24930000000000008,0.22710000000000002,0.00188844156212974,-0.170126124549929,1.47433675137684e-09,-0.134300207627801,-0.00310161814732591,4.42708541225304e-06,1.36859625021746e-09,,,,,,,,,-0.176131622532136,0.1761316041835,-8.35120856492722e-13,-0.17613160481741,-0.0251545606125398,-3.62617604334715e-10,0.176131629137913,-1.91988091607866e-09
right,0.24930000000000008,0.25555,-0.000538096362449955,-0.172178000352127,1.47433675137684e-09,-0.134300207627801,-0.0026288655099823,4.69216074957372e-06,1.37844917424967e-09,,,,,,,,,-0.200206255490338,0.200206236832681,-8.80953397442825e-13,-0.200206237482397,-0.028963970277581,-4.15345300598418e-10,0.20020626221616,-2.18546045527909e-09
right,0.24930000000000008,0.284,-0.00302233142812169,-0.174177942964979,1.47433675137684e-09,-0.134300207627801,-0.00216181570206218,4.96816118125425e-06,1.38818326278489e-09,,,,,,,,,-0.224367648801987,0.224367629822713,-9.28284842031808e-13,-0.224367630475425,-0.032868740529945,-4.69188835795124e-10,0.224367655654786,-2.4507126211107e-09
right,0.277,-0.285,0.037073583774121,-0.128443522974663,1.47433675137684e-09,-0.134300207627801,-0.0117021217489823,1.65460442062101e-06,1.19238059703708e-09,,,,,,,,,0.216842209054411,-0.216842223293926,-2.88316931695947e-13,0.216842224463874,0.0231902234846006,3.25561851752925e-10,-0.216842203754626,2.62658019944172e-09
right,0.277,-0.25655,0.0358178474249552,-0.131062110808007,1.47433675137684e-09,-0.134300207627801,-0.0111844820770946,1.76359413162741e-06,1.20013642079808e-09,,,,,,,,,0.194840915123982,-0.194840929570027,-3.14009242666428e-13,0.194840930570683,0.0212878850999769,2.97594564832309e-10,-0.194840909772842,2.36305240749096e-09
right,0.277,-0.22809999999999997,0.0344951256450637,-0.133671025157616,1.47433675137684e-09,-0.134300207627801,-0.0106665192299016,1.87827804429725e-06,1.21093160498909e-09,,,,,,,,,0.172680861804265,-0.172680876459492,-3.4076194089141e-13,0.172680877298148,0.0192621841287477,2.67885983806643e-10,-0.172680856399214,2.09877640533134e-09
right,0.277,-0.19965,0.0331051605734207,-0.136267745634798,1.47433675137684e-09,-0.134300207627801,-0.0101486216437893,1.99882778445732e-06,1.2217254152791e-09,,,,,,,,,0.150367316504725,-0.150367331372052,-3.68611686380843e-13,0.150367332056143,0.0171139996599172,2.36468586669753e-10,-0.150367311043075,1.83382859255625e-09
right,0.277,-0.1712,0.0316477890275674,-0.138849752003872,1.47433675137684e-09,-0.134300207627801,-0.00963117548723399,2.12541265135909e-06,1.23250981642897e-09,,,,,,,,,0.127905421733801,-0.127905436816433,-3.97590925279467e-13,0.127905437353553,0.0148443490993983,2.03376207405344e-10,-0.127905416212725,1.56828310211993e-09
right,0.277,-0.14275,0.0301229420321639,-0.141414527969044,1.47433675137684e-09,-0.134300207627801,-0.00911456410790641,2.2581992108069e-06,1.24327684258851e-09,,,,,,,,,0.105300191610508,-0.105300206911968,-4.27729193247332e-13,0.105300207309874,0.0124543787580818,1.68643835513652e-10,-0.105300186027026,1.30221176545399e-09
right,0.277,-0.11429999999999998,0.0285306441730385,-0.143959564808453,1.47433675137684e-09,-0.134300207627801,-0.00859916752690689,2.39735088957156e-06,1.25401852790752e-09,,,,,,,,,0.0825565093123383,-0.0825565248364895,-4.59060964584979e-13,0.0825565251031234,0.00994535458477326,1.32307426124186e-10,-0.0825565036633055,1.03568413362995e-09
right,0.277,-0.08584999999999998,0.0268710127925453,-0.146482364859249,1.47433675137684e-09,-0.134300207627801,-0.00808536197821949,2.54302756190386e-06,1.26472704531366e-09,,,,,,,,,0.0596791253706906,-0.0596791411217714,-4.91617414413375e-13,0.0596791412652717,0.00731865309894488,9.44037186019826e-11,-0.059679119652784,7.6876746821313e-10
right,0.277,-0.05740000000000001,0.0251442570409634,-0.148980444858173,1.47433675137684e-09,-0.134300207627801,-0.00757351949129014,2.71232296592689e-06,1.27539467875692e-09,,,,,,,,,0.0366726567282534,-0.0366726727109097,-5.25429512428538e-13,0.036672672739632,0.00457575256969823,5.49700700350013e-11,-0.0366726509379554,5.01526772062094e-10
right,0.277,-0.028949999999999976,0.0233506767975642,-0.151451339142524,1.47433675137684e-09,-0.134300207627801,-0.00706400751450291,2.896705604718e-06,1.28601371218728e-09,,,,,,,,,0.0135415864766373,-0.0135416026959595,-5.60525461585737e-13,0.0135416026184973,0.00171822447933362,1.40442955028137e-11,-0.0135415806102208,2.34024847730566e-10
right,0.277,-0.0005000000000000004,0.0214906614738949,-0.153892602716717,1.47433675137684e-09,-0.134300207627801,-0.00655718857724515,3.09035182021471e-06,1.29657665159932e-09,,,,,,,,,-0.00970973580303537,0.00970971934147086,-5.96935255676455e-13,-0.00970971951626177,-0.00125227469746987,-2.8335476633269e-11,0.00970974174952475,-3.36776746720026e-11
right,0.277,0.027949999999999975,0.0195646887107534,-0.156301814189721,1.47433675137684e-09,-0.134300207627801,-0.00605341998820956,3.29349545027597e-06,1.30707597523205e-09,,,,,,,,,-0.0330770931691459,0.0330770764592307,-6.34686422149602e-13,-0.0330770767222071,-0.00433401137461557,-7.21309408851383e-11,0.0330770991999087,-3.01522245527095e-10
right,0.277,0.056400000000000006,0.0175733229793138,-0.158676578588763,1.47433675137684e-09,-0.134300207627801,-0.00555305356757171,3.50636390682511e-06,1.31750439724687e-09,,,,,,,,,-0.0565563999858196,0.056556383020863,-6.73806730186354e-13,-0.0565563833625624,-0.00752518237754889,-1.17303737333445e-10,0.0565564061053231,-5.69452354193883e-10
right,0.277,0.08484999999999998,0.0155172140958858,-0.161014530054582,1.47433675137684e-09,-0.134300207627801,-0.00505643541070215,3.729177937346e-06,1.32785474282748e-09,,,,,,,,,-0.0801437001889831,0.0801436829616558,-7.14321105309497e-13,-0.0801436833722626,-0.0108239220955376,-1.63815564004973e-10,0.0801437064019828,-8.37413434814125e-10
right,0.277,0.11330000000000001,0.0133970956588751,-0.16331333442343,1.47433675137684e-09,-0.134300207627801,-0.00456390568111515,3.96215132832429e-06,1.33811986491317e-09,,,,,,,,,-0.103835165209819,0.103835147712089,-7.562541563342e-13,-0.103835148181397,-0.0142283092554351,-2.11628281243643e-10,0.103835171521383,-1.10535277997381e-09
right,0.277,0.14175000000000004,0.0112137834156537,-0.165570691700793,1.47433675137684e-09,-0.134300207627801,-0.0040757984304196,4.20549058608503e-06,1.34829278297666e-09,,,,,,,,,-0.127627091608268,0.127627073831332,-7.99628876498702e-13,-0.127627074348698,-0.0177363733133293,-2.60704003070109e-10,0.127627098023805,-1.37321944160756e-09
right,0.277,0.17019999999999996,0.00896817356626051,-0.167784338431634,1.47433675137684e-09,-0.134300207627801,-0.00359244144311441,4.45939435982712e-06,1.3583667246575e-09,,,,,,,,,-0.151515898464472,0.151515880398672,-8.44467353098713e-13,-0.151515880952967,-0.0213461004641462,-3.11005178514043e-10,0.151515904989761,-1.64096411032128e-09
right,0.277,0.19864999999999994,0.00666124101012203,-0.169952049971638,1.47433675137684e-09,-0.134300207627801,-0.00311415610416004,4.72405258306221e-06,1.3683349731064e-09,,,,,,,,,-0.175498124571448,0.175498106206184,-8.90789193941734e-13,-0.175498106785735,-0.0250554392724284,-3.62494666245283e-10,0.175498131212669,-1.90853899761827e-09
right,0.277,0.22710000000000002,0.00429403754131719,-0.172071642663737,1.47433675137684e-09,-0.134300207627801,-0.00264125728735543,4.99964473076625e-06,1.37819092249636e-09,,,,,,,,,-0.199570425467975,0.199570406791597,-9.38613154805386e-13,-0.19957040738412,-0.0288623059301595,-4.15135801357728e-10,0.199570432231745,-2.17589776698965e-09
right,0.277,0.25555,0.00186768999731131,-0.174140975923832,1.47433675137684e-09,-0.134300207627801,-0.00217405326265135,5.28633743458909e-06,1.38792821680056e-09,,,,,,,,,-0.223729570346541,0.223729551346236,-9.87956687237461e-13,-0.223729551938761,-0.0327645891497114,-4.68892449964352e-10,0.223729577239961,-2.44299527587983e-09
right,0.277,0.284,-0.000616601634462637,-0.17615795423939,1.47433675137684e-09,-0.134300207627801,-0.00171284562063844,5.58428096606565e-06,1.39754051386998e-09,,,,,,,,,-0.247972438867423,0.247972419529078,-1.03883734573248e-12,-0.247972420107857,-0.0367601547018,-5.23729058307878e-10,0.247972445898114,-2.70978759004347e-09
