side,target_rotation_rad,target_shape_rad,q_a_command_rad,q_b_command_rad,actual_rotation_rad,actual_shape_rad,rotation_tracking_error_rad,shape_tracking_error_rad,wheel_hx_m,wheel_hz_m,wheel_radius_m,wheel_angle_rad,other_wheel_hx_m,other_wheel_hz_m,gas_slide_q_m,max_abs_nonwheel_qvel,max_abs_equality_residual_m,q_link_005_joint_rad,q_link_006_joint_rad,q_link_007_joint_rad,q_link_008_joint_rad,q_link_009_joint_rad,q_link_011_joint_rad,q_link_013_joint_rad,q_link_004_joint_rad,q_link_017_joint_rad,q_link_019_joint_rad,q_link_021_joint_rad,q_link_020_joint_rad,q_link_022_joint_rad,q_link_024_joint_rad,q_link_016_joint_rad,q_link_018_joint_rad
left,-3.141592653589793,-0.281,-3.4225926535897933,2.860592653589793,-3.141592653430855,-0.28099999917100504,1.8783633759511534e-08,8.289949837703148e-10,-1.74825881411256e-09,0.0930735147012371,0.09307351470123712,-3.1415926348061594,1.72028746950201e-09,-0.134300206915378,-0.0211735791125159,5.79404993969315e-09,1.19238058315929e-09,-0.605428739293963,-7.99228861549133e-17,0.605428749784663,2.17106588309877e-12,-0.605428755522699,-0.0358274415644871,4.69212262301992e-10,0.605428739292622,,,,,,,,
left,-2.8797932657906435,-0.281,-3.1607932657906437,2.5987932657906434,-2.87979326563885,-0.28099999918179996,1.996194809450458e-08,8.182000632572795e-10,-0.0240891999978349,0.0899021111271227,0.09307351471632092,-2.8797932458286954,1.72028746950201e-09,-0.134300206915378,-0.021173579112436,5.67000634018987e-09,1.19238058315929e-09,-0.605428739294401,3.8418943972275e-17,0.605428749785623,1.88748174906775e-12,-0.605428755519708,-0.0358274415647085,3.2165304300255e-10,0.605428739294252,,,,,,,,
left,-2.6179938779914944,-0.281,-2.8989938779914945,2.3369938779914943,-2.617993877850865,-0.2809999992259451,2.1064227251343937e-08,7.740549312629241e-10,-0.0465367590749001,0.0806040272162757,0.09307351475407712,-2.617993856927267,1.72028746950201e-09,-0.134300206915378,-0.0211735791136282,5.24191092984241e-09,1.19238058315929e-09,-0.605428739343589,1.07666088375056e-16,0.605428749834901,1.61854570976637e-12,-0.605428755568262,-0.0358274415634747,1.86550277754325e-10,0.605428739343735,,,,,,,,
left,-2.356194490192345,-0.281,-2.637194490192345,2.0751944901923447,-2.3561944900645653,-0.280999999272985,2.2009723821270196e-08,7.270150037541612e-10,-0.0658129149241625,0.0658129120271144,0.09307351481653495,-2.356194468182621,1.72028746950201e-09,-0.134300206915378,-0.0211735791149967,4.81986422357303e-09,1.19238058315929e-09,-0.605428739399386,1.27656782997015e-16,0.605428749890719,1.36574098910252e-12,-0.605428755623937,-0.03582744156203,6.35684415831381e-11,0.60542873939962,,,,,,,,
left,-2.0943951023931957,-0.281,-2.375395102393196,1.8133951023931956,-2.09439510227915,-0.28099999931651,2.2731963866817747e-08,6.834900423413615e-10,-0.0806040293808904,0.0465367556177751,0.09307351490012594,-2.094395079661232,1.72028746950201e-09,-0.134300206915378,-0.0211735791162928,4.45861704675628e-09,1.19238058315929e-09,-0.605428739452087,6.90290485405889e-17,0.605428749943424,1.12985199258487e-12,-0.605428755676651,-0.0358274415606547,-4.74534818250829e-11,0.605428739452342,,,,,,,,
left,-1.832595714594046,-0.281,-2.113595714594046,1.551595714594046,-1.832595714494425,-0.28099999935557507,2.3180414698842352e-08,6.444249578407835e-10,-0.0899021124393859,0.024089196192395,0.09307351499894952,-1.8325956914136312,1.72028746950201e-09,-0.134300206915378,-0.0211735791174736,4.16824397282888e-09,1.19238058315929e-09,-0.605428739500055,4.95041246287505e-17,0.605428749991396,9.13511632310321e-13,-0.605428755724664,-0.0358274415593989,-1.46574317090857e-10,0.605428739500305,,,,,,,,
left,-1.5707963267948966,-0.281,-1.8517963267948967,1.2897963267948964,-1.57079632671007,-0.28099999938868003,2.332340409694211e-08,6.113199946256032e-10,-0.0930735151061711,-2.17079119929228e-09,0.09307351510617112,-1.5707963034714925,1.72028746950201e-09,-0.134300206915378,-0.0211735791184793,3.93506372772169e-09,1.19238058315929e-09,-0.605428739540907,4.46018327229645e-17,0.605428750032251,7.17476081927048e-13,-0.605428755765556,-0.0358274415583283,-2.33883686295123e-10,0.605428739541146,,,,,,,,
left,-1.3089969389957472,-0.281,-1.5899969389957471,1.0279969389957473,-1.30899693892597,-0.2809999994154301,2.3150164674134995e-08,5.845699480033772e-10,-0.0899021115312825,-0.0240892004133355,0.09307351521424878,-1.3089969158455825,1.72028746950201e-09,-0.134300206915378,-0.0211735791192935,3.75222783817933e-09,1.19238058315929e-09,-0.605428739573977,4.8864729982609e-17,0.605428750065326,5.42707974959264e-13,-0.605428755798661,-0.0358274415574612,-3.09435266253605e-10,0.605428739574207,,,,,,,,
left,-1.0471975511965979,-0.281,-1.328197551196598,0.7661975511965978,-1.047197551142051,-0.28099999943575904,2.2671482247105242e-08,5.642409872663734e-10,-0.0806040276277585,-0.0465367594852048,0.09307351531558403,-1.0471975285251156,1.72028746950201e-09,-0.134300206915378,-0.0211735791199128,3.61554454802368e-09,1.19238058315929e-09,-0.605428739599128,5.72832577200162e-17,0.60542875009048,3.90451500769014e-13,-0.605428755823838,-0.0358274415568015,-3.73246317895098e-10,0.605428739599351,,,,,,,,
left,-0.7853981633974483,-0.281,-1.0663981633974484,0.5043981633974483,-0.785398163358292,-0.28099999944975806,2.1918943549081856e-08,5.502419631042699e-10,-0.0658129124478346,-0.0658129153329337,0.09307351540307394,-0.7853981414785047,1.72028746950201e-09,-0.134300206915378,-0.0211735791203389,3.52261797646635e-09,1.19238058315929e-09,-0.605428739616433,7.42970444412248e-17,0.605428750107787,2.61585084072096e-13,-0.605428755841163,-0.0358274415563472,-4.25306035143987e-10,0.60542873961665,,,,,,,,
left,-0.5235987755982987,-0.281,-0.8045987755982987,0.24259877559829868,-0.523598775574658,-0.280999999457457,2.0942790501798925e-08,5.425430105177043e-10,-0.0465367560472381,-0.0806040297916929,0.09307351547062284,-0.5235987546555082,1.72028746950201e-09,-0.134300206915378,-0.0211735791205728,3.47189100059077e-09,1.19238058315929e-09,-0.605428739625925,7.88941289354493e-17,0.605428750117281,1.56757184618602e-13,-0.605428755850669,-0.0358274415560971,-4.65587185199045e-10,0.60542873962614,,,,,,,,
left,-0.2617993877991496,-0.281,-0.5427993877991496,-0.019200612200850453,-0.26179938779113787,-0.2809999994589121,1.9808484685857056e-08,5.410879522216305e-10,-0.024089196628727,-0.0899021128552245,0.0930735155135498,-0.2617993679906649,1.72028746950201e-09,-0.134300206915378,-0.0211735791206158,3.46257314062081e-09,1.19238058315929e-09,-0.605428739627661,9.22942289563785e-17,0.605428750119018,7.68564442280544e-14,-0.605428755852415,-0.0358274415560502,-4.94038927336619e-10,0.605428739627878,,,,,,,,
left,0.0,-0.281,-0.281,-0.281,-7.712497307466037e-12,-0.2809999994542355,1.8592264074221653e-08,5.457645446682591e-10,1.73044737902951e-09,-0.0930735155289017,0.09307351552890171,1.859226407422165e-08,1.72028746950201e-09,-0.134300206915378,-0.0211735791204712,3.49227462257581e-09,1.19238058315929e-09,-0.605428739621771,1.08318412964215e-16,0.605428750113126,2.24874375602057e-14,-0.605428755846532,-0.035827441556203,-5.10587619008305e-10,0.605428739621991,,,,,,,,
left,0.2617993877991496,-0.281,-0.019200612200850453,-0.5427993877991496,0.2617993877756263,-0.2809999994434107,1.7375928251794903e-08,5.565893301806568e-10,0.0240891999722352,-0.0899021119615379,0.09307351551567843,0.2617994051750778,1.72028746950201e-09,-0.134300206915378,-0.0211735791201384,3.56052318678989e-09,1.19238058315929e-09,-0.605428739608232,1.27475484953632e-16,0.605428750099584,-5.85247602482754e-15,-0.605428755832997,-0.0358274415565559,-5.15124216068826e-10,0.605428739608458,,,,,,,,
left,0.5235987755982987,-0.281,0.24259877559829868,-0.8045987755982987,0.5235987755588815,-0.2809999994264395,1.624127032862077e-08,5.735605324019843e-10,0.0465367590465532,-0.0806040280649565,0.0930735154748828,0.523598791839569,1.72028746950201e-09,-0.134300206915378,-0.0211735791196174,3.66711845710401e-09,1.19238058315929e-09,-0.605428739587039,1.52514106430853e-16,0.605428750078386,-7.71422251300692e-15,-0.605428755811808,-0.0358274415571087,-5.07519451827979e-10,0.605428739587274,,,,,,,,
left,0.7853981633974478,-0.281,0.5043981633974478,-1.066398163397448,0.7853981633420555,-0.28099999940333453,1.526450466027285e-08,5.966654947897609e-10,0.0658129148994959,-0.0658129128902929,0.09307351540945238,0.7853981786619525,1.72028746950201e-09,-0.134300206915378,-0.0211735791189082,3.81216642102377e-09,1.19238058315929e-09,-0.605428739558199,1.68719181245553e-16,0.605428750049539,1.72335447702709e-14,-0.605428755782968,-0.0358274415578619,-4.87619438184573e-10,0.605428739558445,,,,,,,,
left,1.0471975511965974,-0.281,0.7661975511965974,-1.3281975511965975,1.0471975511251426,-0.2809999993741075,1.4511059465149856e-08,6.258925044910768e-10,0.0806040293654558,-0.0465367564923813,0.09307351532406227,1.0471975657076569,1.72028746950201e-09,-0.134300206915378,-0.0211735791180107,3.99523155393324e-09,1.19238058315929e-09,-0.605428739521706,1.96718333328607e-16,0.605428750013038,6.92742007904132e-14,-0.605428755746471,-0.0358274415588156,-4.55243213359082e-10,0.605428739521968,,,,,,,,
left,1.3089969389957474,-0.281,1.0279969389957473,-1.5899969389957476,1.30899693890813,-0.28099999933885,1.4031109163425981e-08,6.611500236175516e-10,0.0899021124371376,-0.0240891970733903,0.09307351522479618,1.3089969530268566,1.72028746950201e-09,-0.134300206915378,-0.0211735791169266,4.21544112721415e-09,1.19238058315929e-09,-0.605428739477636,2.19887572583206e-16,0.605428749968959,1.48405613870655e-13,-0.605428755702389,-0.035827441559968,-4.10178516390951e-10,0.605428739477919,,,,,,,,
left,1.5707963267948966,-0.281,1.2897963267948964,-1.8517963267948967,1.570796326690965,-0.28099999929765507,1.3856130909317699e-08,7.023449599685705e-10,0.0930735151187412,1.28963879385195e-09,0.09307351511874122,1.5707963406510275,1.72028746950201e-09,-0.134300206915378,-0.0211735791156576,4.47459346563246e-09,1.19238058315929e-09,-0.60542873942607,2.48530789361923e-16,0.605428749917385,2.54845518088237e-13,-0.605428755650788,-0.035827441561318,-3.52195236761509e-10,0.605428739426386,,,,,,,,
left,1.8325957145940457,-0.281,1.5515957145940455,-2.113595714594046,1.8325957144735798,-0.28099999925059993,1.3996770853452745e-08,7.494000975327708e-10,0.0899021115578786,0.0240891995384702,0.09307351501350683,1.8325957285908165,1.72028746950201e-09,-0.134300206915378,-0.0211735791142046,4.77825004755417e-09,1.19238058315929e-09,-0.605428739367069,2.5881274140525e-16,0.605428749858381,3.88598586579755e-13,-0.60542875559171,-0.0358274415628653,-2.81050159745041e-10,0.605428739367434,,,,,,,,
left,2.0943951023931957,-0.281,1.8133951023931956,-2.375395102393196,2.09439510225567,-0.28099999919906005,1.444177089027221e-08,8.009399810049445e-10,0.0806040276651587,0.046536758622334,0.09307351491653813,2.0943951168349666,1.72028746950201e-09,-0.134300206915378,-0.0211735791126062,5.1381216589314e-09,1.19238058315929e-09,-0.605428739302279,3.02998628720605e-16,0.605428749793605,5.49452260406782e-13,-0.605428755526724,-0.0358274415645712,-1.96391706436186e-10,0.605428739302729,,,,,,,,
left,2.356194490192345,-0.281,2.0751944901923447,-2.637194490192345,2.356194490036615,-0.2809999991448049,1.5159026478528403e-08,8.551951369284438e-10,0.0658129124908027,0.0658129144861221,0.09307351483467075,2.3561945053513713,1.72028746950201e-09,-0.134300206915378,-0.0211735791109239,5.60427641837031e-09,1.19238058315929e-09,-0.605428739234333,4.51974913078237e-16,0.605428749725718,7.37656902947651e-13,-0.605428755458333,-0.0358274415663729,-9.78788674784251e-11,0.605428739234925,,,,,,,,
left,2.617993877991494,-0.281,2.336993877991494,-2.898993877991494,2.617993877815185,-0.28099999909055495,1.609805311275636e-08,9.094450748037275e-10,0.0465367560891748,0.0806040289624958,0.09307351477348542,2.617993894089547,1.72028746950201e-09,-0.134300206915378,-0.0211735791092812,6.30249653317317e-09,1.19238058315929e-09,-0.605428739168397,5.62388234314116e-16,0.605428749659925,9.5220545482468e-13,-0.605428755391551,-0.0358274415681388,1.48335607882098e-11,0.60542873916918,,,,,,,,
left,2.879793265790643,-0.281,2.598793265790643,-3.1607932657906432,2.8797932655859952,-0.28099999905152484,1.719375486430863e-08,9.484751872790298e-10,0.0240891966622381,0.0899021120400105,0.09307351473478685,2.879793282984398,1.72028746950201e-09,-0.134300206915378,-0.0211735791083591,7.88208345753947e-09,1.19238058315929e-09,-0.605428739132349,9.9455241948836e-16,0.605428749624219,1.19395588499438e-12,-0.605428755353983,-0.0358274415691276,1.42285849935165e-10,0.605428739133203,,,,,,,,
left,3.141592653589793,-0.281,2.860592653589793,-3.4225926535897933,3.1415926533476046,-0.280999999036595,1.838310950198791e-08,9.63405022424979e-10,-1.71098061969232e-09,0.0930735147184309,0.09307351471843091,-3.141592635206684,1.72028746950201e-09,-0.134300206915378,-0.0211735791088629,1.03273527115631e-08,1.19238058315929e-09,-0.605428739151973,1.33223299120301e-15,0.60542874964402,1.46126901799158e-12,-0.605428755374069,-0.0358274415684706,2.84847747135839e-10,0.60542873915173,,,,,,,,
left,-3.141592653589793,-0.252925,-3.394517653589793,2.8886676535897933,-3.1415926533714247,-0.25292499926743495,1.7570544130762755e-08,7.325650641654136e-10,-1.70251358752985e-09,0.0968958948430396,0.09689589484303962,-3.141592636019249,1.72028746950201e-09,-0.134300206915378,-0.0203043079895087,1.63982765854872e-08,1.19238058315929e-09,-0.570121509977856,-4.82928210477315e-15,0.570121520827969,2.0944755092604e-12,-0.570121526019266,-0.0365395464278491,4.45087751548904e-10,0.570121509978223,,,,,,,,
left,-2.8797932657906435,-0.252925,-3.1327182657906434,2.6268682657906437,-2.87979326561625,-0.25292499917003,1.8776012300492088e-08,8.299700371416918e-10,-0.0250785047386401,0.0935942468331546,0.09689589485727176,-2.8797932470146312,1.72028746950201e-09,-0.134300206915378,-0.0203043079903357,7.96306050445603e-09,1.19238058315929e-09,-0.570121510018857,-1.82018303799637e-15,0.570121520871043,1.81955403359921e-12,-0.570121526051736,-0.0365395464271369,2.97930124769682e-10,0.570121510016628,,,,,,,,
left,-2.6179938779914944,-0.252925,-2.8709188779914943,2.3650688779914946,-2.61799387784451,-0.2529249991768998,1.9838182208076208e-08,8.231001991099163e-10,-0.0484479491131575,0.0839143055420235,0.09689589489690044,-2.617993858153312,1.72028746950201e-09,-0.134300206915378,-0.0203043079913777,6.36624276267195e-09,1.19238058315929e-09,-0.570121510068023,-5.23117508690236e-16,0.57012152092143,1.55784785811398e-12,-0.570121526093934,-0.0365395464265866,1.63231471579135e-10,0.570121510066445,,,,,,,,
left,-2.356194490192345,-0.252925,-2.6091194901923447,2.103269490192345,-2.356194490065085,-0.252924999214045,2.0739891581911252e-08,7.859550232858226e-10,-0.0685157458165361,0.0685157429745179,0.09689589496024269,-2.3561944694524533,1.72028746950201e-09,-0.134300206915378,-0.0203043079926573,5.34243295075722e-09,1.19238058315929e-09,-0.570121510123997,-1.1375325457593e-16,0.570121520978035,1.31152652904871e-12,-0.570121526145928,-0.0365395464259123,4.06943393059576e-11,0.570121510123212,,,,,,,,
left,-2.0943951023931957,-0.252925,-2.3473201023931956,1.8414701023931956,-2.09439510228212,-0.25292499926002,2.14280202470718e-08,7.399800217022801e-10,-0.0839143076683411,0.0484479457236879,0.0968958950436107,-2.0943950809651755,1.72028746950201e-09,-0.134300206915378,-0.0203043079940475,4.68912389630032e-09,1.19238058315929e-09,-0.570121510182392,5.36688890702859e-17,0.570121521036719,1.08289581547601e-12,-0.570121526202409,-0.036539546425149,-6.97591627557623e-11,0.570121510182115,,,,,,,,
left,-1.832595714594046,-0.252925,-2.085520714594046,1.5796707145940458,-1.83259571449784,-0.2529249993049799,2.1855673937309913e-08,6.950200970301523e-10,-0.0935942481269014,0.025078501009371,0.09689589514172935,-1.832595692738372,1.72028746950201e-09,-0.134300206915378,-0.0203043079954057,4.51183479837986e-09,1.19238058315929e-09,-0.570121510238322,4.77966693745388e-17,0.570121521092769,8.72698244390291e-13,-0.570121526257556,-0.0365395464243812,-1.68232178159681e-10,0.570121510238287,,,,,,,,
left,-1.5707963267948966,-0.252925,-1.8237213267948966,1.3178713267948965,-1.570796326713325,-0.25292499934383506,2.1991104270924208e-08,6.56164955703531e-10,-0.0968958952482257,-2.1308477345583e-09,0.09689589524822573,-1.5707963048037923,1.72028746950201e-09,-0.134300206915378,-0.0203043079965857,4.31904958583334e-09,1.19238058315929e-09,-0.57012151028662,7.82312073758972e-17,0.570121521141131,6.82326578235666e-13,-0.570121526305455,-0.0365395464237077,-2.54846011289181e-10,0.570121510286723,,,,,,,,
left,-1.3089969389957472,-0.252925,-1.5619219389957473,1.0560719389957471,-1.308996938928785,-0.25292499937577495,2.1823594709147184e-08,6.242250605303923e-10,-0.0935942472380848,-0.025078505152856,0.09689589535561126,-1.3089969171721525,1.72028746950201e-09,-0.134300206915378,-0.0203043079975627,4.11995327912041e-09,1.19238058315929e-09,-0.570121510326455,7.81408195823372e-17,0.570121521180999,5.1333886484145e-13,-0.570121526345106,-0.036539546423146,-3.29635921849125e-10,0.57012151032663,,,,,,,,
left,-1.0471975511965979,-0.252925,-1.300122551196598,0.7942725511965978,-1.0471975511443197,-0.2529249994003605,2.136315790934873e-08,5.996395047169756e-10,-0.0839143059526485,-0.048447949520855,0.09689589545636086,-1.04719752983344,1.72028746950201e-09,-0.134300206915378,-0.0203043079983185,3.95217269738963e-09,1.19238058315929e-09,-0.570121510357203,9.85660646114879e-17,0.570121521211764,3.66477088503829e-13,-0.570121526375773,-0.0365395464227099,-3.92623864996601e-10,0.570121510357416,,,,,,,,
left,-0.7853981633974483,-0.252925,-1.0383231633974483,0.5324731633974482,-0.7853981633599696,-0.2529249994175105,2.063993909118267e-08,5.824895010775322e-10,-0.0685157433937281,-0.0685157462220497,0.09689589554341047,-0.7853981427575092,1.72028746950201e-09,-0.134300206915378,-0.0203043079988466,3.82854288538624e-09,1.19238058315929e-09,-0.570121510378662,1.07673315145976e-16,0.570121521233232,2.42570660634201e-13,-0.570121526397203,-0.0365395464224039,-4.43803670398395e-10,0.570121510378894,,,,,,,,
left,-0.5235987755982987,-0.252925,-0.7765237755982988,0.2706737755982987,-0.5235987755757355,-0.25292499942722246,1.970209129176226e-08,5.727775476138675e-10,-0.0484479461520522,-0.0839143080758191,0.09689589561067913,-0.5235987558962074,1.72028746950201e-09,-0.134300206915378,-0.0203043079991449,3.75389180776823e-09,1.19238058315929e-09,-0.570121510390766,1.06801771996443e-16,0.57012152124534,1.42621541745429e-13,-0.570121526409305,-0.0365395464222305,-4.83147872350153e-10,0.570121510391007,,,,,,,,
left,-0.2617993877991496,-0.252925,-0.5147243877991496,0.008874387799149563,-0.2617993877916183,-0.2529249994295147,1.8612455077171578e-08,5.704853256460751e-10,-0.0250785014453718,-0.093594248539892,0.09689589565349294,-0.2617993691866945,1.72028746950201e-09,-0.134300206915378,-0.0203043079992134,3.73122649862345e-09,1.19238058315929e-09,-0.570121510393529,1.20195977657524e-16,0.570121521248102,6.72818404662607e-14,-0.570121526412081,-0.0365395464221898,-5.10605886638206e-10,0.570121510393773,,,,,,,,
left,0.0,-0.252925,-0.252925,-0.252925,-7.615491570689414e-12,-0.2529249994245045,1.7444120887428083e-08,5.754954846004523e-10,1.69026371754415e-09,-0.0968958956689137,0.09689589566891371,1.7444120887428083e-08,1.72028746950201e-09,-0.134300206915378,-0.0203043079990519,3.75951797814771e-09,1.19238058315929e-09,-0.570121510386967,1.34289406303776e-16,0.570121521241538,1.71911960845207e-14,-0.570121526405526,-0.0365395464222828,-5.26104620934103e-10,0.570121510387216,,,,,,,,
left,0.2617993877991496,-0.252925,0.008874387799149563,-0.5147243877991496,0.26179938777628314,-0.25292499941221885,1.6275580605462636e-08,5.87781157079803e-10,0.0250785047113264,-0.0935942476673226,0.09689589565594688,0.2617994040747302,1.72028746950201e-09,-0.134300206915378,-0.0203043079986584,3.83660180919261e-09,1.19238058315929e-09,-0.570121510371009,1.57576299410004e-16,0.570121521225578,-7.09909600341902e-15,-0.570121526389561,-0.0365395464225112,-5.29534577810583e-10,0.570121510371273,,,,,,,,
left,0.5235987755982987,-0.252925,0.2706737755982987,-0.7765237755982988,0.5235987755600615,-0.25292499939262947,1.5185379953486233e-08,6.073705427489529e-10,0.0484479490820702,-0.0839143063898536,0.09689589561559918,0.5235987907836787,1.72028746950201e-09,-0.134300206915378,-0.0203043079980321,3.96573007081439e-09,1.19238058315929e-09,-0.570121510345633,1.80876783344061e-16,0.570121521200201,-5.1295925761916e-15,-0.570121526364152,-0.0365395464228755,-5.20764929261544e-10,0.570121510345922,,,,,,,,
left,0.7853981633974478,-0.252925,0.5324731633974478,-1.038323163397448,0.7853981633436931,-0.25292499936571705,1.424670470484557e-08,6.342829594885302e-10,0.0685157457892454,-0.0685157438369983,0.09689589555081096,0.7853981776441525,1.72028746950201e-09,-0.134300206915378,-0.0203043079971729,4.15303969910016e-09,1.19238058315929e-09,-0.570121510310848,1.99587029473654e-16,0.570121521165417,2.33603856775812e-14,-0.570121526329296,-0.036539546423376,-4.99640164727166e-10,0.570121510311174,,,,,,,,
left,1.0471975511965974,-0.252925,0.7942725511965973,-1.3001225511965975,1.047197551127123,-0.25292499933143703,1.3522388320197365e-08,6.685629827529738e-10,0.083914307651354,-0.0484479465984079,0.09689589546625942,1.0471975647189857,1.72028746950201e-09,-0.134300206915378,-0.0203043079960809,4.40882930606176e-09,1.19238058315929e-09,-0.570121510266674,2.42114718084497e-16,0.57012152112125,7.87048809782928e-14,-0.570121526284994,-0.036539546424013,-4.65977189917191e-10,0.570121510267055,,,,,,,,
left,1.3089969389957474,-0.252925,1.0560719389957474,-1.5619219389957475,1.308996938910235,-0.252924999289735,1.3060640347006824e-08,7.102650134704902e-10,0.0935942481249242,-0.0250785018911063,0.0968958953680294,1.3089969520563878,1.72028746950201e-09,-0.134300206915378,-0.0203043079947588,4.75519849243988e-09,1.19238058315929e-09,-0.570121510213262,2.85823852921288e-16,0.570121521067859,1.60927772687254e-13,-0.57012152623136,-0.0365395464247851,-4.19563877155808e-10,0.570121510213716,,,,,,,,
left,1.5707963267948966,-0.252925,1.3178713267948965,-1.8237213267948966,1.570796326692735,-0.25292499924063505,1.2891840039941371e-08,7.593649598014451e-10,0.0968958952631609,1.24916637723567e-09,0.09689589526316092,1.5707963396867366,1.72028746950201e-09,-0.134300206915378,-0.0203043079932223,5.26100205253814e-09,1.19238058315929e-09,-0.57012151015131,3.69930531440096e-16,0.570121521005953,2.70200407153196e-13,-0.570121526169026,-0.036539546425683,-3.60153389733673e-10,0.570121510151854,,,,,,,,
left,1.8325957145940457,-0.252925,1.5796707145940456,-2.0855207145940455,1.83259571447463,-0.25292499918362,1.302714158768481e-08,8.163800191418602e-10,0.0935942472689964,0.0250785042787312,0.09689589515922942,1.8325957276211873,1.72028746950201e-09,-0.134300206915378,-0.0203043079914814,5.95852520294445e-09,1.19238058315929e-09,-0.570121510081096,4.85161893786332e-16,0.570121520935799,4.06634370182928e-13,-0.570121526098384,-0.0365395464266958,-2.87521767472786e-10,0.570121510081691,,,,,,,,
left,2.0943951023931957,-0.252925,1.8414701023931956,-2.3473201023931956,2.0943951022548797,-0.2529249991195599,1.3457620351431387e-08,8.804401097073367e-10,0.083914305995323,0.0484479486609762,0.09689589506337865,2.094395115850816,1.72028746950201e-09,-0.134300206915378,-0.0203043079896559,7.08395159570289e-09,1.19238058315929e-09,-0.570121510007488,5.83068477388406e-16,0.57012152086229,5.70058560147623e-13,-0.570121526024265,-0.0365395464277452,-2.01308008342298e-10,0.570121510007991,,,,,,,,
left,2.356194490192345,-0.252925,2.103269490192345,-2.6091194901923447,2.35619449003268,-0.25292499905078003,1.4160048245059897e-08,9.492199803950996e-10,0.068515743440244,0.0685157453806165,0.09689589498131905,2.356194504352393,1.72028746950201e-09,-0.134300206915378,-0.0203043079880767,8.88280948561493e-09,1.19238058315929e-09,-0.570121509942844,9.34988402377533e-16,0.570121520797698,7.60235131382324e-13,-0.570121525959974,-0.036539546428593,-1.01135171491516e-10,0.570121509942587,,,,,,,,
left,2.617993877991494,-0.252925,2.365068877991494,-2.870918877991494,2.61799387781064,-0.25292499898387,1.509903091445608e-08,1.0161300134647888e-09,0.0484479461914449,0.0839143072520138,0.09689589491693916,2.617993893090525,1.72028746950201e-09,-0.134300206915378,-0.0203043079872221,1.07670829296557e-08,1.19238058315929e-09,-0.570121509903427,1.05247792260211e-15,0.570121520757904,9.76820396369514e-13,-0.570121525924737,-0.0365395464288728,1.33198806784248e-11,0.570121509900727,,,,,,,,
left,2.879793265790643,-0.252925,2.6268682657906433,-3.132718265790643,2.8797932655980247,-0.2529249989497251,1.6241925582249905e-08,1.0502749225871355e-09,0.0250785014639695,0.0935942477218276,0.09689589486811684,2.8797932820325687,1.72028746950201e-09,-0.134300206915378,-0.0203043079885251,1.9985916610629e-08,1.19238058315929e-09,-0.570121509938344,9.15289962207765e-16,0.570121520790831,1.21979074329926e-12,-0.570121525976277,-0.0365395464275295,1.42518365632564e-10,0.570121509928951,,,,,,,,
left,3.141592653589793,-0.252925,2.8886676535897933,-3.394517653589793,3.14159265345047,-0.2529249991206599,1.7570769084832297e-08,8.793401007345381e-10,-1.70253536177892e-09,0.0968958948155807,0.09689589481558071,-3.1415926360190243,1.72028746950201e-09,-0.134300206915378,-0.0203043079961909,4.3524522692581e-08,1.19238058315929e-09,-0.570121510184835,-4.15941357618149e-15,0.570121521028609,1.48703211751902e-12,-0.570121526284629,-0.0365395464215815,2.87154895856849e-10,0.570121510158244,,,,,,,,
left,-3.141592653589793,-0.22485000000000002,-3.366442653589793,2.916742653589793,-3.141592653832995,-0.22484999896174518,1.5182238133348847e-08,1.0382548432108507e-09,-1.53050541641405e-09,0.100808944229795,0.10080894422979501,-3.141592638407555,1.72028746950201e-09,-0.134300206915378,-0.0194081063167945,1.38557794353568e-07,1.19238058315929e-09,-0.533779065004269,1.58559068339338e-14,0.533779076251796,2.02969400382337e-12,-0.533779080552011,-0.0368436298882852,4.28310949179632e-10,0.533779065109546,,,,,,,,
left,-2.8797932657906435,-0.22485000000000002,-3.1046432657906435,2.6549432657906435,-2.8797932657356453,-0.22484999915730497,1.699789153875031e-08,8.426950526274624e-10,-0.0260912763224105,0.0973739622489465,0.1008089441676265,-2.879793248792752,1.72028746950201e-09,-0.134300206915378,-0.0194081063319158,6.18400601713718e-08,1.19238058315929e-09,-0.533779065430599,1.82490219716653e-15,0.533779076659181,1.75477528010591e-12,-0.533779081156519,-0.0368436298834633,2.81573410886701e-10,0.533779065480537,,,,,,,,
left,-2.6179938779914944,-0.22485000000000002,-2.8428438779914944,2.3931438779914944,-2.617993877852,-0.22484999918332993,1.8444747063028902e-08,8.166700926626191e-10,-0.0504044736922721,0.0873031056449932,0.10080894416397682,-2.6179938595467473,1.72028746950201e-09,-0.134300206915378,-0.0194081063422456,1.85427625262982e-08,1.19238058315929e-09,-0.533779065763598,-1.44416400130567e-15,0.533779076984524,1.49840572487316e-12,-0.533779081569784,-0.0368436298803955,1.47144776384774e-10,0.53377906578129,,,,,,,,
left,-2.356194490192345,-0.22485000000000002,-2.581044490192345,2.131344490192345,-2.3561944900570397,-0.22484999920836013,1.9453239907818446e-08,7.916398925278401e-10,-0.0712826894431528,0.0712826866697943,0.10080894421187556,-2.356194470739105,1.72028746950201e-09,-0.134300206915378,-0.0194081063471354,5.64654325088475e-09,1.19238058315929e-09,-0.533779065941192,-1.32399075739363e-15,0.533779077160635,1.25879812669935e-12,-0.533779081766156,-0.0368436298792436,2.51436382096285e-11,0.533779065948873,,,,,,,,
left,-2.0943951023931957,-0.22485000000000002,-2.3192451023931957,1.8695451023931957,-2.094395102274305,-0.224849999238935,2.018391187519342e-08,7.61065016563478e-10,-0.0873031076991534,0.0504044703817062,0.10080894428764879,-2.094395082209284,1.72028746950201e-09,-0.134300206915378,-0.0194081063504139,5.03713215239726e-09,1.19238058315929e-09,-0.533779066066559,-8.01247972248659e-16,0.533779077285623,1.03626342495829e-12,-0.533779081898148,-0.0368436298785952,-8.47525522467621e-11,0.533779066069578,,,,,,,,
left,-1.832595714594046,-0.22485000000000002,-2.057445714594046,1.607745714594046,-1.83259571449347,-0.22484999927577998,2.0623573071532064e-08,7.24220045045243e-10,-0.0973739634378044,0.0260912727145961,0.10080894438220397,-1.8325956939704728,1.72028746950201e-09,-0.134300206915378,-0.0194081063527036,4.72211582625113e-09,1.19238058315929e-09,-0.533779066157421,-4.31861610386199e-16,0.533779077376495,8.32565829334745e-13,-0.533779081990578,-0.0368436298782321,-1.82625782438057e-10,0.533779066158598,,,,,,,,
left,-1.5707963267948966,-0.22485000000000002,-1.7956463267948966,1.3459463267948966,-1.5707963267114,-0.22484999931384997,2.076468774703244e-08,6.861500534416365e-10,-0.100808944486699,-2.09326625544253e-09,0.10080894448669903,-1.5707963060302088,1.72028746950201e-09,-0.134300206915378,-0.019408106354409,4.30605704478706e-09,1.19238058315929e-09,-0.533779066226355,-2.09426195527143e-16,0.533779077445513,6.482342428565e-13,-0.533779082059559,-0.0368436298780098,-2.68541705095831e-10,0.533779066226889,,,,,,,,
left,-1.3089969389957472,-0.22485000000000002,-1.5338469389957472,1.0841469389957472,-1.30899693892843,-0.22484999934711003,2.06084036502574e-08,6.52889992069916e-10,-0.0973739625654321,-0.026091276784024,0.10080894459280249,-1.3089969183873436,1.72028746950201e-09,-0.134300206915378,-0.0194081063557225,3.92780569911366e-09,1.19238058315929e-09,-0.533779066279797,-6.76773146813297e-17,0.533779077499034,4.8460071420684e-13,-0.533779082112736,-0.0368436298778548,-3.42576039877678e-10,0.533779066280078,,,,,,,,
left,-1.0471975511965979,-0.22485000000000002,-1.2720475511965978,0.8223475511965979,-1.047197551144816,-0.22484999937378397,2.0167660208514352e-08,6.262160512360282e-10,-0.0873031060160367,-0.0504044741070484,0.10080894469269806,-1.0471975310289376,1.72028746950201e-09,-0.134300206915378,-0.0194081063567005,3.86113400905477e-09,1.19238058315929e-09,-0.533779066319717,4.55055713023037e-17,0.533779077539016,3.43072533972303e-13,-0.53377908215235,-0.0368436298777466,-4.04749039914565e-10,0.533779066319918,,,,,,,,
left,-0.7853981633974483,-0.22485000000000002,-1.0102481633974483,0.5605481633974483,-0.785398163360785,-0.22484999939296502,1.947298455817759e-08,6.070350055953355e-10,-0.0712826870695426,-0.071282689845716,0.10080894477919546,-0.7853981439244637,1.72028746950201e-09,-0.134300206915378,-0.019408106357371,3.91206579575522e-09,1.19238058315929e-09,-0.533779066347143,9.83605062389403e-17,0.533779077566488,2.24178421664091e-13,-0.533779082179517,-0.0368436298776754,-4.55055974770481e-10,0.533779066347341,,,,,,,,
left,-0.5235987755982987,-0.22485000000000002,-0.7484487755982987,0.2987487755982987,-0.523598775576493,-0.224849999404161,1.85713995293213e-08,5.958390170146544e-10,-0.0504044708017373,-0.0873031081015574,0.10080894484615642,-0.5235987570268992,1.72028746950201e-09,-0.134300206915378,-0.0194081063577482,3.93645150241143e-09,1.19238058315929e-09,-0.533779066362622,1.2792597444663e-16,0.533779077581996,1.29015588598858e-13,-0.533779082194805,-0.0368436298776369,-4.93469769117726e-10,0.533779066362847,,,,,,,,
left,-0.2617993877991496,-0.22485000000000002,-0.48664938779914957,0.03694938779914955,-0.2617993877919947,-0.2248499994072033,1.752365069718209e-08,5.927967283714253e-10,-0.026091273147585,-0.097373963846334,0.10080894488887904,-0.2617993702754989,1.72028746950201e-09,-0.134300206915378,-0.0194081063578398,3.95092668708602e-09,1.19238058315929e-09,-0.533779066366443,1.45670101666124e-16,0.53377907758583,5.82316589741731e-14,-0.533779082198521,-0.0368436298776285,-5.19940115559682e-10,0.533779066366704,,,,,,,,
left,0.0,-0.22485000000000002,-0.22485000000000002,-0.22485000000000002,-7.522996114950331e-12,-0.22484999940171002,1.6400392805999155e-08,5.982900008749681e-10,1.65330629479052e-09,-0.100808944904402,0.10080894490440201,1.6400392805999155e-08,1.72028746950201e-09,-0.134300206915378,-0.0194081063576548,4.00381105915007e-09,1.19238058315929e-09,-0.533779066359006,1.6654704547855e-16,0.533779077578398,1.24288886012184e-14,-0.533779082191022,-0.0368436298776479,-5.34393896410862e-10,0.533779066359294,,,,,,,,
left,0.2617993877991496,-0.22485000000000002,0.03694938779914955,-0.48664938779914957,0.26179938777665845,-0.22484999938730155,1.5277083320608398e-08,6.126984752885534e-10,0.0260912763422638,-0.0973739629932877,0.10080894489174329,0.2617994030762329,1.72028746950201e-09,-0.134300206915378,-0.019408106357192,4.16420535266132e-09,1.19238058315929e-09,-0.533779066340359,1.99462829772127e-16,0.533779077559761,-7.83052458145917e-15,-0.533779082172266,-0.0368436298776956,-5.36721807248939e-10,0.533779066340673,,,,,,,,
left,0.5235987755982987,-0.22485000000000002,0.2987487755982987,-0.7484487755982987,0.523598775560551,-0.22484999936387098,1.4229570077795017e-08,6.361290383338769e-10,0.050404473668223,-0.087303106453194,0.10080894485187468,0.5235987898278688,1.72028746950201e-09,-0.134300206915378,-0.019408106356459,4.44163012321273e-09,1.19238058315929e-09,-0.533779066310756,2.49962926088796e-16,0.53377907753017,-2.08262802668818e-15,-0.533779082142548,-0.0368436298777691,-5.26791420667356e-10,0.53377906631107,,,,,,,,
left,0.7853981633974478,-0.22485000000000002,0.5605481633974478,-1.0102481633974478,0.7853981633441864,-0.22484999933136346,1.3328717685112679e-08,6.686365627839308e-10,0.0712826894137356,-0.071282687513522,0.10080894478768002,0.7853981767261655,1.72028746950201e-09,-0.134300206915378,-0.0194081063554688,4.84155178738048e-09,1.19238058315929e-09,-0.533779066270645,3.25693043433311e-16,0.533779077490067,2.99974248941521e-14,-0.533779082102388,-0.0368436298778643,-5.04445702694459e-10,0.533779066270896,,,,,,,,
left,1.0471975511965974,-0.22485000000000002,0.8223475511965974,-1.2720475511965974,1.047197551127635,-0.22484999928972504,1.2635815505035453e-08,7.102749777221362e-10,0.0873031076790369,-0.0504044712487216,0.10080894470373507,1.047197563832413,1.72028746950201e-09,-0.134300206915378,-0.0194081063542444,5.36691338056318e-09,1.19238058315929e-09,-0.533779066220817,4.09058473370065e-16,0.53377907744023,8.86707819456756e-14,-0.533779082052714,-0.0368436298779749,-4.69498937235862e-10,0.533779066220875,,,,,,,,
left,1.3089969389957474,-0.22485000000000002,1.0841469389957474,-1.5338469389957474,1.3089969389112102,-0.22484999923919002,1.219867207247205e-08,7.608099983347216e-10,0.0973739634341122,-0.0260912735928724,0.1008089446059522,1.3089969511944195,1.72028746950201e-09,-0.134300206915378,-0.0194081063528253,5.97131995079663e-09,1.19238058315929e-09,-0.533779066162559,4.85765188433599e-16,0.533779077381921,1.73981854889891e-13,-0.533779081995102,-0.0368436298780898,-4.21739621098992e-10,0.533779066162181,,,,,,,,
left,1.5707963267948966,-0.22485000000000002,1.3459463267948966,-1.7956463267948966,1.5707963266957652,-0.22484999918076498,1.204942745580695e-08,8.192350409164106e-10,0.10080894450101,1.2146900531419e-09,0.10080894450101001,1.570796338844324,1.72028746950201e-09,-0.134300206915378,-0.0194081063513002,6.83684064680261e-09,1.19238058315929e-09,-0.533779066098764,5.23147069511522e-16,0.533779077317963,2.86162133048245e-13,-0.533779081933112,-0.0368436298781853,-3.60924422458952e-10,0.53377906609747,,,,,,,,
left,1.8325957145940457,-0.22485000000000002,1.6077457145940457,-2.0574457145940457,1.8325957144837899,-0.22484999911825998,1.2202646226810998e-08,8.817400420912946e-10,0.0973739625944143,0.026091275914522,0.10080894439575346,1.832595726796692,1.72028746950201e-09,-0.134300206915378,-0.0194081063498192,9.67773475929053e-09,1.19238058315929e-09,-0.533779066034044,3.54341230247831e-16,0.533779077252812,4.24942980737814e-13,-0.533779081872774,-0.0368436298782244,-2.86779417512991e-10,0.533779066030969,,,,,,,,
left,2.0943951023931957,-0.22485000000000002,1.8695451023931957,-2.3192451023931957,2.094395102279465,-0.22484999905925507,1.2648447622609638e-08,9.407449541587454e-10,0.0873031060526863,0.0504044732529406,0.10080894429738363,2.0943951150416433,1.72028746950201e-09,-0.134300206915378,-0.0194081063484203,1.38804081594475e-08,1.19238058315929e-09,-0.533779065968598,-1.62904975320619e-16,0.53377907718648,5.90510396898628e-13,-0.533779081815644,-0.0368436298782045,-1.99021160617342e-10,0.53377906596282,,,,,,,,
left,2.356194490192345,-0.22485000000000002,2.131344490192345,-2.581044490192345,2.356194490094525,-0.22484999902733493,1.3361064699068947e-08,9.726650873620457e-10,0.0712826871034994,0.0712826890083246,0.1008089442110814,2.3561945035534095,1.72028746950201e-09,-0.134300206915378,-0.0194081063473864,2.0157303431758e-08,1.19238058315929e-09,-0.533779065909582,-1.74870949715594e-15,0.533779077125557,7.82544247495776e-13,-0.533779081773194,-0.0368436298780845,-9.72785080062423e-11,0.533779065899753,,,,,,,,
left,2.617993877991494,-0.22485000000000002,2.393143877991494,-2.842843877991494,2.6179938779771152,-0.22484999913663484,1.4250688629147135e-08,8.633651848999335e-10,0.0504044708261142,0.0873031072726467,0.10080894414048713,2.6179938922421826,1.72028746950201e-09,-0.134300206915378,-0.0194081063465331,2.8885117753668e-08,1.19238058315929e-09,-0.533779065839795,-7.75456972644261e-15,0.533779077051039,9.99519804669529e-13,-0.53377908173876,-0.0368436298781142,1.89869332626348e-11,0.533779065827111,,,,,,,,
left,2.879793265790643,-0.22485000000000002,2.654943265790643,-3.104643265790643,2.8797932659248753,-0.22484999946832507,1.5013634779847962e-08,5.316749540629218e-10,0.0260912731908572,0.097373963030187,0.10080894411174124,2.879793280804278,1.72028746950201e-09,-0.134300206915378,-0.0194081063404957,8.21863045087861e-08,1.19238058315929e-09,-0.533779065575753,-1.89851743745178e-14,0.533779076781677,1.24257838840609e-12,-0.533779081498272,-0.0368436298800315,1.49975318134022e-10,0.533779065579487,,,,,,,,
left,3.141592653589793,-0.22485000000000002,2.916742653589793,-3.366442653589793,3.141592653868325,-0.2248500005082752,1.42119882757949e-08,-5.08275171950956e-10,-1.43269548958954e-09,0.100808944235471,0.10080894423547102,-3.1415926393778055,1.72028746950201e-09,-0.134300206915378,-0.0194081063026639,1.90677803746111e-07,1.19238058315929e-09,-0.53377906424128,-3.78551105450627e-14,0.533779075455647,1.51263889559624e-12,-0.533779079991711,-0.0368436298931529,2.96595051894238e-10,0.533779064381796,,,,,,,,
left,-3.141592653589793,-0.196775,-3.3383676535897933,2.944817653589793,-3.141592654595625,-0.19677499579088487,2.23096559004432e-08,4.209115139763853e-09,-2.3381377806673e-09,0.104803846170471,0.10480384617047103,-3.141592631280137,1.72028746950201e-09,-0.134300206915378,-0.0184871345597849,6.58494626570267e-07,1.19238058315929e-09,-0.4964427712485,8.67834281595593e-14,0.496442782824181,1.95589625689724e-12,-0.496442787468698,-0.03671796656013,4.19057992808067e-10,0.49644277069007,,,,,,,,
left,-2.8797932657906435,-0.196775,-3.0765682657906437,2.6830182657906434,-2.879793266550335,-0.19677499732979498,1.819394057633872e-08,2.6702050293092583e-09,-0.0271252333748095,0.101232741754662,0.104803846727131,-2.879793247596703,1.72028746950201e-09,-0.134300206915378,-0.0184871344232715,2.66456900872119e-07,1.19238058315929e-09,-0.496442766382553,5.42975680321726e-14,0.496442777983176,1.69738193138477e-12,-0.496442782001776,-0.0367179665300438,2.72545189235467e-10,0.496442766254021,,,,,,,,
left,-2.6179938779914944,-0.196775,-2.8147688779914946,2.4212188779914943,-2.61799387836332,-0.19677499825335998,1.7897643367348337e-08,1.7466400270560456e-09,-0.0524019250645376,0.0907627928747124,0.10480384688019499,-2.617993860093851,1.72028746950201e-09,-0.134300206915378,-0.0184871343909307,1.35303593376571e-07,1.19238058315929e-09,-0.496442765145228,2.79534744969471e-14,0.496442776742905,1.44594951357766e-12,-0.496442780708422,-0.0367179665240061,1.38641117858194e-10,0.49644276512356,,,,,,,,
left,-2.356194490192345,-0.196775,-2.552969490192345,2.1594194901923447,-2.35619449034491,-0.1967749987232299,1.8436680182531976e-08,1.2767701063065573e-09,-0.0741075122465423,0.0741075095139493,0.10480384696055534,-2.3561944717556647,1.72028746950201e-09,-0.134300206915378,-0.0184871343848801,7.01691577886667e-08,1.19238058315929e-09,-0.496442764880373,1.4308011196323e-14,0.496442776473671,1.21050303468675e-12,-0.496442780467788,-0.0367179665235281,1.71081747728918e-11,0.49644276488424,,,,,,,,
left,-2.0943951023931957,-0.196775,-2.291170102393196,1.8976201023931958,-2.09439510241402,-0.19677499900836004,1.9021964892118607e-08,9.916399645870655e-10,-0.0907627949477735,0.0524019217935176,0.10480384704000859,-2.094395083371231,1.72028746950201e-09,-0.134300206915378,-0.0184871343853037,3.27709071188347e-08,1.19238058315929e-09,-0.496442764866742,6.34987787793507e-15,0.496442776456518,9.92615229237691e-13,-0.496442780486181,-0.0367179665242811,-9.22719328517423e-11,0.496442764875635,,,,,,,,
left,-1.832595714594046,-0.196775,-2.029370714594046,1.635820714594046,-1.83259571456352,-0.19677499915673002,1.944280469956539e-08,8.432699816207645e-10,-0.101232743164618,0.0271252296689843,0.10480384712990577,-1.8325956951512412,1.72028746950201e-09,-0.134300206915378,-0.0184871343878191,1.7147573366737e-08,1.19238058315929e-09,-0.496442764948329,2.92653995712762e-15,0.496442776536261,7.93561695851882e-13,-0.4964427805881,-0.0367179665252964,-1.89524128214203e-10,0.496442764955522,,,,,,,,
left,-1.5707963267948966,-0.196775,-1.7675713267948965,1.3740213267948966,-1.570796326747825,-0.196774999246915,1.9596972933300097e-08,7.530850110182286e-10,-0.10480384722957,-2.05383815625771e-09,0.10480384722957001,-1.5707963071979236,1.72028746950201e-09,-0.134300206915378,-0.018487134390269,1.0205136912529e-08,1.19238058315929e-09,-0.496442765035896,1.40301247042404e-15,0.496442776622885,6.14668089148336e-13,-0.496442780687183,-0.0367179665261785,-2.74756980095244e-10,0.49644276504092,,,,,,,,
left,-1.3089969389957472,-0.196775,-1.5057719389957471,1.1122219389957473,-1.308996938946535,-0.1967749993084149,1.9465255851613964e-08,6.915850947475377e-10,-0.101232742304226,-0.0271252336600036,0.10480384733178273,-1.3089969195304914,1.72028746950201e-09,-0.134300206915378,-0.0184871343922981,6.82658451303434e-09,1.19238058315929e-09,-0.496442765110929,6.78423291283468e-16,0.496442776697385,4.56859256876109e-13,-0.496442780769225,-0.0367179665268865,-3.48044389823291e-10,0.496442765114165,,,,,,,,
left,-1.0471975511965979,-0.196775,-1.2439725511965978,0.8504225511965978,-1.047197551153187,-0.19677499935036297,1.9055874878048943e-08,6.496370386077643e-10,-0.0907627932891657,-0.0524019254439881,0.10480384742884734,-1.047197532140723,1.72028746950201e-09,-0.134300206915378,-0.018487134393845,5.15574816850587e-09,1.19238058315929e-09,-0.496442765169398,3.33226023332157e-16,0.496442776755566,3.20338625584241e-13,-0.496442780831771,-0.0367179665274195,-4.09409890178623e-10,0.496442765171356,,,,,,,,
left,-0.7853981633974483,-0.196775,-0.9821731633974483,0.5886231633974482,-0.785398163364062,-0.19677499937757303,1.8398131573782454e-08,6.22426971075285e-10,-0.0741075099077279,-0.0741075126346074,0.10480384751340231,-0.7853981449993167,1.72028746950201e-09,-0.134300206915378,-0.0184871343949286,4.3495320324787e-09,1.19238058315929e-09,-0.496442765210897,1.73473808963811e-16,0.496442776796913,2.06354869432647e-13,-0.496442780875584,-0.0367179665277896,-4.58851092418589e-10,0.496442765211993,,,,,,,,
left,-0.5235987755982987,-0.196775,-0.7203737755982987,0.32682377559829867,-0.523598775577331,-0.19677499939233703,1.7537748142615328e-08,6.076629754936391e-10,-0.0524019221978066,-0.0907627953369194,0.1048038475791633,-0.5235987580605506,1.72028746950201e-09,-0.134300206915378,-0.018487134395573,4.04762244388795e-09,1.19238058315929e-09,-0.496442765235757,1.31555617485359e-16,0.496442776821703,1.16031280450098e-13,-0.496442780901631,-0.0367179665280064,-4.96341110850243e-10,0.496442765236321,,,,,,,,
left,-0.2617993877991496,-0.196775,-0.4585743877991496,0.06502438779914957,-0.26179938779212697,-0.19677499939577106,1.6533342139801732e-08,6.042289446561711e-10,-0.0271252300907164,-0.101232743560412,0.10480384762136571,-0.26179937126580743,1.72028746950201e-09,-0.134300206915378,-0.0184871343957893,4.06125874987486e-09,1.19238058315929e-09,-0.496442765244129,1.54344871470105e-16,0.496442776830062,4.97476859569057e-14,-0.496442780910358,-0.0367179665280744,-5.21829838982913e-10,0.496442765244453,,,,,,,,
left,0.0,-0.196775,-0.196775,-0.196775,-7.243997068862029e-12,-0.1967749993892,1.5454434816418056e-08,6.107999939164444e-10,1.61968423181306e-09,-0.104803847636821,0.10480384763682102,1.5454434816418056e-08,1.72028746950201e-09,-0.134300206915378,-0.0184871343956238,4.18847824850128e-09,1.19238058315929e-09,-0.496442765237319,1.91562512130154e-16,0.496442776823251,8.22074078766075e-15,-0.49644278090363,-0.0367179665280067,-5.35243899380425e-10,0.496442765237546,,,,,,,,
left,0.2617993877991496,-0.196775,0.06502438779914957,-0.4585743877991496,0.2617993877782819,-0.1967749993730911,1.4377303625412452e-08,6.269089136701211e-10,0.0271252332205947,-0.101232742724599,0.10480384762410447,0.2617994021764532,1.72028746950201e-09,-0.134300206915378,-0.0184871343951681,4.2607422547205e-09,1.19238058315929e-09,-0.496442765218266,2.03540665441713e-16,0.496442776804163,-8.00683290502277e-15,-0.496442780885111,-0.0367179665278261,-5.36474556351736e-10,0.496442765218245,,,,,,,,
left,0.5235987755982987,-0.196775,0.32682377559829867,-0.7203737755982987,0.5235987755650485,-0.1967749993484255,1.3374177654235098e-08,6.515745165636133e-10,0.0524019250059934,-0.0907627937214641,0.10480384758423138,0.5235987889724764,1.72028746950201e-09,-0.134300206915378,-0.0184871343944111,4.41866016005131e-09,1.19238058315929e-09,-0.496442765186416,1.46176979567626e-16,0.496442776772228,1.47586139983488e-15,-0.496442780854359,-0.0367179665275315,-5.253878302919e-10,0.496442765186026,,,,,,,,
left,0.7853981633974478,-0.196775,0.5886231633974478,-0.9821731633974479,0.7853981633538409,-0.19677499931671,1.2511722102814815e-08,6.832900079078996e-10,0.0741075122031827,-0.0741075103487576,0.10480384752019406,0.7853981759091699,1.72028746950201e-09,-0.134300206915378,-0.0184871343933292,5.31699065125904e-09,1.19238058315929e-09,-0.496442765140737,-1.77827928881082e-17,0.4964427767264,3.70700217740335e-14,-0.496442780810431,-0.0367179665271202,-5.01825139602054e-10,0.496442765139945,,,,,,,,
left,1.0471975511965974,-0.196775,0.8504225511965974,-1.2439725511965973,1.0471975511458596,-0.19677499928042047,1.1845980862901229e-08,7.195795348469147e-10,0.0907627949153654,-0.0524019226432233,0.10480384743679518,1.0471975630425783,1.72028746950201e-09,-0.134300206915378,-0.0184871343918742,6.19662350094843e-09,1.19238058315929e-09,-0.496442765079232,-3.80800947845913e-16,0.496442776664662,9.89424659797241e-14,-0.496442780751404,-0.0367179665265852,-4.65599208260637e-10,0.496442765078178,,,,,,,,
left,1.3089969389957474,-0.196775,1.1122219389957475,-1.5057719389957473,1.30899693894287,-0.19677499924400998,1.1416078082859826e-08,7.559900205844627e-10,0.101232743150346,-0.0271252305360674,0.10480384734053769,1.3089969504118255,1.72028746950201e-09,-0.134300206915378,-0.0184871343899197,6.55257318096636e-09,1.19238058315929e-09,-0.496442764997046,-1.04969908537793e-15,0.496442776582141,1.87179824361586e-13,-0.496442780672233,-0.0367179665259056,-4.164933124969e-10,0.496442764996321,,,,,,,,
left,1.5707963267948966,-0.196775,1.3740213267948966,-1.7675713267948965,1.57079632674524,-0.19677499921171004,1.123798787361352e-08,7.882899610844873e-10,0.104803847239648,1.17778436679124e-09,0.104803847239648,1.5707963380328844,1.72028746950201e-09,-0.134300206915378,-0.0184871343871784,6.3191713231853e-09,1.19238058315929e-09,-0.496442764884094,-2.07569077784635e-15,0.496442776468812,3.02059299801309e-13,-0.496442780561425,-0.0367179665250216,-3.5427469243793e-10,0.496442764885276,,,,,,,,
left,1.8325957145940457,-0.196775,1.6358207145940458,-2.029370714594046,1.83259571455324,-0.19677499919302,1.1294014834462018e-08,8.069800105925395e-10,0.101232742344713,0.0271252327842648,0.10480384714423227,1.8325957258880605,1.72028746950201e-09,-0.134300206915378,-0.0184871343830239,1.27611906857958e-08,1.19238058315929e-09,-0.496442764718642,-3.64486383000044e-15,0.496442776303091,4.4358852910462e-13,-0.496442780393933,-0.0367179665238059,-2.78661389512392e-10,0.496442764725547,,,,,,,,
left,2.0943951023931957,-0.196775,1.8976201023931958,-2.291170102393196,2.0943951023582903,-0.19677499919773012,1.1506635644309426e-08,8.022698894105673e-10,0.0907627933727808,0.0524019245786766,0.10480384706860438,2.0943951138998314,1.72028746950201e-09,-0.134300206915378,-0.0184871343758947,2.25903749243612e-08,1.19238058315929e-09,-0.496442764449054,-5.51582582430712e-15,0.496442776033964,6.11718390551365e-13,-0.496442780107292,-0.0367179665219172,-1.89337478843947e-10,0.496442764471048,,,,,,,,
left,2.356194490192345,-0.196775,2.1594194901923447,-2.552969490192345,2.35619449011696,-0.19677499920655017,1.1714567094145423e-08,7.934498336137352e-10,0.0741075100642164,0.0741075118004912,0.10480384703424717,2.356194501906912,1.72028746950201e-09,-0.134300206915378,-0.0184871343627683,6.15007985353439e-08,1.19238058315929e-09,-0.496442763982903,-5.93072453998368e-15,0.496442775570954,8.07253165419726e-13,-0.496442779580529,-0.0367179665186304,-8.59434550371926e-11,0.496442764040192,,,,,,,,
left,2.617993877991494,-0.196775,2.421218877991494,-2.814768877991494,2.6179938776662297,-0.19677499907578988,1.1603285443584355e-08,9.242101250972468e-10,0.0524019224865221,0.0907627945930801,0.10480384707933732,2.6179938895947794,1.72028746950201e-09,-0.134300206915378,-0.0184871343377582,1.62421188648486e-07,1.19238058315929e-09,-0.496442763162725,2.71820599619185e-15,0.496442774762557,1.03238096623129e-12,-0.496442778577919,-0.0367179665123668,3.19530799008215e-11,0.496442763297276,,,,,,,,
left,2.879793265790643,-0.196775,2.683018265790643,-3.0765682657906432,2.87979326459988,-0.19677499826669997,1.1036339842007692e-08,1.7333000312813596e-09,0.0271252305462806,0.101232743034694,0.10480384723146981,2.879793276826983,1.72028746950201e-09,-0.134300206915378,-0.0184871343003812,3.38877586336351e-07,1.19238058315929e-09,-0.496442762088703,4.18117050665023e-14,0.496442773720327,1.29289182993856e-12,-0.496442777079528,-0.0367179665021781,1.64706148738062e-10,0.496442762347838,,,,,,,,
left,3.141592653589793,-0.196775,2.944817653589793,-3.3383676535897933,3.14159264928547,-0.19677499417770017,1.150271191698055e-08,5.822299836699685e-09,-1.20552851040715e-09,0.104803847387125,0.104803847387125,-3.141592642087081,1.72028746950201e-09,-0.134300206915378,-0.0184871342975826,9.10742699242553e-07,1.19238058315929e-09,-0.496442762880519,2.05582427190962e-13,0.496442774598275,1.60757031635787e-12,-0.496442776963116,-0.0367179664951984,3.13256040817543e-10,0.49644276317813,,,,,,,,
left,-3.141592653589793,-0.16870000000000002,-3.310292653589793,2.9728926535897933,-3.14159264309557,-0.16870001496368014,1.2367916468747353e-08,-1.49636801283215e-08,-1.34651213845538e-09,0.108871377466558,0.10887137746655802,-3.1415926412218766,1.72028746950201e-09,-0.134300206915378,-0.0175437708306429,2.5225493102354e-06,1.54043343371764e-09,-0.458156412469224,-5.49711804817822e-13,0.458156424280273,1.7501425063705e-12,-0.458156430325231,-0.0361442014599278,4.17175760915323e-10,0.458156412803501,,,,,,,,
left,-2.8797932657906435,-0.16870000000000002,-3.0484932657906434,2.7110932657906437,-2.879793260881115,-0.16870000514934502,1.8748236296772806e-08,-5.149345005950323e-09,-0.0281779878686759,0.105161674494574,0.10887137724319457,-2.8797932470424072,1.72028746950201e-09,-0.134300206915378,-0.0175437709601537,1.05399456417483e-06,1.19238058315929e-09,-0.458156418403207,-2.36233582927867e-13,0.458156430282447,1.55912472283472e-12,-0.458156435511805,-0.0361442015306415,2.71163494134159e-10,0.45815641819141,,,,,,,,
left,-2.6179938779914944,-0.16870000000000002,-2.7866938779914943,2.4492938779914946,-2.61799387621103,-0.1687000006489201,1.943445049334969e-08,-6.48920084334037e-10,-0.0544356905688294,0.0942853775785997,0.10887137747288979,-2.617993858557044,1.72028746950201e-09,-0.134300206915378,-0.0175437709530413,3.31162824569266e-07,1.19238058315929e-09,-0.458156418935202,-7.48800916858065e-14,0.458156430859697,1.35798332294281e-12,-0.458156435220274,-0.0361442015120807,1.37608733193911e-10,0.458156418710062,,,,,,,,
left,-2.356194490192345,-0.16870000000000002,-2.5248944901923447,2.187494490192345,-2.3561944893254303,-0.16869999965083005,1.9338803447510603e-08,3.4916997071476885e-10,-0.076983690915792,0.0769836879382471,0.10887137766920932,-2.3561944708535414,1.72028746950201e-09,-0.134300206915378,-0.0175437709325047,2.13673335344948e-07,1.19238058315929e-09,-0.458156418452197,-3.16465832346223e-14,0.458156430391632,1.14382190110182e-12,-0.458156434395237,-0.036144201493407,1.66458523956204e-11,0.458156418297694,,,,,,,,
left,-2.0943951023931957,-0.16870000000000002,-2.2630951023931956,1.9256951023931956,-2.09439510201714,-0.16869999923574008,1.918820435875546e-08,7.642599331170175e-10,-0.0942853800081634,0.0544356871161365,0.10887137785060721,-2.0943950832049913,1.72028746950201e-09,-0.134300206915378,-0.0175437709155137,1.21098867678168e-07,1.19238058315929e-09,-0.458156417988015,-9.95976875116479e-15,0.458156429936029,9.41339682090803e-13,-0.458156433713366,-0.0361442014791483,-9.21412880745893e-11,0.458156417896877,,,,,,,,
left,-1.832595714594046,-0.16870000000000002,-2.001295714594046,1.6638957145940458,-1.83259571442491,-0.16869999915695,1.9081642932405888e-08,8.430500186840106e-10,-0.105161676295646,0.0281779840873924,0.10887137800422833,-1.832595695512403,1.72028746950201e-09,-0.134300206915378,-0.0175437709054979,6.47252666986419e-08,1.19238058315929e-09,-0.458156417697504,-1.89683294539661e-15,0.458156429649414,7.52114744869318e-13,-0.458156433312029,-0.0361442014712156,-1.88785499085977e-10,0.458156417648099,,,,,,,,
left,-1.5707963267948966,-0.16870000000000002,-1.7394963267948966,1.4020963267948965,-1.5707963267072702,-0.16869999919321,1.8935641499240322e-08,8.067900236774506e-10,-0.108871378137539,-2.06154939118461e-09,0.10887137813753901,-1.570796307859255,1.72028746950201e-09,-0.134300206915378,-0.0175437709008481,3.46903583408176e-08,1.19238058315929e-09,-0.458156417562927,5.36088812787266e-16,0.45815642951644,5.80804831851762e-13,-0.458156433126242,-0.0361442014677331,-2.73352667838682e-10,0.458156417536823,,,,,,,,
left,-1.3089969389957472,-0.16870000000000002,-1.4776969389957473,1.1402969389957471,-1.308996938942985,-0.16869999925373502,1.8642140275915157e-08,7.462649942446831e-10,-0.105161675477257,-0.0281779881200267,0.10887137825744782,-1.308996920353607,1.72028746950201e-09,-0.134300206915378,-0.0175437708989591,1.87140673154776e-08,1.19238058315929e-09,-0.458156417511828,1.13361558294743e-15,0.458156429465998,4.28907591448361e-13,-0.458156433051214,-0.0361442014664412,-3.4590075260884e-10,0.458156417498543,,,,,,,,
left,-1.0471975511965979,-0.16870000000000002,-1.215897551196598,0.8784975511965978,-1.047197551161581,-0.16869999931004903,1.8152753966660384e-08,6.899509852331676e-10,-0.0942853784200064,-0.0544356908934888,0.10887137836389905,-1.0471975330438439,1.72028746950201e-09,-0.134300206915378,-0.0175437708983317,1.0048720549188e-08,1.19238058315929e-09,-0.458156417498656,1.04213353279694e-15,0.458156429453088,2.98087199272833e-13,-0.458156433026685,-0.036144201466108,-4.06465552969224e-10,0.458156417492532,,,,,,,,
left,-0.7853981633974483,-0.16870000000000002,-0.9540981633974484,0.6166981633974482,-0.785398163373656,-0.16869999935420998,1.746567235283436e-08,6.457900325607113e-10,-0.0769836886369075,-0.0769836913260513,0.10887137845333394,-0.7853981459317759,1.72028746950201e-09,-0.134300206915378,-0.0175437708982234,7.15723243957373e-09,1.19238058315929e-09,-0.45815641749987,7.59922883687499e-16,0.458156429454383,1.89446936945027e-13,-0.458156433022814,-0.0361442014661413,-4.55047861804129e-10,0.458156417497712,,,,,,,,
left,-0.5235987755982987,-0.16870000000000002,-0.6922987755982988,0.3548987755982987,-0.5235987755836811,-0.16869999938337402,1.6610147146600696e-08,6.166260002604673e-10,-0.0544356876945548,-0.0942853804486601,0.10887137852129769,-0.5235987589881516,1.72028746950201e-09,-0.134300206915378,-0.0175437708982848,5.56931225342106e-09,1.19238058315929e-09,-0.458156417504294,4.71876081586159e-16,0.458156429458804,1.03669737764026e-13,-0.458156433025571,-0.0361442014662658,-4.91620595280204e-10,0.458156417504085,,,,,,,,
left,-0.2617993877991496,-0.16870000000000002,-0.4304993877991496,0.09309938779914956,-0.26179938779376055,-0.16869999939643543,1.563486601297015e-08,6.035645871982354e-10,-0.0281779845947326,-0.10516167673919,0.10887137856396824,-0.26179937216428356,1.72028746950201e-09,-0.134300206915378,-0.0175437708983313,4.43560390471785e-09,1.19238058315929e-09,-0.458156417505952,2.47355662632827e-16,0.458156429460419,4.18348502731443e-14,-0.458156433027531,-0.0361442014663364,-5.16133769296344e-10,0.458156417506304,,,,,,,,
left,0.0,-0.16870000000000002,-0.16870000000000002,-0.16870000000000002,-5.584005480230303e-12,-0.168699999393566,1.459554413816222e-08,6.064340141165303e-10,1.58903701143899e-09,-0.108871378579454,0.10887137857945402,1.459554413816222e-08,1.72028746950201e-09,-0.134300206915378,-0.0175437708981248,3.98093303608913e-09,1.19238058315929e-09,-0.458156417496906,1.38237577431975e-16,0.458156429451337,4.54871591425055e-15,-0.458156433019141,-0.0361442014661713,-5.28513515384079e-10,0.45815641749726,,,,,,,,
left,0.2617993877991496,-0.16870000000000002,0.09309938779914956,-0.4304993877991496,0.2617993877826349,-0.16869999938132613,1.3547741706254612e-08,6.186738898961153e-10,0.0281779876647012,-0.105161675920901,0.1088713785681281,0.2617994013468913,1.72028746950201e-09,-0.134300206915378,-0.017543770897302,3.56390225878126e-09,1.19238058315929e-09,-0.458156417463928,-2.71329138199501e-18,0.458156429418335,-7.65468822298783e-15,-0.458156432985813,-0.0361442014655109,-5.28651813977564e-10,0.458156417465037,,,,,,,,
left,0.5235987755982987,-0.16870000000000002,0.3548987755982987,-0.6922987755982988,0.5235987755685455,-0.1686999993573135,1.2557786588374142e-08,6.426865151176742e-10,0.0544356904497533,-0.0942853788696976,0.1088713785314753,0.5235987881560853,1.72028746950201e-09,-0.134300206915378,-0.0175437708957728,3.52050893004093e-09,1.19238058315929e-09,-0.458156417404441,-7.45412530483873e-17,0.458156429358879,5.65685165626498e-15,-0.458156432923931,-0.0361442014642795,-5.16413199401205e-10,0.458156417407355,,,,,,,,
left,0.7853981633974478,-0.16870000000000002,0.6166981633974478,-0.9540981633974479,0.785398163348459,-0.16869999931722202,1.1687567691431866e-08,6.827780008045181e-10,0.0769836908950864,-0.0769836890955823,0.1088713784729278,0.7853981750850155,1.72028746950201e-09,-0.134300206915378,-0.0175437708934602,4.4937379940423e-09,1.19238058315929e-09,-0.45815641731668,9.67045504738223e-17,0.458156429271265,4.49420986414849e-14,-0.458156432830395,-0.0361442014624051,-4.91637674004876e-10,0.458156417322696,,,,,,,,
left,1.0471975511965974,-0.16870000000000002,0.8784975511965973,-1.2158975511965975,1.0471975511164004,-0.1686999992536995,1.0989195775579219e-08,7.463005213814711e-10,0.0942853800357353,-0.054435688162784,0.10887137839780893,1.0471975621857932,1.72028746950201e-09,-0.134300206915378,-0.017543770890277,8.56400806881201e-09,1.19238058315929e-09,-0.458156417199115,7.95116506819495e-16,0.458156429154052,1.10494600586299e-13,-0.458156432701695,-0.0361442014597997,-4.54136805815021e-10,0.458156417209799,,,,,,,,
left,1.3089969389957474,-0.16870000000000002,1.1402969389957474,-1.4776969389957475,1.308996938860995,-0.16869999915133493,1.0503819369844791e-08,8.486650826533548e-10,0.105161676352061,-0.0281779850693319,0.10887137831286567,1.3089969494995668,1.72028746950201e-09,-0.134300206915378,-0.0175437708862003,1.69467470070824e-08,1.19238058315929e-09,-0.458156417053889,2.59920808030745e-15,0.458156429009551,2.02726780216398e-13,-0.45815643253691,-0.0361442014564005,-4.03692448022146e-10,0.458156417070826,,,,,,,,
left,1.5707963267948966,-0.16870000000000002,1.4020963267948965,-1.7394963267948966,1.57079632656467,-0.16869999898235,1.0270600592221513e-08,1.0176500198078031e-09,0.108871378224656,1.11817443918465e-09,0.108871378224656,1.5707963370654972,1.72028746950201e-09,-0.134300206915378,-0.0175437708815783,3.22568272791442e-08,1.19238058315929e-09,-0.458156416897813,6.50730118918131e-15,0.458156428854795,3.21862752305282e-13,-0.458156432349994,-0.0361442014523928,-3.40063605301071e-10,0.458156416921274,,,,,,,,
left,1.8325957145940457,-0.16870000000000002,1.6638957145940456,-2.0012957145940455,1.8325957142027551,-0.16869999869918495,1.034847696423924e-08,1.3008150667737084e-09,0.105161675594272,0.0281779872165858,0.1088713781366479,1.8325957249425227,1.72028746950201e-09,-0.134300206915378,-0.0175437708777388,6.63549122805774e-08,1.19238058315929e-09,-0.458156416784079,1.39186523499958e-14,0.458156428743214,4.681470510556e-13,-0.458156432194243,-0.0361442014486551,-2.6298353185844e-10,0.45815641680955,,,,,,,,
left,2.0943951023931957,-0.16870000000000002,1.9256951023931956,-2.2630951023931956,2.09439510170034,-0.16869999816239,1.086959233731477e-08,1.8376100086037184e-09,0.0942853785398634,0.0544356900470941,0.1088713780445009,2.094395113262788,1.72028746950201e-09,-0.134300206915378,-0.0175437708785486,1.38139192610621e-07,1.19238058315929e-09,-0.458156416868773,2.93996867246872e-14,0.458156428831636,6.4239085242116e-13,-0.458156432224893,-0.0361442014477411,-1.72106287590412e-10,0.458156416878075,,,,,,,,
left,2.356194490192345,-0.16870000000000002,2.187494490192345,-2.5248944901923447,2.35619448910776,-0.1686999973569101,1.2136561089448605e-08,2.64308991360096e-09,0.0769836886691687,0.0769836905378032,0.10887137791877047,2.356194502328906,1.72028746950201e-09,-0.134300206915378,-0.0175437708924245,2.44002192017482e-07,1.19238058315929e-09,-0.45815641743576,5.16079206793443e-14,0.458156429402471,8.43458927761077e-13,-0.458156432779986,-0.0361442014560568,-6.71398715349083e-11,0.458156417381677,,,,,,,,
left,2.617993877991494,-0.16870000000000002,2.449293877991494,-2.786693877991494,2.617993876396595,-0.16869999593351492,1.536947458191662e-08,4.0664850931015906e-09,0.0544356873669256,0.0942853796110421,0.10887137763208463,2.6179938933609685,1.72028746950201e-09,-0.134300206915378,-0.0175437709526528,4.21871103849717e-07,1.19238058315929e-09,-0.458156419669165,8.71629835037061e-14,0.458156431637389,1.06989087034258e-12,-0.458156435196436,-0.0361442014980788,5.24184573842999e-11,0.458156419390353,,,,,,,,
left,2.879793265790643,-0.16870000000000002,2.7110932657906432,-3.048493265790643,2.8797932645781597,-0.16869999449386008,2.393663400823698e-08,5.506139932887066e-09,0.0281779832595241,0.105161675248235,0.10887137677823892,2.879793289727277,1.72028746950201e-09,-0.134300206915378,-0.0175437711481607,1.08457477882695e-06,1.19238058315929e-09,-0.458156426454323,9.70497384286409e-14,0.45815643839957,1.30497536246251e-12,-0.458156443047371,-0.0361442016436852,1.8700275791093e-10,0.458156425493325,,,,,,,,
left,3.141592653589793,-0.16870000000000002,2.9728926535897933,-3.310292653589793,3.1415926587014447,-0.1686999989072151,4.380976672614695e-08,1.092784918110823e-09,-4.76962952522475e-09,0.108871374465096,0.10887137446509611,-3.1415926097800266,1.72028746950201e-09,-0.134300206915378,-0.0175437716370108,3.21727111189321e-06,2.21320217014265e-09,-0.458156442108277,-1.56610458940132e-13,0.458156453920233,1.47764957200196e-12,-0.458156462690394,-0.0361442020310541,3.3704746230995e-10,0.458156439524048,,,,,,,,
left,-3.141592653589793,-0.140625,-3.282217653589793,3.000967653589793,-3.141592681970825,-0.14062497040296495,-2.2366565733525637e-08,2.9597035045014763e-08,2.5274672760754e-09,0.113002027630403,0.11300202763040303,3.1415926312232276,1.72028746950201e-09,-0.134300206915378,-0.0165805790733839,5.52169346587497e-06,1.19238058315929e-09,-0.418965436320468,1.24170646474851e-12,0.418965448675425,2.16647857810158e-12,-0.418965440710329,-0.0351074761665114,4.23731364740574e-10,0.418965439212706,,,,,,,,
left,-2.8797932657906435,-0.140625,-3.0204182657906435,2.7391682657906435,-2.879793274288695,-0.14062499330455513,-7.279187919095875e-09,6.695444865201239e-09,-0.0292470755313562,0.109151575033965,0.11300202546650279,-2.8797932730698315,1.72028746950201e-09,-0.134300206915378,-0.0165805793842139,2.57430257000103e-06,1.19238058315929e-09,-0.418965442576197,3.28346704378364e-13,0.418965454891242,1.67993966212819e-12,-0.418965453240992,-0.035107476661647,2.77650029494244e-10,0.418965444549582,,,,,,,,
left,-2.6179938779914944,-0.140625,-2.7586188779914944,2.4773688779914944,-2.617993880677805,-0.14062499858607502,3.2925004944672764e-09,1.413924977100578e-09,-0.0565010124628176,0.097862623520564,0.11300202428120974,-2.617993874698994,1.72028746950201e-09,-0.134300206915378,-0.0165805796212039,1.40809834849225e-06,1.19238058315929e-09,-0.418965449603843,8.42606489333229e-14,0.418965461916624,1.3695826709775e-12,-0.418965462798532,-0.035107476989174,1.44537234364033e-10,0.418965450767183,,,,,,,,
left,-2.356194490192345,-0.140625,-2.496819490192345,2.215569490192345,-2.356194490396395,-0.14062500007544498,1.1206624517257069e-08,-7.544498359379759e-11,-0.0799044980029286,0.0799044962120092,0.11300202350398426,-2.3561944789857203,1.72028746950201e-09,-0.134300206915378,-0.0165805798017497,5.86099246483299e-07,1.19238058315929e-09,-0.418965455427531,-7.65462097242454e-15,0.418965467744449,1.11441963302439e-12,-0.418965470080498,-0.0351074772282932,2.38529721363022e-11,0.418965455950976,,,,,,,,
left,-2.0943951023931957,-0.140625,-2.2350201023931957,1.9537701023931957,-2.09439510217938,-0.14062500005225997,1.4335449716185167e-08,-5.225997412594552e-11,-0.0978626236668126,0.0565010102470977,0.1130020233000048,-2.094395088057746,1.72028746950201e-09,-0.134300206915378,-0.0165805798692353,3.04470131060444e-07,1.19238058315929e-09,-0.418965457736404,-1.79863857128886e-14,0.418965470056273,9.03319540245948e-13,-0.418965472803434,-0.0351074773150903,-8.43459987023101e-11,0.418965458022133,,,,,,,,
left,-1.832595714594046,-0.140625,-1.973220714594046,1.691970714594046,-1.83259571428919,-0.14062499988058996,1.6140554448540456e-08,1.194100374135587e-10,-0.109151573140865,0.0292470739874253,0.1130020232383099,-1.8325956984534915,1.72028746950201e-09,-0.134300206915378,-0.0165805799089108,1.48125601134784e-07,1.19238058315929e-09,-0.418965459135114,-1.69889241949037e-14,0.418965471457114,7.14913462066987e-13,-0.41896547440474,-0.0351074773653713,-1.80355269902359e-10,0.418965459282934,,,,,,,,
left,-1.5707963267948966,-0.140625,-1.7114213267948966,1.4301713267948966,-1.57079632652622,-0.1406249997004,1.705905505744454e-08,2.9960001146633886e-10,-0.113002023256681,-1.92770774559105e-09,0.11300202325668102,-1.5707963097358415,1.72028746950201e-09,-0.134300206915378,-0.0165805799321345,6.28495495152117e-08,1.19238058315929e-09,-0.418965459978421,-1.2406966082401e-14,0.418965472301879,5.47272577455735e-13,-0.418965475342417,-0.0351074773943946,-2.6425238025225e-10,0.418965460047471,,,,,,,,
left,-1.3089969389957472,-0.140625,-1.4496219389957472,1.1683719389957472,-1.308996938796075,-0.14062499957872499,1.730056053972362e-08,4.2127501487243535e-10,-0.10915157224306,-0.0292470776590785,0.11300202332139064,-1.3089969216951867,1.72028746950201e-09,-0.134300206915378,-0.0165805799442865,3.39353899093696e-08,1.19238058315929e-09,-0.418965460434498,-7.97356035121618e-15,0.418965472758807,4.0098553519628e-13,-0.418965475833414,-0.0351074774093883,-3.36072924886067e-10,0.418965460464733,,,,,,,,
left,-1.0471975511965979,-0.140625,-1.1878225511965979,0.9065725511965979,-1.0471975510619136,-0.14062499950663648,1.7083597647626902e-08,4.933635167070349e-10,-0.097862621979772,-0.0565010133727515,0.11300202340181169,-1.0471975341130002,1.72028746950201e-09,-0.134300206915378,-0.0165805799506446,1.81619066383613e-08,1.19238058315929e-09,-0.418965460681594,-4.66085786823954e-15,0.418965473006385,2.75265615978196e-13,-0.418965476090551,-0.0351074774171411,-3.95844878959352e-10,0.418965460693327,,,,,,,,
left,-0.7853981633974483,-0.140625,-0.9260231633974483,0.6447731633974483,-0.7853981633165961,-0.140624999463075,1.6543650782629982e-08,5.369250044573448e-10,-0.0799044957680913,-0.0799044984119155,0.11300202347928434,-0.7853981468537975,1.72028746950201e-09,-0.134300206915378,-0.0165805799539926,7.17066212976992e-09,1.19238058315929e-09,-0.418965460816668,-2.29136210402013e-15,0.418965473141737,1.72190568853406e-13,-0.418965476226089,-0.0351074774211677,-4.43574713597265e-10,0.418965460819677,,,,,,,,
left,-0.5235987755982987,-0.140625,-0.6642237755982987,0.3829737755982987,-0.5235987755587275,-0.1406249994375635,1.576649732992763e-08,5.624364862732989e-10,-0.0565010102285805,-0.0978626239581625,0.11300202354306263,-0.5235987598318014,1.72028746950201e-09,-0.134300206915378,-0.0165805799554674,4.35255229265531e-09,1.19238058315929e-09,-0.418965460879711,-7.675386575518e-16,0.418965473204924,9.15201038004429e-14,-0.418965476285878,-0.0351074774228955,-4.79236212957001e-10,0.418965460879467,,,,,,,,
left,-0.2617993877991496,-0.140625,-0.4024243877991496,0.12117438779914957,-0.2617993877889085,-0.1406249994228265,1.4829269145977264e-08,5.771735034354464e-10,-0.0292470742205659,-0.109151573438442,0.11300202358608845,-0.26179937296988043,1.72028746950201e-09,-0.134300206915378,-0.0165805799556667,3.67477408763292e-09,1.19238058315929e-09,-0.418965460892068,4.17482700337537e-17,0.418965473217331,3.44258938376752e-14,-0.418965476294023,-0.0351074774230676,-5.02779524587116e-10,0.418965460891758,,,,,,,,
left,0.0,-0.140625,-0.140625,-0.140625,-8.58900450761979e-12,-0.14062499941083,1.3816806254535252e-08,5.891699905724579e-10,1.56132706649553e-09,-0.113002023603178,0.11300202360317801,1.3816806254535252e-08,1.72028746950201e-09,-0.134300206915378,-0.0165805799551632,4.57106559777123e-09,1.19238058315929e-09,-0.418965460874402,3.12563347793338e-16,0.418965473199664,1.50509616356564e-15,-0.418965476273612,-0.0351074774223911,-5.14130262125649e-10,0.418965460875024,,,,,,,,
left,0.2617993877991496,-0.140625,0.12117438779914957,-0.4024243877991496,0.261799387764512,-0.140624999371607,1.2817357397665319e-08,6.283930042982888e-10,0.0292470772397282,-0.109151572635418,0.11300202359184351,0.26179940061650697,1.72028746950201e-09,-0.134300206915378,-0.0165805799545303,7.72118346753074e-09,1.19238058315929e-09,-0.418965460851281,9.95993259425247e-16,0.418965473176585,-6.53005882701635e-15,-0.418965476247778,-0.0351074774214866,-5.13180977936123e-10,0.418965460851391,,,,,,,,
left,0.5235987755982987,-0.140625,0.3829737755982987,-0.6642237755982987,0.5235987755330795,-0.1406249993043715,1.1914711439686698e-08,6.956284992476469e-10,0.0565010129416373,-0.0978626224012495,0.1130020235512648,0.5235987875130101,1.72028746950201e-09,-0.134300206915378,-0.016580579954188,1.26594548639309e-08,1.19238058315929e-09,-0.418965460836976,2.02120251133464e-15,0.418965473162383,1.07472208869439e-14,-0.418965476233459,-0.0351074774208933,-4.99795034035994e-10,0.418965460833584,,,,,,,,
left,0.7853981633974478,-0.140625,0.6447731633974478,-0.9260231633974478,0.7853981633043154,-0.14062499921371646,1.1191603310756193e-08,7.862835382788091e-10,0.0799044979861745,-0.0799044961976557,0.11300202348198787,0.7853981745890511,1.72028746950201e-09,-0.134300206915378,-0.0165805799546445,1.82404483023205e-08,1.19238058315929e-09,-0.41896546084784,3.1236523238734e-15,0.41896547317342,5.35807078506191e-14,-0.418965476251151,-0.0351074774212855,-4.73811216054386e-10,0.418965460836168,,,,,,,,
left,1.0471975511965974,-0.140625,0.9065725511965974,-1.1878225511965974,1.0471975510907965,-0.14062499910957355,1.0729799715392119e-08,8.904264547915375e-10,0.0978626235369066,-0.0565010106425743,0.11300202338524121,1.0471975619263971,1.72028746950201e-09,-0.134300206915378,-0.0165805799566064,3.22334739024856e-08,1.19238058315929e-09,-0.418965460906005,3.79269977083358e-15,0.418965473231839,1.22102746563268e-13,-0.418965476329352,-0.0351074774236149,-4.35040424403321e-10,0.418965460878837,,,,,,,,
left,1.3089969389957474,-0.140625,1.1683719389957474,-1.4496219389957474,1.308996938918995,-0.140624999018095,1.0610078815531665e-08,9.819050017512154e-10,0.109151573001872,-0.0292470745971832,0.11300202326186992,1.3089969496058262,1.72028746950201e-09,-0.134300206915378,-0.0165805799610636,6.33523452252255e-08,1.19238058315929e-09,-0.418965461040419,2.89632271680469e-15,0.418965473366566,2.16029394770047e-13,-0.418965476508001,-0.0351074774292638,-3.83264797442005e-10,0.418965460987285,,,,,,,,
left,1.5707963267948966,-0.140625,1.4301713267948966,-1.7114213267948966,1.5707963268418799,-0.14062499899965009,1.0908334902026695e-08,1.0003499140154304e-09,0.113002023111476,1.23266389926999e-09,0.113002023111476,1.5707963377032315,1.72028746950201e-09,-0.134300206915378,-0.0165805799692532,1.14606374151829e-07,1.19238058315929e-09,-0.418965461282623,-1.91056633500513e-15,0.41896547360906,3.34963872997189e-13,-0.41896547683701,-0.0351074774400686,-3.18239386806885e-10,0.418965461189377,,,,,,,,
left,1.8325957145940457,-0.140625,1.6919707145940457,-1.9732207145940457,1.8325957149579901,-0.14062499918695004,1.1651367204379426e-08,8.130499606906483e-10,0.109151572035593,0.0292470769425983,0.11300202293555418,1.832595726245413,1.72028746950201e-09,-0.134300206915378,-0.0165805799815394,1.90114575799094e-07,1.19238058315929e-09,-0.418965461622536,-1.54897026829984e-14,0.418965473948953,4.77727796215809e-13,-0.418965477331107,-0.0351074774570255,-2.39696559848904e-10,0.41896546147551,,,,,,,,
left,2.0943951023931957,-0.140625,1.9537701023931957,-2.2350201023931957,2.094395103358585,-0.1406249997539749,1.2657826786721671e-08,2.460250891900273e-10,0.0978626216704389,0.0565010126166679,0.11300202275587956,2.0943951150510225,1.72028746950201e-09,-0.134300206915378,-0.0165805799933525,2.73330503245622e-07,1.19238058315929e-09,-0.418965461876564,-4.30788805418052e-14,0.418965474202062,6.4350218949317e-13,-0.418965477806024,-0.0351074774749262,-1.47346212410791e-10,0.418965461681017,,,,,,,,
left,2.356194490192345,-0.140625,2.215569490192345,-2.496819490192345,2.3561944927928398,-0.14062500178690995,1.3791140673902191e-08,-1.7869099533385224e-09,0.0799044953361377,0.079904497540086,0.11300202255737045,2.3561945039834855,1.72028746950201e-09,-0.134300206915378,-0.0165805800014094,5.39431871082224e-07,1.19238058315929e-09,-0.418965461754763,-1.21943952720106e-13,0.418965474075855,8.23642583807993e-13,-0.418965478129793,-0.0351074774938065,-4.07420475366865e-11,0.418965461543682,,,,,,,,
left,2.617993877991494,-0.140625,2.477368877991494,-2.758618877991494,2.61799388333766,-0.14062500599481997,1.2850093877858626e-08,-5.99481997376472e-09,0.0565010100257292,0.0978626229476946,0.1130020225665461,2.617993890841588,1.72028746950201e-09,-0.134300206915378,-0.0165805799501954,1.20198755660549e-06,1.19238058315929e-09,-0.418965459270391,-2.65052152423667e-13,0.41896547157967,1.0197823295653e-12,-0.418965476063694,-0.0351074774447628,8.04087846319646e-11,0.418965459289534,,,,,,,,
left,2.879793265790643,-0.140625,2.739168265790643,-3.020418265790643,2.8797932746282653,-0.140625012869245,6.258720208762725e-09,-1.2869245002988805e-08,0.0292470750472526,0.109151572781723,0.11300202316570884,2.8797932720493633,1.72028746950201e-09,-0.134300206915378,-0.0165805797503362,2.17210411701359e-06,1.74894779908508e-09,-0.418965451341742,-4.69405975818409e-13,0.418965463626985,1.23922772801389e-12,-0.418965468003636,-0.0351074772142292,2.16520765586991e-10,0.418965452172559,,,,,,,,
left,3.141592653589793,-0.140625,3.000967653589793,-3.282217653589793,3.14159266523605,-0.14062502932182008,-3.675593340801697e-08,-2.9321820083083594e-08,4.15349500520452e-09,0.113002027548677,0.11300202754867708,3.1415926168338597,1.72028746950201e-09,-0.134300206915378,-0.0165805786266778,5.14758440708366e-06,6.66209641624217e-09,-0.418965410859145,-7.97630697652103e-13,0.418965423060529,1.52910852369751e-12,-0.4189654226939,-0.0351074758272008,3.68546879517755e-10,0.418965416048159,,,,,,,,
left,-3.141592653589793,-0.11254999999999998,-3.2541426535897933,3.029042653589793,-3.14159262120499,-0.11255001461344016,1.1806081801069013e-07,-1.4613440180166748e-08,-1.3835084329746e-08,0.117186078572587,0.11718607857258782,-3.141592535528975,1.72028746950201e-09,-0.134300206915378,-0.0156002796219863,1.23019274395977e-05,6.95255351207402e-09,-0.37891629201069,-1.07044830179511e-12,0.378916305526277,1.31066414287721e-12,-0.378916327261942,-0.033596466338205,4.36519407897796e-10,0.378916281938996,,,,,,,,
left,-2.8797932657906435,-0.11254999999999998,-2.9923432657906437,2.7672432657906434,-2.87979326003133,-0.11254999338237992,6.392332441151893e-08,6.617620063043006e-09,-0.0303299979805705,0.113193064514242,0.1171860854864039,-2.879793201867319,1.72028746950201e-09,-0.134300206915378,-0.0156002782095518,5.65004508848667e-06,4.33261246324257e-09,-0.378916247235767,-5.57581081448409e-14,0.378916260263418,1.39261820628208e-12,-0.378916269973785,-0.0335964636762231,2.91457224530367e-10,0.378916242140555,,,,,,,,
left,-2.6179938779914944,-0.11254999999999998,-2.7305438779914946,2.5054438779914943,-2.617993879095545,-0.11254999169331503,3.6457228347330783e-08,8.306684950998289e-09,-0.058593048110506,0.101486127753164,0.11718608882120606,-2.617993841534266,1.72028746950201e-09,-0.134300206915378,-0.0156002774715352,2.36133851306981e-06,2.05090489382997e-09,-0.378916222298329,1.46194976499892e-13,0.37891623511646,1.26144265941308e-12,-0.378916240035192,-0.0335964623314635,1.58871756468786e-10,0.378916219988135,,,,,,,,
left,-2.356194490192345,-0.11254999999999998,-2.468744490192345,2.2436444901923447,-2.35619449207008,-0.11254999358466011,2.6448813805757254e-08,6.415339870446957e-09,-0.0828630811353701,0.0828630767521098,0.11718609006222952,-2.356194463743531,1.72028746950201e-09,-0.134300206915378,-0.0156002771901752,1.14828124941857e-06,1.19238058315929e-09,-0.378916212397224,1.3689620384859e-13,0.378916225146963,1.06580937104616e-12,-0.378916228620952,-0.0335964618308958,3.887693619029e-11,0.37891621120475,,,,,,,,
left,-2.0943951023931957,-0.11254999999999998,-2.206945102393196,1.9818451023931958,-2.09439510401116,-0.11254999563032009,2.0944879164375152e-08,4.369679895699363e-09,-0.101486132815303,0.0585930432657763,0.11718609078278212,-2.0943950814483165,1.72028746950201e-09,-0.134300206915378,-0.015600277031177,4.76510778554152e-07,1.19238058315929e-09,-0.378916206654628,9.88407690094074e-14,0.378916219369988,8.71467321511327e-13,-0.378916222170651,-0.0335964615526175,-6.8816979907747e-11,0.378916206116596,,,,,,,,
left,-1.832595714594046,-0.11254999999999998,-1.9451457145940458,1.720045714594046,-1.8325957157096702,-0.11254999710695002,1.8626263420529202e-08,2.8930499662571663e-09,-0.113193072481923,0.0303299901005911,0.11718609114310378,-1.8325956959677825,1.72028746950201e-09,-0.134300206915378,-0.0156002769621133,3.01779253990807e-07,1.19238058315929e-09,-0.378916204082171,6.36817541999961e-14,0.378916216784791,6.89250664933386e-13,-0.378916219369195,-0.0335964614343412,-1.64233951718861e-10,0.378916203845182,,,,,,,,
left,-1.5707963267948966,-0.11254999999999998,-1.6833463267948965,1.4582463267948966,-1.57079632751448,-0.11254999802734,1.7616864411706956e-08,1.9726599798097766e-09,-0.117186091348873,-2.06445148743366e-09,0.11718609134887302,-1.5707963091780321,1.72028746950201e-09,-0.134300206915378,-0.0156002769342674,1.89514094937223e-07,1.19238058315929e-09,-0.37891620300919,3.99294272945456e-14,0.378916215707626,5.24727915486919e-13,-0.378916218240119,-0.0335964613879742,-2.47449775548583e-10,0.378916202904943,,,,,,,,
left,-1.3089969389957472,-0.11254999999999998,-1.4215469389957471,1.1964469389957473,-1.3089969394146,-0.11254999865548998,1.6936158475644447e-08,1.3445100033315782e-09,-0.113193071745715,-0.0303299942177567,0.11718609149758233,-1.3089969220595887,1.72028746950201e-09,-0.134300206915378,-0.0156002769215777,1.10313918279601e-07,1.19238058315929e-09,-0.37891620249807,2.3094123829857e-14,0.378916215195183,3.80583527930625e-13,-0.378916217725906,-0.0335964613676794,-3.18545278608205e-10,0.378916202461849,,,,,,,,
left,-1.0471975511965979,-0.11254999999999998,-1.1597475511965978,0.9346475511965979,-1.0471975514155734,-0.11254999904795648,1.6345398590189575e-08,9.520434995913263e-10,-0.101486131345517,-0.058593047463123,0.11718609160858345,-1.0471975348511993,1.72028746950201e-09,-0.134300206915378,-0.0156002769174483,6.00156945520957e-08,1.19238058315929e-09,-0.378916202313425,1.23347205812904e-14,0.378916215010574,2.58103950844547e-13,-0.378916217558918,-0.0335964613618019,-3.77535068663362e-10,0.378916202306594,,,,,,,,
left,-0.7853981633974483,-0.11254999999999998,-0.8979481633974482,0.6728481633974484,-0.785398163493531,-0.11254999928248899,1.569098684317538e-08,7.175109950630087e-10,-0.0828630787968875,-0.0828630813972945,0.11718609169331418,-0.7853981477064614,1.72028746950201e-09,-0.134300206915378,-0.0156002769170449,2.96375180796736e-08,1.19238058315929e-09,-0.378916202276542,5.80176033398806e-15,0.378916214974173,1.57928123731576e-13,-0.378916217542973,-0.0335964613619815,-4.24420926419921e-10,0.378916202280227,,,,,,,,
left,-0.5235987755982987,-0.11254999999999998,-0.6361487755982986,0.4110487755982987,-0.5235987756253115,-0.11254999941227953,1.4925937485976704e-08,5.877204556359317e-10,-0.0585930443623708,-0.101486133303988,0.11718609175429298,-0.5235987606723612,1.72028746950201e-09,-0.134300206915378,-0.0156002769179899,1.23304206193625e-08,1.19238058315929e-09,-0.378916202296998,2.06470745365318e-15,0.378916214995181,8.10085332603349e-14,-0.378916217581571,-0.0335964613641808,-4.59179166568858e-10,0.378916202302316,,,,,,,,
left,-0.2617993877991496,-0.11254999999999998,-0.37434938779914956,0.1492493877991496,-0.2617993877985565,-0.11254999946371451,1.4063705255917824e-08,5.362854743617973e-10,-0.0303299907846217,-0.11319307296896,0.11718609179058555,-0.2617993737354443,1.72028746950201e-09,-0.134300206915378,-0.0156002769192251,4.75353703232015e-09,1.19238058315929e-09,-0.378916202334113,3.79957635837246e-16,0.378916215032763,2.77922556519303e-14,-0.378916217631772,-0.033596461366617,-4.81759525244381e-10,0.378916202336677,,,,,,,,
left,0.0,-0.11254999999999998,-0.11254999999999998,-0.11254999999999998,-2.9759944508711555e-12,-0.112549999459456,1.3130385230931391e-08,5.405439845729276e-10,1.5386985290756e-09,-0.117186091802613,0.11718609180261301,1.3130385230931391e-08,1.72028746950201e-09,-0.134300206915378,-0.0156002769198094,3.73664118690883e-09,1.19238058315929e-09,-0.37891620235186,1.33667476119202e-16,0.378916215050752,-1.07835921067953e-15,-0.378916217655373,-0.0335964613676987,-4.92087076209058e-10,0.378916202351283,,,,,,,,
left,0.2617993877991496,-0.11254999999999998,0.1492493877991496,-0.37434938779914956,0.261799387812484,-0.112549999467377,1.2189753262337177e-08,5.32622987381437e-10,0.0303299937556031,-0.113193072169975,0.11718609178777185,0.26179939998890284,1.72028746950201e-09,-0.134300206915378,-0.0156002769195823,7.2845033226377e-09,1.19238058315929e-09,-0.378916202333158,-1.07151443919167e-15,0.378916215032366,-5.54262728890273e-15,-0.378916217645814,-0.0335964613674762,-4.90055948047312e-10,0.378916202330862,,,,,,,,
left,0.5235987755982987,-0.11254999999999998,0.4110487755982987,-0.6361487755982986,0.523598775652951,-0.11254999950307099,1.1273580069470768e-08,4.969289979506186e-10,0.0585930470193374,-0.101486131765551,0.11718609175045076,0.5235987868718788,1.72028746950201e-09,-0.134300206915378,-0.0156002769176516,1.34817684810054e-08,1.19238058315929e-09,-0.378916202244897,-3.60872152961707e-15,0.378916214944331,1.4799691346793e-14,-0.378916217566895,-0.0335964613644116,-4.75528457793587e-10,0.378916202245998,,,,,,,,
left,0.7853981633974478,-0.11254999999999998,0.6728481633974479,-0.8979481633974478,0.7853981635113755,-0.11254999956990752,1.0395169836030504e-08,4.3009246164515957e-10,0.0828630809623922,-0.0828630792396407,0.11718609169886561,0.7853981737926177,1.72028746950201e-09,-0.134300206915378,-0.0156002769127899,3.07465258291788e-08,1.19238058315929e-09,-0.37891620204468,-7.35799925167296e-15,0.378916214743928,6.05167635314486e-14,-0.378916217368819,-0.0335964613562971,-4.48342063160026e-10,0.378916202059074,,,,,,,,
left,1.0471975511965974,-0.11254999999999998,0.9346475511965975,-1.1597475511965973,1.0471975513734164,-0.11254999966717344,9.538744238923869e-09,3.328265441027156e-10,0.101486132894031,-0.0585930448546493,0.11718609164539905,1.0471975607353416,1.72028746950201e-09,-0.134300206915378,-0.0156002769032481,5.21010998238454e-08,1.19238058315929e-09,-0.378916201673058,-1.19276330506764e-14,0.37891621437122,1.31980120656142e-13,-0.37891621698064,-0.0335964613399588,-4.08306454450959e-10,0.37891620171736,,,,,,,,
left,1.3089969389957474,-0.11254999999999998,1.1964469389957475,-1.4215469389957474,1.3089969392030252,-0.11254999977735503,8.632767389826768e-09,2.2264495802559736e-10,0.113193072629049,-0.030329991352424,0.11718609160921477,1.3089969476285148,1.72028746950201e-09,-0.134300206915378,-0.0156002768861875,8.65176457672232e-08,1.19238058315929e-09,-0.378916201036404,-1.6117876576317e-14,0.378916213731704,2.29956799864904e-13,-0.378916216287223,-0.0335964613101626,-3.55201674320651e-10,0.378916201137862,,,,,,,,
left,1.5707963267948966,-0.11254999999999998,1.4582463267948966,-1.6833463267948965,1.57079632691744,-0.11254999983574998,7.538559332331829e-09,1.642500024878757e-10,0.117186091617561,8.83414284443388e-10,0.117186091617561,1.570796334333456,1.72028746950201e-09,-0.134300206915378,-0.0156002768575261,1.93508591551097e-07,1.19238058315929e-09,-0.378916200007016,-1.67243671366373e-14,0.378916212696209,3.55469951959698e-13,-0.378916215123043,-0.0335964612591807,-2.88781326885122e-10,0.378916200207523,,,,,,,,
left,1.8325957145940457,-0.11254999999999998,1.7200457145940458,-1.9451457145940456,1.832595714349355,-0.11254999966338497,6.11292305663369e-09,3.3661501364079527e-10,0.113193072269173,0.0303299930449422,0.11718609169965719,1.8325957207069687,1.72028746950201e-09,-0.134300206915378,-0.0156002768137408,3.70602130777848e-07,1.19238058315929e-09,-0.378916198496117,-6.64170513811773e-15,0.378916211174056,5.10521071696511e-13,-0.378916213345354,-0.0335964611797196,-2.08774155651304e-10,0.378916198848143,,,,,,,,
left,2.0943951023931957,-0.11254999999999998,1.9818451023931958,-2.206945102393196,2.094395101205115,-0.11254999891433515,4.203351888776297e-09,1.0856648358092968e-09,0.101486132298778,0.0585930463704894,0.11718609188781487,2.0943951065965476,1.72028746950201e-09,-0.134300206915378,-0.0156002767519131,6.39453154017134e-07,1.19238058315929e-09,-0.378916196464974,2.72787144995967e-14,0.378916209123894,6.98189172703332e-13,-0.378916210836073,-0.033596461064729,-1.14872570525229e-10,0.378916197026552,,,,,,,,
left,2.356194490192345,-0.11254999999999998,2.2436444901923447,-2.468744490192345,2.3561944866287297,-0.11254999657295994,1.4069216902612425e-09,3.4270400406377632e-09,0.0828630803784421,0.0828630806116058,0.11718609225607635,2.3561944915992665,1.72028746950201e-09,-0.134300206915378,-0.0156002766647732,1.05852540250283e-06,1.19238058315929e-09,-0.378916193845653,1.23211617520421e-13,0.378916206470405,9.27309741880212e-13,-0.378916207301288,-0.0335964608958408,-6.67496690946895e-12,0.378916194686582,,,,,,,,
left,2.617993877991494,-0.11254999999999998,2.505443877991494,-2.730543877991494,2.61799386924591,-0.11254999052538994,-1.0991558774264831e-09,9.474610040971498e-09,0.0585930464727461,0.101486133203429,0.11718609272239398,2.617993876892338,1.72028746950201e-09,-0.134300206915378,-0.0156002765889696,1.58602826194412e-06,1.19238058315929e-09,-0.378916192260492,3.50210452093069e-13,0.378916204834883,1.21091942403751e-12,-0.378916204229628,-0.0335964607286739,1.16202151845675e-10,0.378916193275836,,,,,,,,
left,2.879793265790643,-0.11254999999999998,2.767243265790643,-2.9923432657906432,2.8797932469670453,-0.11254997681134493,1.3779364316235387e-09,2.318865505168688e-08,0.030329992493171,0.113193073601588,0.11718609284386236,2.8797932671685795,1.72028746950201e-09,-0.134300206915378,-0.0156002766576175,3.77502212944362e-06,1.22937449803517e-09,-0.378916196952252,8.25770438295763e-13,0.378916209475665,1.56533996735591e-12,-0.378916207024825,-0.0335964607841314,2.54209564751163e-10,0.378916197463927,,,,,,,,
left,3.141592653589793,-0.11254999999999998,3.029042653589793,-3.2541426535897933,3.141592613701695,-0.11254994102103488,3.3951570688875723e-08,5.897896510065337e-08,-3.97865182623821e-09,0.117186090081224,0.11718609008122408,-3.1415926196382227,1.72028746950201e-09,-0.134300206915378,-0.0156002775639702,8.96162221985431e-06,7.37793622732388e-09,-0.378916234158626,1.93779914032349e-12,0.378916246743271,2.02860005112467e-12,-0.378916243824297,-0.0335964622439062,4.08094200204361e-10,0.378916230612312,,,,,,,,
left,-3.141592653589793,-0.084475,-3.226067653589793,3.0571176535897933,-3.1415926636067653,-0.08447502282643504,-1.265616645047682e-07,-2.282643504769588e-08,1.5366336465058e-08,0.121413830935761,0.12141383093576197,3.1415925270281293,1.72028746950201e-09,-0.134300206915378,-0.0146056910911851,1.61251578845176e-05,1.40316416402876e-08,-0.338055012599106,-1.35590291733185e-13,0.338055024079347,1.87271599469475e-12,-0.33805500831919,-0.031603273739614,4.58226505014061e-10,0.33805502815056,,,,,,,,
left,-2.8797932657906435,-0.084475,-2.9642682657906434,2.7953182657906437,-2.879793258742035,-0.08447502260441486,-4.339891290783271e-08,-2.260441486767739e-08,-0.0314242042678843,0.1172767472739,0.12141382155675658,-2.8797933091895564,1.72028746950201e-09,-0.134300206915378,-0.0146056932332719,6.41227535113083e-06,6.87743439975463e-09,-0.338055086466079,-5.46300732029537e-13,0.338055099041784,1.4186213228157e-12,-0.338055095847061,-0.0316032787308319,3.13001120233756e-10,0.338055093304724,,,,,,,,
left,-2.6179938779914944,-0.084475,-2.7024688779914943,2.5335188779914946,-2.6179938703147547,-0.08447501607766505,-1.4449408780592421e-08,-1.607766506039887e-08,-0.0607069077355832,0.105147452077142,0.12141381850980343,-2.617993892440903,1.72028746950201e-09,-0.134300206915378,-0.0146056939884798,3.17849478574005e-06,3.54515120384868e-09,-0.33805511366855,-4.5650608518963e-13,0.33805512654701,1.16875765109746e-12,-0.338055126717761,-0.0316032804505622,1.80935465736038e-10,0.338055117306458,,,,,,,,
left,-2.356194490192345,-0.084475,-2.4406694901923447,2.271719490192345,-2.35619448413987,-0.08447500966435006,3.223316724643155e-09,-9.664350070215377e-09,-0.0858525334376172,0.0858525328841574,0.1214138167602127,-2.356194486969028,1.72028746950201e-09,-0.134300206915378,-0.0146056944530412,1.44952608520845e-06,1.5286289456462e-09,-0.338055130835461,-3.13842976685749e-13,0.338055143868973,9.6270878103457e-13,-0.338055145712257,-0.0316032814935355,6.1368378858666e-11,0.338055132457074,,,,,,,,
left,-2.0943951023931957,-0.084475,-2.1788701023931956,2.009920102393196,-2.0943950982668,-0.08447500548850018,1.0847212905673587e-08,-5.488500182115885e-09,-0.105147449782982,0.060706906916065,0.12141381611324348,-2.094395091545983,1.72028746950201e-09,-0.134300206915378,-0.0146056946539331,9.17723440964927e-07,1.19238058315929e-09,-0.338055138529573,-1.99269673437585e-13,0.338055151610638,7.8306564516347e-13,-0.338055153929386,-0.0316032819354413,-4.57263864933062e-11,0.33805513925663,,,,,,,,
left,-1.832595714594046,-0.084475,-1.917070714594046,1.7481207145940458,-1.83259571188605,-0.08447500302579003,1.418857631385606e-08,-3.025790035193765e-09,-0.11727674090323,0.0314242062325154,0.12141381591164574,-1.8325957004054696,1.72028746950201e-09,-0.134300206915378,-0.0146056947434664,5.7058111615386e-07,1.19238058315929e-09,-0.338055142086732,-1.24287520712226e-13,0.338055155179743,6.19333473048962e-13,-0.338055157593406,-0.0316032821282047,-1.4050004226976e-10,0.338055142408952,,,,,,,,
left,-1.5707963267948966,-0.084475,-1.6552713267948966,1.4863213267948965,-1.5707963251296,-0.08447500144888997,1.5691577592846784e-08,-1.4488899802156396e-09,-0.12141381588438,-1.90517431316871e-09,0.12141381588438001,-1.570796311103319,1.72028746950201e-09,-0.134300206915378,-0.0146056947880826,3.32126061025412e-07,1.19238058315929e-09,-0.338055143936943,-7.26850421913027e-14,0.338055157030296,4.72265137739487e-13,-0.338055159420426,-0.031603282221757,-2.23045004871017e-10,0.338055144054791,,,,,,,,
left,-1.3089969389957472,-0.084475,-1.3934719389957473,1.2245219389957471,-1.308996938017885,-0.08447500053524504,1.6085875076399248e-08,-5.352450427320576e-10,-0.117276739983432,-0.0314242097914589,0.12141381594431146,-1.3089969229098721,1.72028746950201e-09,-0.134300206915378,-0.0146056948076001,1.83551279812494e-07,1.19238058315929e-09,-0.338055144801151,-4.04623814668551e-14,0.338055157890684,3.42144359060797e-13,-0.338055160220589,-0.0316032822609592,-2.93405056354732e-10,0.338055144829439,,,,,,,,
left,-1.0471975511965979,-0.084475,-1.131672551196598,0.9627225511965979,-1.0471975506656614,-0.0844750000097485,1.5865132318992892e-08,-9.748507556750496e-12,-0.105147448092984,-0.0607069096853241,0.12141381603429184,-1.0471975353314655,1.72028746950201e-09,-0.134300206915378,-0.0146056948154075,9.17246762942805e-08,1.19238058315929e-09,-0.338055145187679,-2.05294484049967e-14,0.338055158272724,2.30420821500403e-13,-0.338055160541387,-0.0316032822753716,-3.51607391305921e-10,0.338055145180513,,,,,,,,
left,-0.7853981633974483,-0.084475,-0.8698731633974482,0.7009231633974483,-0.7853981631391871,-0.08447499973219802,1.526449433519872e-08,2.6780197504017167e-10,-0.085852531402022,-0.085852534023013,0.12141381612612206,-0.7853981481329539,1.72028746950201e-09,-0.134300206915378,-0.0146056948173858,3.88909092534736e-08,1.19238058315929e-09,-0.338055145323195,-9.03804046258987e-15,0.33805515840438,1.39056035934246e-13,-0.338055160623349,-0.0316032822778613,-3.97648976800235e-10,0.338055145307599,,,,,,,,
left,-0.5235987755982987,-0.084475,-0.6080737755982987,0.43912377559829874,-0.523598775501285,-0.08447499959294,1.4434775486016349e-08,4.07059996820891e-10,-0.0607069065838343,-0.105147450078701,0.12141381620322829,-0.5235987611635232,1.72028746950201e-09,-0.134300206915378,-0.0146056948167626,1.96997415502869e-08,1.19238058315929e-09,-0.338055145337679,-2.73005370910121e-15,0.338055158415937,6.90587413593815e-14,-0.338055160598523,-0.0316032822752938,-4.31505963783379e-10,0.338055145325069,,,,,,,,
left,-0.2617993877991496,-0.084475,-0.34627438779914954,0.17732438779914958,-0.2617993877829725,-0.0844749995402055,1.3472888971133301e-08,4.597944941453491e-10,-0.031424206405755,-0.117276741214035,0.12141381625669803,-0.2617993743262606,1.72028746950201e-09,-0.134300206915378,-0.0146056948148997,7.89575995793805e-09,1.19238058315929e-09,-0.338055145286937,-2.8014501243594e-17,0.338055158363265,2.14229540989605e-14,-0.33805516052264,-0.0316032822705326,-4.531271908595e-10,0.338055145282027,,,,,,,,
left,0.0,-0.084475,-0.084475,-0.084475,-5.487145460225662e-12,-0.08447499953554474,1.2480943009665573e-08,4.6445525203608895e-10,1.51535892156931e-09,-0.121413816279409,0.12141381627940902,1.2480943009665573e-08,1.72028746950201e-09,-0.134300206915378,-0.0146056948130457,3.46597359717003e-09,1.19238058315929e-09,-0.338055145220628,1.87288915948497e-16,0.338055158296184,-2.94762466190418e-15,-0.338055160446778,-0.0316032822662566,-4.62436616532171e-10,0.338055145222199,,,,,,,,
left,0.2617993877991496,-0.084475,0.17732438779914958,-0.34627438779914954,0.261799387740435,-0.08447499947345699,1.1484010631335195e-08,5.265430036427432e-10,0.0314242093378639,-0.117276740449359,0.12141381627696335,0.2617993992831602,1.72028746950201e-09,-0.134300206915378,-0.014605694810501,1.07656130099621e-08,1.19238058315929e-09,-0.338055145132578,1.78556861318389e-15,0.338055158206875,-2.66584796086929e-15,-0.338055160342513,-0.0316032822602049,-4.59327308752483e-10,0.338055145139838,,,,,,,,
left,0.5235987755982987,-0.084475,0.43912377559829874,-0.6080737755982987,0.52359877543004,-0.084474999311904,1.058563037226179e-08,6.880959968480482e-10,0.0607069092363344,-0.10514744859732,0.12141381624656478,0.5235987861839291,1.72028746950201e-09,-0.134300206915378,-0.0146056948084545,3.05436979727499e-08,1.19238058315929e-09,-0.338055145071046,6.03215176450791e-15,0.338055158143682,2.29596523445242e-14,-0.338055160258496,-0.0316032822548949,-4.43660445022102e-10,0.338055145077444,,,,,,,,
left,0.7853981633974478,-0.084475,0.7009231633974479,-0.8698731633974478,0.785398163066199,-0.08447499903495997,9.920255950035539e-09,9.65040020117769e-10,0.0858525336042175,-0.0858525319008594,0.12141381618272022,0.7853981733177038,1.72028746950201e-09,-0.134300206915378,-0.0146056948089544,6.35774354027449e-08,1.19238058315929e-09,-0.338055145109589,1.31190601980986e-14,0.338055158181,7.41572690413096e-14,-0.338055160278451,-0.0316032822549992,-4.15272514373477e-10,0.338055145099958,,,,,,,,
left,1.0471975511965974,-0.084475,0.9627225511965974,-1.1316725511965975,1.047197550663548,-0.08447499863526198,9.638913001097649e-09,1.364738017040068e-09,0.105147449679645,-0.0607069070258029,0.12141381607861995,1.0471975608355104,1.72028746950201e-09,-0.134300206915378,-0.0146056948146801,1.08842955055163e-07,1.19238058315929e-09,-0.338055145342135,2.28148090239966e-14,0.338055158414015,1.51061410712059e-13,-0.338055160511883,-0.0316032822667112,-3.73973667983219e-10,0.338055145290346,,,,,,,,
left,1.3089969389957474,-0.084475,1.2245219389957473,-1.3934719389957475,1.3089969382458149,-0.08447499809381498,9.972055181606265e-09,1.9061850153878623e-09,0.117276740777421,-0.0314242067288083,0.12141381591857363,1.3089969489678026,1.72028746950201e-09,-0.134300206915378,-0.014605694830755,1.6523289121552e-07,1.19238058315929e-09,-0.338055145949225,3.48672858900569e-14,0.33805515902561,2.53430270076112e-13,-0.33805516116819,-0.0316032823018417,-3.19541779313541e-10,0.338055145808103,,,,,,,,
left,1.5707963267948966,-0.084475,1.4863213267948965,-1.6552713267948966,1.570796325924255,-0.08447499750461507,1.1128898247392272e-08,2.495384926470834e-09,0.121413815686259,1.35120198242794e-09,0.12141381568625902,1.5707963379237948,1.72028746950201e-09,-0.134300206915378,-0.0146056948618099,2.52168318777827e-07,1.19238058315929e-09,-0.338055147075103,4.50946325973132e-14,0.338055160163505,3.80325674358863e-13,-0.338055162436473,-0.0316032823717305,-2.51739701026438e-10,0.338055146780987,,,,,,,,
left,1.8325957145940457,-0.084475,1.7481207145940456,-1.9170707145940458,1.832595713892265,-0.08447499697128502,1.3678316701515314e-08,3.028714973263291e-09,0.117276739458034,0.0314242093480564,0.12141381532205495,1.8325957282723624,1.72028746950201e-09,-0.134300206915378,-0.0146056949224265,5.36280254199165e-07,1.19238058315929e-09,-0.338055149207279,4.72538496531146e-14,0.338055162323762,5.29531528068251e-13,-0.338055164912478,-0.0316032825109226,-1.70282713508566e-10,0.338055148640369,,,,,,,,
left,2.0943951023931957,-0.084475,2.009920102393196,-2.1788701023931956,2.094395102524595,-0.08447499697919492,1.7581587297144097e-08,3.020805078302047e-09,0.105147446942765,0.060706909261886,0.12141381482645391,2.094395119974783,1.72028746950201e-09,-0.134300206915378,-0.0146056950105239,9.60006920749419e-07,1.19238058315929e-09,-0.338055152191535,2.45592781446811e-14,0.338055165357023,6.97926637201397e-13,-0.338055168510434,-0.0316032827174644,-7.48917978661693e-11,0.338055151251629,,,,,,,,
left,2.356194490192345,-0.084475,2.271719490192345,-2.4406694901923447,2.35619449250999,-0.08447499823232985,2.3511592672775802e-08,1.7676701491442515e-09,0.0858525292682539,0.0858525333053134,0.12141381410982993,2.3561945137039375,1.72028746950201e-09,-0.134300206915378,-0.0146056951428679,1.61471574410124e-06,1.19238058315929e-09,-0.338055156490873,-5.04837626105151e-14,0.338055169743126,8.78343401388998e-13,-0.338055173914494,-0.0316032830345226,3.47862049067058e-11,0.338055155027199,,,,,,,,
left,2.617993877991494,-0.084475,2.533518877991494,-2.702468877991494,2.617993886882235,-0.08447500411633513,3.340383658567703e-08,-4.116335133863558e-09,0.0607069029238546,0.105147448345642,0.12141381287236538,2.6179939113953306,1.72028746950201e-09,-0.134300206915378,-0.0146056953637073,2.77698466685545e-06,1.2111619693278e-09,-0.338055163073236,-3.04775940519999e-13,0.33805517651268,1.04173632847202e-12,-0.338055182928134,-0.0316032835850086,1.59187869815233e-10,0.338055160838289,,,,,,,,
left,2.879793265790643,-0.084475,2.7953182657906432,-2.964268265790643,2.87979328693932,-0.08447501771341992,4.1746022194644183e-08,-1.7713419925291518e-08,0.0314242019052649,0.1172767376811,0.1214138116793324,2.8797933075366653,1.72028746950201e-09,-0.134300206915378,-0.0146056955215753,3.84128803818117e-06,1.19238058315929e-09,-0.33805516618385,-8.18383830876619e-13,0.338055179871662,1.1801892857147e-12,-0.338055189357197,-0.0316032840345341,2.98581860272309e-10,0.33805516361349,,,,,,,,
left,3.141592653589793,-0.084475,3.0571176535897933,-3.226067653589793,3.141592701331985,-0.08447505264999489,3.902772529663951e-08,-5.264999489162925e-08,-4.73850478508787e-09,0.121413811304916,0.1214138113049161,-3.1415926145620685,1.72028746950201e-09,-0.134300206915378,-0.0146056953374445,9.29961635381847e-06,3.37390749370771e-09,-0.338055153922268,-2.0158624626045e-12,0.338055167940538,1.22262178883452e-12,-0.338055181780583,-0.0316032838133381,4.53479616347134e-10,0.338055152909026,,,,,,,,
left,-3.141592653589793,-0.05639999999999998,-3.197992653589793,3.085192653589793,-3.14159266610121,-0.05639995440885004,1.2928691450753147e-07,4.559114993862856e-08,-1.62481883945776e-08,0.125675428471665,0.12567542847166605,-3.1415925243028786,1.72028746950201e-09,-0.134300206915378,-0.0135997554307877,1.37452014095643e-05,1.51255244718252e-08,-0.29642853335987,1.00855481149622e-12,0.296428548373467,1.63061121720286e-12,-0.296428561325172,-0.0291234035674042,4.86911658376239e-10,0.296428518129284,,,,,,,,
left,-2.8797932657906435,-0.05639999999999998,-2.9361932657906435,2.8233932657906435,-2.879793281124355,-0.056399966852355155,6.563176091489707e-08,3.3147644823428024e-08,-0.0325272042616275,0.12139314706358,0.12567543583006824,-2.8797932001588826,1.72028746950201e-09,-0.134300206915378,-0.0135997536556007,6.05249993185501e-06,7.75572799038837e-09,-0.296428468921961,8.66274784675264e-13,0.296428482879467,1.4660181899883e-12,-0.296428488099839,-0.0291233986094165,3.424387382997e-10,0.296428461559853,,,,,,,,
left,-2.6179938779914944,-0.05639999999999998,-2.6743938779914944,2.5615938779914944,-2.617993890407825,-0.05639997679346509,4.113074503209191e-08,2.3206534888187136e-08,-0.0628377238005039,0.108838119916204,0.12567543864782177,-2.6179938368607494,1.72028746950201e-09,-0.134300206915378,-0.0135997529462544,3.08738788269408e-06,4.09156204403405e-09,-0.29642844237782,6.40069418630151e-13,0.296428456003136,1.24342022261674e-12,-0.296428458830299,-0.0291233966607807,2.10798640779327e-10,0.296428438315613,,,,,,,,
left,-2.356194490192345,-0.05639999999999998,-2.412594490192345,2.299794490192345,-2.3561944987767953,-0.05639998560123494,2.570001367274699e-08,1.4398765041390149e-08,-0.0888659584426878,0.0888659538749752,0.1256754404330724,-2.356194464492331,1.72028746950201e-09,-0.134300206915378,-0.0135997524877314,1.90389963935888e-06,1.78446048909597e-09,-0.296428424835518,4.12297682250907e-13,0.296428438289475,1.02181846800053e-12,-0.296428439905771,-0.0291233954168539,9.16766846697624e-11,0.296428422980156,,,,,,,,
left,-2.0943951023931957,-0.05639999999999998,-2.1507951023931957,2.0379951023931957,-2.09439510803508,-0.05639999101658022,1.949424577318837e-08,8.983419758079592e-09,-0.10883812593379,0.0628377184770119,0.12567544119745805,-2.09439508289895,1.72028746950201e-09,-0.134300206915378,-0.0135997522934085,1.2075292195381e-06,1.19238058315929e-09,-0.296428417149223,2.60158502744484e-13,0.296428430558998,8.17553143024178e-13,-0.296428431882914,-0.0291233949001599,-1.49192445232573e-11,0.296428416287268,,,,,,,,
left,-1.832595714594046,-0.05639999999999998,-1.888995714594046,1.776195714594046,-1.8325957182544599,-0.05639999430529008,1.6908296318618454e-08,5.694709898085293e-09,-0.12139315529023,0.032527195726765,0.12567544156741672,-1.8325956976857496,1.72028746950201e-09,-0.134300206915378,-0.0135997522087655,7.65382522829939e-07,1.19238058315929e-09,-0.296428413671679,1.64240614303553e-13,0.296428427076842,6.35250514430586e-13,-0.296428428387208,-0.0291233946806016,-1.09122763600553e-10,0.296428413277537,,,,,,,,
left,-1.5707963267948966,-0.05639999999999998,-1.6271963267948966,1.5143963267948966,-1.5707963289989402,-0.056399996559809984,1.561567875008052e-08,3.440189993986209e-09,-0.125675441787581,-1.96250732702749e-09,0.12567544178758103,-1.5707963111792178,1.72028746950201e-09,-0.134300206915378,-0.0135997521678383,4.52492888847758e-07,1.19238058315929e-09,-0.296428411897802,9.65427881239124e-14,0.296428425311171,4.74339002296588e-13,-0.296428426696146,-0.0291233945783657,-1.9103507822215e-10,0.29642841175499,,,,,,,,
left,-1.3089969389957472,-0.05639999999999998,-1.3653969389957472,1.2525969389957472,-1.30899694027327,-0.056399997923890055,1.499669588511665e-08,2.0761099228661095e-09,-0.121393154592662,-0.0325271996909722,0.1256754419196301,-1.3089969239990513,1.72028746950201e-09,-0.134300206915378,-0.0135997521536675,2.59356621431443e-07,1.19238058315929e-09,-0.296428411207283,5.49925334171766e-14,0.296428424632116,3.36365057891995e-13,-0.296428426110097,-0.02912339454627,-2.60694570739616e-10,0.29642841117505,,,,,,,,
left,-1.0471975511965979,-0.05639999999999998,-1.1035975511965979,0.9907975511965978,-1.0471975518659584,-0.05639999878301144,1.4537742565323697e-08,1.21698853772223e-09,-0.108838124499419,-0.0628377225875144,0.12567544201050757,-1.0471975366588553,1.72028746950201e-09,-0.134300206915378,-0.0135997521508304,1.35500202407997e-07,1.19238058315929e-09,-0.296428410992334,2.84026351474346e-14,0.296428424428127,2.21473541889382e-13,-0.29642842599223,-0.0291233945431625,-3.18133789453378e-10,0.296428411005888,,,,,,,,
left,-0.7853981633974483,-0.05639999999999998,-0.8417981633974483,0.7289981633974483,-0.785398163703716,-0.056399999277853,1.4053670671643204e-08,7.221469811025116e-10,-0.0888659560710411,-0.0888659585688269,0.1256754420751193,-0.7853981493437776,1.72028746950201e-09,-0.134300206915378,-0.013599752153223,6.29587679449741e-08,1.19238058315929e-09,-0.296428411014576,1.29148796146499e-14,0.296428424459092,1.29468246383741e-13,-0.296428426090535,-0.0291233945526703,-3.63349146041671e-10,0.296428411038898,,,,,,,,
left,-0.5235987755982987,-0.05639999999999998,-0.5799987755982987,0.4671987755982987,-0.523598775699285,-0.05639999954472999,1.346034361748849e-08,4.552699883753064e-10,-0.0628377195946168,-0.108838126352912,0.1256754421192308,-0.5235987621379551,1.72028746950201e-09,-0.134300206915378,-0.0135997521570957,2.46152602349448e-08,1.19238058315929e-09,-0.296428411119029,4.31545181469474e-15,0.29642842456993,6.09045729780244e-14,-0.296428426250089,-0.0291233945650792,-3.96317643558277e-10,0.296428411138781,,,,,,,,
left,-0.2617993877991496,-0.05639999999999998,-0.3181993877991496,0.2053993877991496,-0.261799387807675,-0.056399999651555,1.2753562983469635e-08,3.484449812019008e-10,-0.0325271963801336,-0.12139315571121,0.1256754421431564,-0.2617993750455866,1.72028746950201e-09,-0.134300206915378,-0.0135997521607914,7.56663357761525e-09,1.19238058315929e-09,-0.296428411235923,5.05909390778103e-16,0.296428424690971,1.61666851739274e-14,-0.296428426402414,-0.0291233945761483,-4.16988700400205e-10,0.296428411244686,,,,,,,,
left,0.0,-0.05639999999999998,-0.05639999999999998,-0.05639999999999998,-2.6471012881668088e-12,-0.0563999996428602,1.1939349188787445e-08,3.571397760859796e-10,1.50048298827311e-09,-0.125675442149079,0.125675442149079,1.1939349188787445e-08,1.72028746950201e-09,-0.134300206915378,-0.0135997521628004,2.92595647460667e-09,1.19238058315929e-09,-0.296428411304677,1.66231362491403e-16,0.296428424761391,-4.3121971113316e-15,-0.296428426485163,-0.0291233945818938,-4.25285986063599e-10,0.296428411303685,,,,,,,,
left,0.2617993877991496,-0.05639999999999998,0.2053993877991496,-0.3181993877991496,0.2617993878348055,-0.0563999996509935,1.1130343535725729e-08,3.49006476496605e-10,0.0325271992754546,-0.121393154919324,0.12567544212761747,0.2617993989294931,1.72028746950201e-09,-0.134300206915378,-0.0135997521640352,1.46048581944147e-08,1.19238058315929e-09,-0.296428411334648,-1.52063415872332e-15,0.296428424793769,-9.07137493098668e-16,-0.296428426535651,-0.029123394585819,-4.21105365226782e-10,0.296428411324957,,,,,,,,
left,0.5235987755982987,-0.05639999999999998,0.4671987755982987,-0.5799987755982987,0.5235987757547635,-0.05639999974679649,1.0348713885832694e-08,2.532034859559218e-10,0.0628377221678402,-0.108838124825438,0.12567544208301118,0.5235987859470126,1.72028746950201e-09,-0.134300206915378,-0.0135997521632193,2.98757574783284e-08,1.19238058315929e-09,-0.296428411269003,-6.82659583743013e-15,0.296428424731702,2.64938776732495e-14,-0.29642842650109,-0.0291233945847821,-4.04308279639924e-10,0.296428411259085,,,,,,,,
left,0.7853981633974478,-0.05639999999999998,0.7289981633974478,-0.8417981633974478,0.785398163752982,-0.05639999994920497,9.555163993368865e-09,5.079500708937701e-11,0.0888659581364576,-0.0888659564382001,0.12567544202900865,0.7853981729526118,1.72028746950201e-09,-0.134300206915378,-0.0135997521577385,7.19452884551607e-08,1.19238058315929e-09,-0.296428411012934,-1.59544201547115e-14,0.296428424478813,7.84049567660229e-14,-0.296428426273647,-0.0291233945714795,-3.7473033045769e-10,0.296428411022926,,,,,,,,
left,1.0471975511965974,-0.05639999999999998,0.9907975511965974,-1.1035975511965974,1.0471975518142795,-0.05640000026979047,8.678644691784143e-09,-2.697904954995778e-10,0.10883812593532,-0.0628377200474282,0.1256754419839912,1.047197559875242,1.72028746950201e-09,-0.134300206915378,-0.0135997521443729,1.30570811875377e-07,1.19238058315929e-09,-0.296428410451682,-2.87753155344073e-14,0.296428423918191,1.55197366896023e-13,-0.296428425720543,-0.0291233945368365,-3.32180686099385e-10,0.296428410515757,,,,,,,,
left,1.3089969389957474,-0.05639999999999998,1.2525969389957474,-1.3653969389957474,1.308996939917745,-0.056400000738044964,7.538992985445248e-09,-7.380449862370853e-10,0.121393155382833,-0.0325271969706066,0.12567544197879424,1.3089969465347404,1.72028746950201e-09,-0.134300206915378,-0.0135997521172469,2.0539576452841e-07,1.19238058315929e-09,-0.296428409374491,-4.52754820394752e-14,0.296428422835297,2.57542282657024e-13,-0.29642842459945,-0.0291233944643455,-2.76436059312082e-10,0.296428409552701,,,,,,,,
left,1.5707963267948966,-0.05639999999999998,1.5143963267948966,-1.6271963267948966,1.5707963279413049,-0.05640000126367506,5.926928947630472e-09,-1.2636750812422548e-09,0.12567544204913,7.44869415462182e-10,0.12567544204913,1.5707963327218255,1.72028746950201e-09,-0.134300206915378,-0.0135997520705063,2.76447923272913e-07,1.19238058315929e-09,-0.296428407591827,-6.12348420338209e-14,0.296428421034524,3.86499889390843e-13,-0.296428422669207,-0.0291233943367382,-2.07255006160243e-10,0.29642840796666,,,,,,,,
left,1.8325957145940457,-0.05639999999999998,1.7761957145940457,-1.8889957145940457,1.83259571570943,-0.05640000169260995,3.613386478917846e-09,-1.692609968850789e-09,0.121393155265426,0.0325271983901701,0.12567544223279786,1.8325957182074322,1.72028746950201e-09,-0.134300206915378,-0.0135997519984254,5.60993857937148e-07,1.19238058315929e-09,-0.296428404929717,-7.02469890932473e-14,0.296428418334669,5.43934454474234e-13,-0.296428419694098,-0.0291233941366682,-1.24365484947932e-10,0.296428405603806,,,,,,,,
left,2.0943951023931957,-0.05639999999999998,2.0379951023931957,-2.1507951023931957,2.0943951028310597,-0.05640000172150006,-8.977707466328866e-11,-1.7215000813752823e-09,0.108838125947665,0.0628377213009506,0.12567544262144348,2.0943951023034186,1.72028746950201e-09,-0.134300206915378,-0.0135997518841234,1.0467614798443e-06,1.19238058315929e-09,-0.296428400849881,-5.84963826847548e-14,0.296428414178999,7.33516470530748e-13,-0.296428414978831,-0.0291233938140163,-2.74463503525016e-11,0.296428401989623,,,,,,,,
left,2.356194490192345,-0.05639999999999998,2.299794490192345,-2.412594490192345,2.35619448832081,-0.05640000052447003,-6.665203056144264e-09,-5.244700507223143e-10,0.0888659588526072,0.0888659576679879,0.12567544340499417,2.356194483527142,1.72028746950201e-09,-0.134300206915378,-0.0135997516921586,1.91829876658287e-06,1.19782064128549e-09,-0.296428394256001,9.41888048422398e-15,0.296428407428644,9.63795520945128e-13,-0.296428407064133,-0.0291233932622138,8.38783154888975e-11,0.296428396156836,,,,,,,,
left,2.617993877991494,-0.05639999999999998,2.561593877991494,-2.674393877991494,2.61799387180306,-0.05639999700154985,-1.3615872873629087e-08,2.9984501270785557e-09,0.0628377236390156,0.108838126552385,0.12567544431417887,2.617993864375621,1.72028746950201e-09,-0.134300206915378,-0.01359975149377,2.88018152434133e-06,1.71208510563181e-09,-0.296428387830407,1.60058082532342e-13,0.296428400797428,1.23664017037168e-12,-0.296428398889711,-0.0291233926762874,2.09921245859262e-10,0.296428390453266,,,,,,,,
left,2.879793265790643,-0.05639999999999998,2.823393265790643,-2.936193265790643,2.879793248947685,-0.05639998675352498,-2.431612644571146e-08,1.324647500022813e-08,0.03252720182927,0.121393158047637,0.1256754458103119,2.8797932414745167,1.72028746950201e-09,-0.134300206915378,-0.0135997512183552,4.38343215095839e-06,1.77762029401896e-09,-0.296428379872134,5.61972266513619e-13,0.296428392445089,1.58786931810533e-12,-0.296428387555236,-0.0291233918246424,3.51253904314109e-10,0.296428383361696,,,,,,,,
left,3.141592653589793,-0.05639999999999998,3.085192653589793,-3.197992653589793,3.14159261127677,-0.05639995820588983,-3.349682486941674e-08,4.179411014493262e-08,4.20972849373913e-09,0.125675447461722,0.12567544746172207,3.1415926200929682,1.72028746950201e-09,-0.134300206915378,-0.0135997510538932,7.51075705257138e-06,1.19238058315929e-09,-0.296428378990518,1.59511653370069e-12,0.296428390891186,2.08265534452506e-12,-0.296428380839124,-0.029123391160802,5.0846864981281e-10,0.296428382381188,,,,,,,,
left,-3.141592653589793,-0.028324999999999934,-3.169917653589793,3.1132676535897934,-3.1415926379053802,-0.028325037955650112,-7.469663667671073e-08,-3.795565017838953e-08,9.70767278748912e-09,0.129961310278169,0.12996131027816937,3.1415925788931567,1.72028746950201e-09,-0.134300206915378,-0.0125854204527855,1.03804434601772e-05,1.23742549609573e-08,-0.254081163527084,-9.69639303985458e-13,0.254081175975558,1.47173027050401e-12,-0.254081170056733,-0.0261553751882926,5.22636140691363e-10,0.254081176039108,,,,,,,,
left,-2.8797932657906435,-0.028324999999999934,-2.9081182657906437,2.8514682657906434,-2.87979325141343,-0.028325025559309935,-2.9051375971533844e-08,-2.555931000181033e-08,-0.0336364572616213,0.125532982074613,0.129961305186036,-2.8797932948420195,1.72028746950201e-09,-0.134300206915378,-0.0125854217135142,4.91827144020246e-06,6.57471466852799e-09,-0.254081210482141,-7.38859397997263e-13,0.254081223830002,1.23735357623827e-12,-0.254081222628686,-0.0261553793248338,3.78668964145628e-10,0.254081216920595,,,,,,,,
left,-2.6179938779914944,-0.028324999999999934,-2.6463188779914946,2.5896688779914943,-2.61799386643931,-0.028325017802740105,-9.363214203972348e-09,-1.780274017093575e-08,-0.064980650490446,0.112549790592039,0.1299613030885476,-2.6179938873547086,1.72028746950201e-09,-0.134300206915378,-0.0125854222623561,2.63709705189354e-06,3.60499344959075e-09,-0.254081231387093,-5.50377892882623e-13,0.254081245055778,1.0388865200904e-12,-0.254081245523948,-0.0261553811053415,2.47515944483038e-10,0.254081235121285,,,,,,,,
left,-2.356194490192345,-0.028324999999999934,-2.3845194901923445,2.327869490192345,-2.35619448197791,-0.028325011164600067,3.199299047906834e-09,-1.1164600133284353e-08,-0.0918965181056498,0.0918965175176409,0.12996130182408955,-2.356194486993046,1.72028746950201e-09,-0.134300206915378,-0.0125854226183199,1.68466637765241e-06,1.73588353413745e-09,-0.254081245250697,-3.69258619427785e-13,0.254081259080903,8.61342391447516e-13,-0.254081260378794,-0.0261553822467088,1.29024072128776e-10,0.254081247186577,,,,,,,,
left,-2.0943951023931957,-0.028324999999999934,-2.1227201023931954,2.066070102393196,-2.094395096620545,-0.028325007146335013,9.183075633245608e-09,-7.14633507925555e-09,-0.112549789031218,0.0649806496163384,0.12996130129978314,-2.09439509321012,1.72028746950201e-09,-0.134300206915378,-0.0125854227902201,1.14630582735479e-06,1.23024276182937e-09,-0.25408125212299,-2.49689578509623e-13,0.254081266004162,6.96177142481762e-13,-0.254081267556005,-0.0261553827902506,2.30547233491317e-11,0.254081253175369,,,,,,,,
left,-1.832595714594046,-0.028324999999999934,-1.8609207145940458,1.804270714594046,-1.8325957107343,-0.028325004321529956,1.2558838191623067e-08,-4.321530022721731e-09,-0.125532977534556,0.0336364582641191,0.12996130106014317,-1.8325957020352077,1.72028746950201e-09,-0.134300206915378,-0.0125854228913215,7.43124852424674e-07,1.19238058315929e-09,-0.25408125626708,-1.60976178316055e-13,0.254081270162647,5.45815222856896e-13,-0.254081271779301,-0.0261553831055346,-7.05113872969299e-11,0.254081256791754,,,,,,,,
left,-1.5707963267948966,-0.028324999999999934,-1.5991213267948965,1.5424713267948966,-1.570796324350285,-0.028325002430835022,1.4201710474281981e-08,-2.4308350887736196e-09,-0.129961300996574,-1.84567278551132e-09,0.129961300996574,-1.570796312593186,1.72028746950201e-09,-0.134300206915378,-0.0125854229467377,4.56029605575676e-07,1.19238058315929e-09,-0.254081258618421,-9.83229831145488e-14,0.254081272509708,4.10506526711693e-13,-0.254081274095872,-0.026155383274939,-1.51738143515285e-10,0.254081258849144,,,,,,,,
left,-1.3089969389957472,-0.028324999999999934,-1.3373219389957471,1.2806719389957473,-1.3089969374955,-0.028325001288040053,1.4728627206750389e-08,-1.2880401190074053e-09,-0.125532976588388,-0.0336364616820091,0.1299613010308301,-1.30899692426712,1.72028746950201e-09,-0.134300206915378,-0.0125854229739904,2.70744199935808e-07,1.19238058315929e-09,-0.254081259830786,-5.81618712693901e-14,0.254081273711435,2.91283698568309e-13,-0.254081275236371,-0.0261553833558918,-2.20665827964803e-10,0.25408125991605,,,,,,,,
left,-1.0471975511965979,-0.028324999999999934,-1.0755225511965978,1.018872551196598,-1.04719755033714,-0.028325000581270077,1.4613919407935327e-08,-5.812701431295864e-10,-0.112549787316024,-0.0649806521971996,0.1299613011048122,-1.0471975365826784,1.72028746950201e-09,-0.134300206915378,-0.0125854229869465,1.48845385364915e-07,1.19238058315929e-09,-0.254081260450074,-3.18960883761054e-14,0.254081274319129,1.90606112256099e-13,-0.25408127577953,-0.0261553833925709,-2.77321145784392e-10,0.254081260465473,,,,,,,,
left,-0.7853981633974483,-0.028324999999999934,-0.8137231633974482,0.7570731633974483,-0.785398162956477,-0.028325000163856973,1.4088080146912318e-08,-1.6385703904830962e-10,-0.091896516067923,-0.091896518657214,0.12996130118899898,-0.7853981493093681,1.72028746950201e-09,-0.134300206915378,-0.0125854229918287,7.19388350457055e-08,1.19238058315929e-09,-0.254081260722514,-1.54117674528504e-14,0.254081274581246,1.09467912766962e-13,-0.254081275985072,-0.0261553834047446,-3.21700588233537e-10,0.254081260710736,,,,,,,,
left,-0.5235987755982987,-0.028324999999999934,-0.5519237755982986,0.49527377559829877,-0.5235987754152575,-0.028324999933310474,1.330916399311377e-08,6.668945951027183e-11,-0.0649806491342193,-0.112549789268627,0.12996130126432584,-0.5235987622891347,1.72028746950201e-09,-0.134300206915378,-0.0125854229923699,2.71145109008868e-08,1.19238058315929e-09,-0.25408126079838,-5.76898596145726e-15,0.254081274649011,4.92067355920489e-14,-0.254081276008849,-0.0261553834041584,-3.53777350390644e-10,0.254081260781916,,,,,,,,
left,-0.2617993877991496,-0.028324999999999934,-0.2901243877991495,0.23347438779914964,-0.261799387757671,-0.028324999822883987,1.2384604397563947e-08,1.771159469088346e-10,-0.0336364583532185,-0.125532977779591,0.12996130131988942,-0.2617993754145452,1.72028746950201e-09,-0.134300206915378,-0.0125854229904948,1.19170063916802e-08,1.19238058315929e-09,-0.25408126075757,-9.15669666308001e-16,0.254081274602439,1.07546025371994e-14,-0.254081275931254,-0.02615538339676,-3.73499523907769e-10,0.254081260748039,,,,,,,,
left,0.0,-0.028324999999999934,-0.028324999999999934,-0.028324999999999934,-2.472449328605464e-12,-0.02832499979770075,1.1421647676329255e-08,2.0229918434866434e-10,1.48437219554294e-09,-0.129961301347022,0.129961301347022,1.1421647676329255e-08,1.72028746950201e-09,-0.134300206915378,-0.0125854229877745,1.59596531505647e-09,1.19238058315929e-09,-0.254081260661931,8.8808920534951e-17,0.25408127450399,-5.01468955315341e-15,-0.254081275817862,-0.0261553833875554,-3.80789330565162e-10,0.254081260662734,,,,,,,,
left,0.2617993877991496,-0.028324999999999934,0.23347438779914964,-0.2901243877991495,0.26179938773163447,-0.028324999721579508,1.046488218303665e-08,2.784204256034428e-10,0.0336364612289013,-0.125532977038329,0.12996130134816677,0.26179939826403176,1.72028746950201e-09,-0.134300206915378,-0.0125854229844435,1.08251241768194e-08,1.19238058315929e-09,-0.254081260543332,1.97132563000989e-15,0.254081274382169,3.29935079219296e-15,-0.254081275678842,-0.0261553833762812,-3.75540314499246e-10,0.254081260552309,,,,,,,,
left,0.5235987755982987,-0.028324999999999934,0.49527377559829877,-0.5519237755982986,0.5235987753776655,-0.028324999505323523,9.616680118895715e-09,4.946764109448054e-10,0.0649806517425187,-0.112549787827389,0.12996130132032682,0.5235987852149788,1.72028746950201e-09,-0.134300206915378,-0.0125854229820875,3.76102527196021e-08,1.19238058315929e-09,-0.254081260473611,7.59816646533626e-15,0.254081274307995,3.66383906484528e-14,-0.254081275580535,-0.0261553833675699,-3.5761227172531e-10,0.254081260478546,,,,,,,,
left,0.7853981633974478,-0.028324999999999934,0.7570731633974479,-0.8137231633974478,0.7853981629532785,-0.028324999146880525,9.026702718628599e-09,8.531194084504534e-10,0.0918965182389341,-0.0918965165798891,0.12996130125524513,0.7853981724241506,1.72028746950201e-09,-0.134300206915378,-0.0125854229832832,7.99487635998189e-08,1.19238058315929e-09,-0.254081260544789,1.66415848357745e-14,0.254081274375931,9.5179344870984e-14,-0.254081275630324,-0.026155383370053,-3.26840308126211e-10,0.25408126052185,,,,,,,,
left,1.0471975511965974,-0.028324999999999934,1.0188725511965975,-1.0755225511965973,1.04719755048248,-0.02832499864922,8.847060195549261e-09,1.3507799323519976e-09,0.112549788875455,-0.0649806495768332,0.12996130114513585,1.0471975600436576,1.72028746950201e-09,-0.134300206915378,-0.012585422990859,1.34836179939015e-07,1.19238058315929e-09,-0.254081260856963,2.8544320553273e-14,0.254081274688891,1.79056915188195e-13,-0.25408127594606,-0.0261553833932446,-2.83033320780508e-10,0.254081260769736,,,,,,,,
left,1.3089969389957474,-0.028324999999999934,1.2806719389957475,-1.3373219389957474,1.308996938001185,-0.028324998013014913,9.287649538336495e-09,1.9869850209630613e-09,0.125532977342792,-0.0336364586528609,0.12996130097552713,1.308996948283397,1.72028746950201e-09,-0.134300206915378,-0.0125854230095156,1.98013913714535e-07,1.19238058315929e-09,-0.254081261577314,4.25382403947308e-14,0.254081275418614,2.88153699542588e-13,-0.254081276723636,-0.0261553834529229,-2.25969192275645e-10,0.254081261368354,,,,,,,,
left,1.5707963267948966,-0.028324999999999934,1.5424713267948966,-1.5991213267948965,1.5707963256223252,-0.02832499731827498,1.0591955756922289e-08,2.6817249532129495e-09,0.129961300726354,1.37654435056843e-09,0.129961300726354,1.5707963373868523,1.72028746950201e-09,-0.134300206915378,-0.0125854230448673,3.05731073462098e-07,1.19238058315929e-09,-0.254081262891823,5.49685250889377e-14,0.254081276758616,4.21714158606838e-13,-0.254081278196774,-0.0261553835685424,-1.55405062100278e-10,0.254081262481193,,,,,,,,
left,1.8325957145940457,-0.028324999999999934,1.8042707145940458,-1.8609207145940456,1.832595713509015,-0.028324996703835037,1.2991428599562482e-08,3.2961648965823542e-09,0.125532976015158,0.0336364612946797,0.1299613003768842,1.8325957275854743,1.72028746950201e-09,-0.134300206915378,-0.0125854231023624,5.88911511896002e-07,1.19238058315929e-09,-0.254081264970611,6.01385719064961e-14,0.254081278887909,5.78566063976059e-13,-0.254081280592119,-0.0261553837594471,-7.10686747312381e-11,0.254081264258637,,,,,,,,
left,2.0943951023931957,-0.028324999999999934,2.066070102393196,-2.1227201023931954,2.094395101933455,-0.028324996515855183,1.636646151936816e-08,3.4841447504874168e-09,0.112549786196386,0.064980651813774,0.12996129994346445,2.0943951187596572,1.72028746950201e-09,-0.134300206915378,-0.0125854231773961,9.7022286842072e-07,1.19238058315929e-09,-0.254081267589789,4.6656305699025e-14,0.254081281587314,7.5716620883241e-13,-0.254081283716759,-0.0261553840128643,2.73239155435048e-11,0.254081266508811,,,,,,,,
left,2.356194490192345,-0.028324999999999934,2.327869490192345,-2.3845194901923445,2.35619449160842,-0.028324997218120096,2.2295271406846947e-08,2.7818798375989218e-09,0.0918965139332474,0.0918965180309629,0.129961299236729,2.3561945124876162,1.72028746950201e-09,-0.134300206915378,-0.0125854233115111,1.65262078900259e-06,1.19238058315929e-09,-0.254081272150879,-7.78819684870288e-15,0.254081286310229,9.51418112541707e-13,-0.254081289300613,-0.0261553844716406,1.40158902343121e-10,0.254081270463576,,,,,,,,
left,2.617993877991494,-0.028324999999999934,2.5896688779914943,-2.6463188779914937,2.61799388287935,-0.02832499964886992,2.8925679185221043e-08,3.5113001395359333e-10,0.0649806459777178,0.112549787860491,0.12996129846659357,2.617993906917173,1.72028746950201e-09,-0.134300206915378,-0.0125854234517488,2.41739072111643e-06,1.44358880058149e-09,-0.254081276623662,-1.24586086662158e-13,0.254081290997475,1.16003020318228e-12,-0.2540812951343,-0.0261553849645741,2.67752062196993e-10,0.254081274357405,,,,,,,,
left,2.879793265790643,-0.028324999999999934,2.8514682657906434,-2.908118265790643,2.87979327830459,-0.02832500637497004,3.816729554628751e-08,-6.37497010735899e-09,0.0336364540940527,0.125532974830479,0.12996129736891285,2.8797933039579386,1.72028746950201e-09,-0.134300206915378,-0.0125854236405557,3.52949100568043e-06,1.54406180202793e-09,-0.254081282085559,-3.98562508396216e-13,0.254081296833599,1.36372407831891e-12,-0.254081302979478,-0.0261553856535032,4.10536490506503e-10,0.254081279165889,,,,,,,,
left,3.141592653589793,-0.028324999999999934,3.1132676535897934,-3.169917653589793,3.141592682691825,-0.02832502357139499,4.80355553340725e-08,-2.3571395058041844e-08,-6.24276303187827e-09,0.129961296084553,0.12996129608455315,-3.141592605554238,1.72028746950201e-09,-0.134300206915378,-0.012585423800458,4.97766348935027e-06,1.19238058315929e-09,-0.254081284736103,-1.03151979180187e-12,0.254081300102519,1.52983563569513e-12,-0.254081309590311,-0.0261553863252335,5.68965593706889e-10,0.254081281647444,,,,,,,,
left,-3.141592653589793,-0.00024999999999997247,-3.141842653589793,3.1413426535897933,-3.141592660990605,-0.00024997925507497243,5.8241341971410066e-08,2.0744925000037995e-08,-7.81959142248682e-09,0.13426186824333,0.13426186824333022,-3.141592595348451,1.72028746950201e-09,-0.134300206915378,-0.0115657107849053,5.91456840174795e-06,6.8434312730726e-09,-0.211057758735262,4.661467278591e-13,0.21105777400541,1.5086869484907e-12,-0.211057779026371,-0.0227007320333821,5.66253303555173e-10,0.211057751403211,,,,,,,,
left,-2.8797932657906435,-0.00024999999999997247,-2.8800432657906434,2.8795432657906437,-2.879793272793175,-0.0002499837590050902,4.216953630731268e-08,1.6240994882288362e-08,-0.0347495345103044,0.12968700645646,0.13426187021012606,-2.8797932236211072,1.72028746950201e-09,-0.134300206915378,-0.0115657103065306,3.78167976224404e-06,4.49682079767255e-09,-0.21105774073857,3.87039421485653e-13,0.211057755567415,1.29497031432106e-12,-0.211057758831003,-0.0227007302168365,4.2272545254968e-10,0.21105773586876,,,,,,,,
left,-2.6179938779914944,-0.00024999999999997247,-2.6182438779914943,2.6177438779914945,-2.617993884033525,-0.0002499878355448626,3.0748795953883246e-08,1.2164455109875405e-08,-0.0671309393977653,0.116274189539975,0.1342618716449479,-2.6179938472426985,1.72028746950201e-09,-0.134300206915378,-0.011565709959573,2.24740913434186e-06,2.60265414428473e-09,-0.211057727568151,3.03924806525791e-13,0.21105774209937,1.08899347294302e-12,-0.211057744181527,-0.0227007289051245,2.91985681303009e-10,0.211057724523249,,,,,,,,
left,-2.356194490192345,-0.00024999999999997247,-2.3564444901923447,2.355944490192345,-2.3561944949501603,-0.0002499913424001132,2.3329515652648066e-08,8.657599859240861e-09,-0.0949374827983018,0.0949374783686109,0.13426187261865638,-2.356194466862829,1.72028746950201e-09,-0.134300206915378,-0.011565709728151,1.23468507345417e-06,1.39886704303427e-09,-0.211057718672265,2.2381620649679e-13,0.211057733026165,8.94027407907838e-13,-0.211057734408333,-0.0227007280357038,1.73914591391477e-10,0.211057716883701,,,,,,,,
left,-2.0943951023931957,-0.00024999999999997247,-2.0946451023931956,2.094145102393196,-2.09439510594351,-0.0002499939304598797,1.9382679905533e-08,6.06954009274574e-09,-0.11627419424197,0.0671309343404676,0.13426187318834615,-2.094395083010516,1.72028746950201e-09,-0.134300206915378,-0.0115657096006908,7.27811541438002e-07,1.19238058315929e-09,-0.211057713691977,1.60251675923856e-13,0.211057727963603,7.1450971965323e-13,-0.211057729024309,-0.0227007275609123,6.84356948793412e-11,0.211057712631915,,,,,,,,
left,-1.832595714594046,-0.00024999999999997247,-1.832845714594046,1.8323457145940458,-1.8325957171419849,-0.00024999584172491485,1.7117715245262843e-08,4.158275057619676e-09,-0.129687011750052,0.0347495276879017,0.13426187355757543,-1.8325956974763307,1.72028746950201e-09,-0.134300206915378,-0.0115657095273311,5.1296958363453e-07,1.19238058315929e-09,-0.211057710778046,1.11687981071468e-13,0.211057725011381,5.52296153747319e-13,-0.21105772592487,-0.022700727290065,-2.45610432353124e-11,0.211057710162172,,,,,,,,
left,-1.5707963267948966,-0.00024999999999997247,-1.5710463267948964,1.5705463267948967,-1.570796328537245,-0.00024999726976504544,1.5680372777993057e-08,2.7302349270286186e-09,-0.134261873817868,-2.10527623588609e-09,0.13426187381786803,-1.5707963111145238,1.72028746950201e-09,-0.134300206915378,-0.011565709484027,3.46038560972131e-07,1.19238058315929e-09,-0.211057709025424,7.45265766516126e-14,0.211057723242359,4.08840495707839e-13,-0.211057724094845,-0.0227007271318496,-1.05158180668397e-10,0.21105770868987,,,,,,,,
left,-1.3089969389957472,-0.00024999999999997247,-1.3092469389957473,1.3087469389957471,-1.3089969401196448,-0.00024999830657501665,1.4698750216979306e-08,1.6934249558175907e-09,-0.129687011076303,-0.0347495319298001,0.13426187400466796,-1.308996924296997,1.72028746950201e-09,-0.134300206915378,-0.0115657094602289,2.21078759234322e-07,1.19238058315929e-09,-0.211057708035945,4.71389961314393e-14,0.211057722248884,2.84977130992954e-13,-0.211057723088806,-0.0227007270462551,-1.73399227843223e-10,0.211057707870015,,,,,,,,
left,-1.0471975511965979,-0.00024999999999997247,-1.0474475511965977,1.046947551196598,-1.047197551872755,-0.0002499990248649997,1.3937969001176498e-08,9.751349727693537e-10,-0.116274192828289,-0.0671309386900539,0.13426187413885562,-1.0471975372586289,1.72028746950201e-09,-0.134300206915378,-0.0115657094488687,1.32319132814063e-07,1.19238058315929e-09,-0.211057707540998,2.79253006338355e-14,0.211057721756339,1.82629452836603e-13,-0.211057722608291,-0.0227007270065647,-2.29303129519461e-10,0.211057707470074,,,,,,,,
left,-0.7853981633974483,-0.00024999999999997247,-0.7856481633974483,0.7851481633974483,-0.785398163762827,-0.00024999950432402773,1.3234792262117878e-08,4.956759447338754e-10,-0.094937480469817,-0.0949374829827727,0.13426187423487407,-0.785398150162656,1.72028746950201e-09,-0.134300206915378,-0.0115657094444206,7.14890941895667e-08,1.19238058315929e-09,-0.211057707326618,1.49132965359353e-14,0.211057721546825,1.01468055400117e-13,-0.211057722419888,-0.0227007269920843,-2.72868302515863e-10,0.211057707305176,,,,,,,,
left,-0.5235987755982987,-0.00024999999999997247,-0.5238487755982987,0.5233487755982987,-0.5235987757603575,-0.0002499998030365269,1.2514348668446473e-08,1.9696344555342193e-10,-0.0671309356945439,-0.116274194742989,0.13426187429927947,-0.52359876308395,1.72028746950201e-09,-0.134300206915378,-0.0115657094435568,3.19590984030942e-08,1.19238058315929e-09,-0.211057707262217,6.56433855025389e-15,0.211057721487709,4.27667339990925e-14,-0.211057722382986,-0.022700726990433,-3.04068562054952e-10,0.211057707262658,,,,,,,,
left,-0.2617993877991496,-0.00024999999999997247,-0.26204938779914955,0.2615493877991496,-0.26179938784090195,-0.00024999996262600743,1.1760213414202525e-08,3.737396503389334e-11,-0.0347495285837667,-0.129687012314272,0.134261874334437,-0.26179937603893616,1.72028746950201e-09,-0.134300206915378,-0.0115657094443557,8.57145820343666e-09,1.19238058315929e-09,-0.211057707270996,1.70143143628395e-15,0.211057721501281,7.02519280364941e-15,-0.211057722416371,-0.022700726994531,-3.22852319562757e-10,0.211057707276387,,,,,,,,
left,0.0,-0.00024999999999997247,-0.00024999999999997247,-0.00024999999999997247,-2.2074898332891113e-15,-0.0002499999979961745,1.0981676336122425e-08,2.003797952218611e-12,1.47442044831042e-09,-0.134261874342495,0.134261874342495,1.0981676336122425e-08,1.72028746950201e-09,-0.134300206915378,-0.0115657094455423,1.45405388567341e-11,1.19238058315929e-09,-0.211057707304237,-1.94225730258766e-17,0.21105772153779,-5.12316114053008e-15,-0.211057722466203,-0.022700726999572,-3.29141179560271e-10,0.211057707304234,,,,,,,,
left,0.2617993877991496,-0.00024999999999997247,0.2615493877991496,-0.26204938779914955,0.261799387842868,-0.0002500000101249844,1.0191398502890081e-08,-1.0125011939976503e-11,0.0347495314286446,-0.129687011544145,0.13426187432686004,0.2617993979905481,1.72028746950201e-09,-0.134300206915378,-0.0115657094453549,8.87007120786729e-09,1.19238058315929e-09,-0.211057707280432,-1.85255847722466e-15,0.211057721517007,6.45442149488949e-15,-0.211057722457787,-0.0227007269995989,-3.22830692912584e-10,0.211057707276856,,,,,,,,
left,0.5235987755982987,-0.00024999999999997247,0.5233487755982987,-0.5238487755982987,0.5235987757481285,-0.00025000008277853425,9.37902289166459e-09,-8.277856178295906e-11,0.0671309382384388,-0.116274193270254,0.13426187429580097,0.5235987849773216,1.72028746950201e-09,-0.134300206915378,-0.0115657094415076,2.9844451058115e-08,1.19238058315929e-09,-0.211057707102291,-6.37838893797421e-15,0.21105772134169,4.18661082663307e-14,-0.211057722294402,-0.0227007269864765,-3.03781983779299e-10,0.211057707110988,,,,,,,,
left,0.7853981633974478,-0.00024999999999997247,0.7851481633974479,-0.7856481633974478,0.7853981636828855,-0.00025000019392851236,8.531466533234777e-09,-1.939285398933066e-10,0.0949374825542335,-0.0949374809343217,0.1342618742603055,0.7853981719289144,1.72028746950201e-09,-0.134300206915378,-0.0115657094323251,5.76946863402653e-08,1.19238058315929e-09,-0.21105770671321,-1.25705755760858e-14,0.21105772095246,1.01757662760395e-13,-0.211057721905437,-0.0227007269535309,-2.71829141434891e-10,0.211057706757131,,,,,,,,
left,1.0471975511965974,-0.00024999999999997247,1.0469475511965975,-1.0474475511965973,1.04719755161333,-0.0002500003196299616,7.631834053611897e-09,-3.1962998914281116e-10,0.116274194357547,-0.0671309362289562,0.13426187423268304,1.0471975588284315,1.72028746950201e-09,-0.134300206915378,-0.0115657094162399,8.69972822800274e-08,1.19238058315929e-09,-0.211057706060809,-1.93826178768035e-14,0.211057720294237,1.8668171837809e-13,-0.211057721224857,-0.0227007268944912,-2.26780197481879e-10,0.211057706169424,,,,,,,,
left,1.3089969389957474,-0.00024999999999997247,1.3087469389957476,-1.3092469389957473,1.3089969394946501,-0.00025000043326006693,6.610814118346298e-09,-4.3326009446786884e-10,0.129687012036054,-0.0347495292249752,0.13426187423165603,1.3089969456065615,1.72028746950201e-09,-0.134300206915378,-0.0115657093905638,1.46740247872432e-07,1.19238058315929e-09,-0.211057705052759,-2.54675591283458e-14,0.211057719270533,2.97160770578174e-13,-0.211057720139344,-0.0227007267987224,-1.68412689153684e-10,0.211057705267283,,,,,,,,
left,1.5707963267948966,-0.00024999999999997247,1.5705463267948967,-1.5710463267948964,1.57079632723066,-0.0002500004575000103,5.354746868135862e-09,-4.5750003785371973e-10,0.134261874281108,7.18938339783393e-10,0.134261874281108,1.5707963321496434,1.72028746950201e-09,-0.134300206915378,-0.011565709352037,2.89394312694889e-07,1.19238058315929e-09,-0.211057703585102,-2.76536159457185e-14,0.211057717770821,4.34004197119799e-13,-0.211057718511654,-0.0227007266529426,-9.64784074096049e-11,0.211057703959303,,,,,,,,
left,1.8325957145940457,-0.00024999999999997247,1.8323457145940458,-1.8328457145940455,1.83259571469213,-0.0002500002381800037,3.905094914102847e-09,-2.38180031253421e-10,0.129687011819678,0.034749530628689,0.13426187438596074,1.8325957184991406,1.72028746950201e-09,-0.134300206915378,-0.0115657093024216,4.85754984445371e-07,1.19238058315929e-09,-0.21105770174856,-2.08514057457693e-14,0.211057715882789,5.97951631629222e-13,-0.21105771641667,-0.0227007264626642,-1.07106516827007e-11,0.211057702321961,,,,,,,,
left,2.0943951023931957,-0.00024999999999997247,2.094145102393196,-2.0946451023931956,2.09439510173335,-0.00024999963652017065,2.1451938003735904e-09,3.634798018126162e-10,0.11627419399153,0.0671309375333909,0.13426187456792035,2.0943951045383895,1.72028746950201e-09,-0.134300206915378,-0.0115657092395369,7.50556470652847e-07,1.19238058315929e-09,-0.211057699489198,1.05633935358622e-16,0.211057713545132,7.90548119256999e-13,-0.211057713762896,-0.0227007262182491,8.91969850423267e-11,0.211057700306498,,,,,,,,
left,2.356194490192345,-0.00024999999999997247,2.355944490192345,-2.3564444901923447,2.3561944880936503,-0.00024999834576999724,1.0886402890264435e-10,1.6542299752231315e-09,0.0949374821367558,0.0949374821574263,0.13426187482996974,2.356194490301209,1.72028746950201e-09,-0.134300206915378,-0.0115657091666149,1.07846838369493e-06,1.19238058315929e-09,-0.211057696978122,4.54875857217333e-14,0.211057710922494,1.01273580685486e-12,-0.211057710687787,-0.0227007259295836,2.03582672719016e-10,0.21105769805714,,,,,,,,
left,2.617993877991494,-0.00024999999999997247,2.617743877991494,-2.618243877991494,2.61799387301887,-0.00024999565465999574,-2.810905286310117e-09,4.345339976730145e-09,0.0671309379523967,0.11627419453851,0.13426187525112185,2.6179938751805887,1.72028746950201e-09,-0.134300206915378,-0.0115657090723665,1.5466514401954e-06,1.19238058315929e-09,-0.211057693937037,1.42036458180543e-13,0.211057707698242,1.26954516982774e-12,-0.211057706717717,-0.0227007255467391,3.32875368675453e-10,0.211057695323366,,,,,,,,
left,2.879793265790643,-0.00024999999999997247,2.8795432657906432,-2.880043265790643,2.87979325651405,-0.00024999124027003106,-5.244419565286762e-09,8.759729941409944e-09,0.0347495311348709,0.129687013014002,0.13426187567059863,2.8797932605462235,1.72028746950201e-09,-0.134300206915378,-0.0115657089969935,1.97641070169138e-06,1.19238058315929e-09,-0.21105769187307,2.94913548970887e-13,0.2110577054176,1.56062818537778e-12,-0.211057703549827,-0.0227007252226525,4.77403722180116e-10,0.211057693408983,,,,,,,,
left,3.141592653589793,-0.00024999999999997247,3.1413426535897933,-3.141842653589793,3.1415926361855098,-0.0002499824101500625,-7.15255588090713e-09,1.7589849909960265e-08,9.60315615028144e-10,0.134261876098482,0.134261876098482,3.1415926464372372,1.72028746950201e-09,-0.134300206915378,-0.0115657089592117,2.94591929096171e-06,1.19238058315929e-09,-0.211057691950499,5.96412853757081e-13,0.211057705174348,1.90005996689235e-12,-0.211057701983672,-0.0227007250062487,6.37748852063148e-10,0.211057693291745,,,,,,,,
left,-3.141592653589793,0.02782499999999999,-3.113767653589793,3.169417653589793,-3.141592654778915,0.02782499740610489,-1.515894811966762e-08,-2.593895098712551e-09,2.10054266616665e-09,0.138567842189151,0.13856784218915102,3.1415926384308457,1.72028746950201e-09,-0.134300206915378,-0.0105436165867921,3.35904468887633e-06,3.09555443773878e-09,-0.167400192730003,-4.45540336415044e-14,0.167400206456287,1.42340601149903e-12,-0.167400204175711,-0.0187635284022119,6.16514322927726e-10,0.167400196616122,,,,,,,,
left,-2.8797932657906435,0.02782499999999999,-2.8519682657906436,2.9076182657906435,-2.87979326539963,0.02782499738099009,-5.268999014873543e-09,-2.6190098978418064e-09,-0.0358639956012391,0.133846256567194,0.1385678410654392,-2.8797932710596426,1.72028746950201e-09,-0.134300206915378,-0.0105436168489024,2.17270467856761e-06,2.06477446251796e-09,-0.16740020245909,-7.04046718792583e-14,0.167400216542859,1.20440873704828e-12,-0.167400215393623,-0.0187635295470536,4.73326421008183e-10,0.16740020507144,,,,,,,,
left,-2.6179938779914944,0.02782499999999999,-2.5901688779914944,2.6458188779914944,-2.61799387720464,0.027824997712339927,3.4089797651404297e-10,-2.2876600613841447e-09,-0.0692839202805492,0.120003269978988,0.13856784047928067,-2.6179938776505964,1.72028746950201e-09,-0.134300206915378,-0.0105436169974953,1.53981234869123e-06,1.35148869873092e-09,-0.16740020809161,-6.78708788459547e-14,0.167400222351349,1.00419940678868e-12,-0.167400221756172,-0.0187635301901754,3.4310480779765e-10,0.167400209985519,,,,,,,,
left,-2.356194490192345,0.02782499999999999,-2.328369490192345,2.384019490192345,-2.356194489162935,0.027824998048604943,4.975386769245915e-09,-1.9513950455518625e-09,-0.0979822598253846,0.0979822588503853,0.13856784002759473,-2.356194485216958,1.72028746950201e-09,-0.134300206915378,-0.010543617121,1.0202757908783e-06,1.21349305604035e-09,-0.167400212792828,-6.28955942293556e-14,0.167400227194339,8.18874667845659e-13,-0.167400227044985,-0.0187635307237205,2.25577368646565e-10,0.16740021408993,,,,,,,,
left,-2.0943951023931957,0.02782499999999999,-2.0665701023931957,2.1222201023931957,-2.094395101319395,0.027824998424184955,8.529208006535782e-09,-1.5758150340161592e-09,-0.120003269929986,0.0692839188330023,0.13856783971307027,-2.0943950938639877,1.72028746950201e-09,-0.134300206915378,-0.0105436172180003,6.22250235775163e-07,1.21349304216256e-09,-0.167400216517528,-5.39212382789325e-14,0.167400231023009,6.50759141935544e-13,-0.167400231199619,-0.0187635311411286,1.20641065457689e-10,0.16740021734526,,,,,,,,
left,-1.832595714594046,0.02782499999999999,-1.804770714594046,1.860420714594046,-1.83259571364345,0.027824998761080022,1.0770057734532656e-08,-1.2389199666174022e-09,-0.133846255303608,0.0358639944735024,0.13856783955302912,-1.8325957038239882,1.72028746950201e-09,-0.134300206915378,-0.0105436172825879,3.7152712883353e-07,1.2134931115515e-09,-0.167400219035444,-4.28940913418343e-14,0.167400233601512,4.99798151169532e-13,-0.167400233966979,-0.0187635314171584,2.82370381964965e-11,0.167400219554434,,,,,,,,
left,-1.5707963267948966,0.02782499999999999,-1.5429713267948966,1.5986213267948965,-1.5707963260209952,0.027824999016554997,1.2035029861579005e-08,-9.83444992108673e-10,-0.138567839497509,-1.66766810612527e-09,0.138567839497509,-1.5707963147598667,1.72028746950201e-09,-0.134300206915378,-0.0105436173242057,2.21113893012039e-07,1.21349304216256e-09,-0.167400220683982,-3.25382643102138e-14,0.167400235283123,3.6683960578668e-13,-0.167400235750877,-0.0187635315937163,-5.16998042259937e-11,0.167400221008888,,,,,,,,
left,-1.3089969389957472,0.02782499999999999,-1.2811719389957472,1.3368219389957472,-1.30899693840581,0.0278249992250299,1.2692845219319793e-08,-7.749700881021226e-10,-0.133846254405235,-0.0358639975986779,0.1385678394941224,-1.308996926302902,1.72028746950201e-09,-0.134300206915378,-0.0105436173533079,1.21919500153148e-07,1.21349306991814e-09,-0.167400221851848,-2.34159626821959e-14,0.167400236470667,2.52945168320647e-13,-0.167400236998709,-0.018763531716421,-1.19227996758486e-10,0.167400222043052,,,,,,,,
left,-1.0471975511965979,0.02782499999999999,-1.0193725511965979,1.0750225511965978,-1.04719755077966,0.027824999390160032,1.2856766318236623e-08,-6.098399563114754e-10,-0.120003268283281,-0.0692839213041258,0.13856783952254367,-1.0471975383398315,1.72028746950201e-09,-0.134300206915378,-0.01054361737282,7.1346809924534e-08,1.21349305604035e-09,-0.167400222646905,-1.57025774678094e-14,0.167400237276166,1.58804254432377e-13,-0.167400237835663,-0.0187635317980859,-1.74366852179156e-10,0.167400222749907,,,,,,,,
left,-0.7853981633974483,0.02782499999999999,-0.7575731633974483,0.8132231633974483,-0.7853981631282715,0.027824999514610482,1.2630662959978167e-08,-4.853895063661184e-10,-0.0979822577737288,-0.0979822602488906,0.1385678395657476,-0.7853981507667853,1.72028746950201e-09,-0.134300206915378,-0.0105436173850281,4.51824123446675e-08,1.21349305604035e-09,-0.167400223153453,-9.6535293273278e-15,0.167400237787168,8.505924688056e-14,-0.167400238359558,-0.0187635318487231,-2.1711064618768e-10,0.16740022320216,,,,,,,,
left,-0.5235987755982987,0.02782499999999999,-0.4957737755982987,0.5514237755982987,-0.5235987754471335,0.02782499960920451,1.2120048742403355e-08,-3.90795479310313e-10,-0.069283918350077,-0.120003270088685,0.13856783960904498,-0.52359876347825,1.72028746950201e-09,-0.134300206915378,-0.0105436173919743,2.51831622889384e-08,1.21349304216256e-09,-0.167400223448353,-5.15280012733343e-15,0.167400238083079,3.28695541080619e-14,-0.167400238657813,-0.0187635318771965,-2.47431769860592e-10,0.167400223465954,,,,,,,,
left,-0.2617993877991496,0.02782499999999999,-0.23397438779914959,0.28962438779914956,-0.261799387738048,0.02782499968597102,1.1415026923700111e-08,-3.1402896949472847e-10,-0.035863994410267,-0.133846255412917,0.138567839642247,-0.26179937638412265,1.72028746950201e-09,-0.134300206915378,-0.0105436173950066,1.0640179463155e-08,1.21349304216256e-09,-0.167400223583246,-1.97358252415272e-15,0.167400238217016,2.74877999139556e-15,-0.167400238788151,-0.0187635318893106,-2.65277730968365e-10,0.167400223585656,,,,,,,,
left,0.0,0.02782499999999999,0.02782499999999999,0.02782499999999999,3.936250630998117e-12,0.02782499974500165,1.0591795752236834e-08,-2.549983384170229e-10,1.46768225550111e-09,-0.138567839659404,0.138567839659404,1.0591795752236834e-08,1.72028746950201e-09,-0.134300206915378,-0.0105436173948127,2.20885416050962e-09,1.21349304216256e-09,-0.167400223583369,-2.20250407006193e-16,0.16740023821522,-4.60269440465488e-15,-0.167400238779996,-0.0187635318880836,-2.70569211623438e-10,0.167400223583048,,,,,,,,
left,0.2617993877991496,0.02782499999999999,0.28962438779914956,-0.23397438779914959,0.261799387753469,0.027824999827345,9.766488562323872e-09,-1.7265498752916386e-10,0.0358639972479398,-0.13384625466299,0.1385678396523169,0.26179939756563814,1.72028746950201e-09,-0.134300206915378,-0.0105436173933385,5.07818774542624e-09,1.21349308379592e-09,-0.167400223527519,1.25358833284166e-15,0.167400238157654,1.1527207431345e-14,-0.167400238716773,-0.0187635318816775,-2.63200190874339e-10,0.167400223525395,,,,,,,,
left,0.5235987755982987,0.02782499999999999,0.5514237755982987,-0.4957737755982987,0.52359877548381,0.027824999980236992,9.078518825589299e-09,-1.9762996794625565e-11,0.0692839208954252,-0.120003268622478,0.13856783961194657,0.5235987846768175,1.72028746950201e-09,-0.134300206915378,-0.0105436173932279,1.66244162556299e-08,1.21349304216256e-09,-0.167400223521389,3.73686542372328e-15,0.167400238151904,5.17846277554873e-14,-0.167400238711807,-0.0187635318812533,-2.43030956403947e-10,0.167400223503146,,,,,,,,
left,0.7853981633974478,0.02782499999999999,0.8132231633974478,-0.7575731633974478,0.785398163228038,0.027825000172173986,8.599700729305937e-09,1.7217399728153282e-10,0.0979822598347467,-0.0979822581495106,0.13856783953862148,0.7853981719971486,1.72028746950201e-09,-0.134300206915378,-0.0105436173948436,3.11056349630294e-08,1.21349306991814e-09,-0.167400223572562,6.08179253892127e-15,0.167400238207382,1.16359645334097e-13,-0.167400238780481,-0.0187635318886947,-2.09895518452207e-10,0.167400223523412,,,,,,,,
left,1.0471975511965974,0.02782499999999999,1.0750225511965974,-1.0193725511965974,1.04719755101407,0.027825000376569986,8.390997452423221e-09,3.7656999740676156e-10,0.120003269679485,-0.0692839187104898,0.1385678394348738,1.0471975595875949,1.72028746950201e-09,-0.134300206915378,-0.0105436173984772,7.04805947870745e-08,1.21349305604035e-09,-0.167400223686873,7.32805454160851e-15,0.167400238331456,2.05477034418367e-13,-0.167400238935163,-0.0187635319055305,-1.63601817648512e-10,0.167400223591693,,,,,,,,
left,1.3089969389957474,0.02782499999999999,1.3368219389957474,-1.2811719389957474,1.30899693887979,0.027825000558330037,8.514022153960354e-09,5.583300488609666e-10,0.133846254981485,-0.0358639947108316,0.13856783930330752,1.3089969475097696,1.72028746950201e-09,-0.134300206915378,-0.0105436174046646,1.29567086214052e-07,1.21349304216256e-09,-0.167400223877582,6.18327285629189e-15,0.167400238539621,3.19138799785049e-13,-0.167400239198636,-0.0187635319344399,-1.03928810341554e-10,0.167400223720045,,,,,,,,
left,1.5707963267948966,0.02782499999999999,1.5986213267948965,-1.5429713267948966,1.570796326885645,0.027825000657694998,9.01742791548088e-09,6.576950095649181e-10,0.138567839147475,1.24952549785412e-09,0.138567839147475,1.5707963358123245,1.72028746950201e-09,-0.134300206915378,-0.0105436174137717,2.12133162341363e-07,1.21349304216256e-09,-0.167400224147243,5.59535513964473e-16,0.167400238837433,4.57360808359122e-13,-0.167400239586305,-0.0187635319775843,-3.0629095397146e-11,0.167400223911738,,,,,,,,
left,1.8325957145940457,0.02782499999999999,1.8604207145940457,-1.8047707145940457,1.832595715097805,0.02782500059709503,9.881629736696596e-09,5.970950400779884e-10,0.133846254007484,0.0358639970888151,0.13856783897796224,1.8325957244756754,1.72028746950201e-09,-0.134300206915378,-0.0105436174245427,3.14899938078942e-07,1.21349304216256e-09,-0.167400224435567,-1.2111479199072e-14,0.167400239165994,6.19852149697694e-13,-0.167400240044116,-0.0187635320301779,5.6566953415417e-11,0.167400224116052,,,,,,,,
left,2.0943951023931957,0.02782499999999999,2.1222201023931957,-2.0665701023931957,2.0943951035352653,0.027825000332564853,1.098735635807202e-08,3.3256486453581147e-10,0.120003267800817,0.0692839207264614,0.13856783881588539,2.094395113380552,1.72028746950201e-09,-0.134300206915378,-0.0105436174335604,4.23345572816e-07,1.21349304216256e-09,-0.167400224608738,-3.29256147376657e-14,0.167400239388407,8.06695114432091e-13,-0.167400240425663,-0.018763532077653,1.57953136058468e-10,0.167400224218033,,,,,,,,
left,2.356194490192345,0.02782499999999999,2.384019490192345,-2.328369490192345,2.35619449235908,0.02782499969383001,1.2341967448037394e-08,-3.0616997825916314e-10,0.097982257164412,0.0979822595829997,0.1385678386640396,2.3561945025343123,1.72028746950201e-09,-0.134300206915378,-0.010543617440556,5.41702968801111e-07,1.21349301440699e-09,-0.167400224626455,-6.77373705237315e-14,0.167400239470888,1.01699521831211e-12,-0.167400240718755,-0.0187635321203863,2.73877954511407e-10,0.16740022418617,,,,,,,,
left,2.617993877991494,0.02782499999999999,2.645818877991494,-2.590168877991494,2.617993881776415,0.027824998430555192,1.3809045462664926e-08,-1.569444796345465e-09,0.0692839176126367,0.120003269279482,0.1385678385395345,2.6179938918005394,1.72028746950201e-09,-0.134300206915378,-0.0105436174411813,6.57264333121476e-07,1.21349306991814e-09,-0.167400224284709,-1.24320893015071e-13,0.167400239213161,1.24984716032208e-12,-0.167400240736347,-0.018763532141568,4.0472660908236e-10,0.16740022384929,,,,,,,,
left,2.879793265790643,0.02782499999999999,2.907618265790643,-2.851968265790643,2.879793271746865,0.027824996494814958,1.4914997681358955e-08,-3.505185031116298e-09,0.0358639936458954,0.133846254434075,0.1385678384989243,2.879793280705641,1.72028746950201e-09,-0.134300206915378,-0.0105436174232236,1.00691781601912e-06,1.21349306991814e-09,-0.167400223125995,-2.03033277824392e-13,0.167400238142004,1.50567695399916e-12,-0.167400239955684,-0.0187635320880765,5.50869797444147e-10,0.167400222812942,,,,,,,,
left,3.141592653589793,0.02782499999999999,3.169417653589793,-3.113767653589793,3.141592662663795,0.0278249933415049,1.5105470897017476e-08,-6.658495088629479e-09,-2.09313250484923e-09,0.138567838602557,0.13856783860255703,-3.141592638484322,1.72028746950201e-09,-0.134300206915378,-0.0105436173696023,1.55873848992969e-06,1.21349304216256e-09,-0.167400220427548,-3.19748978579391e-13,0.167400235531478,1.78209110530194e-12,-0.167400237643782,-0.0187635318898583,7.12772726546933e-10,0.167400220464312,,,,,,,,
left,-3.141592653589793,0.05590000000000006,-3.085692653589793,3.1974926535897934,-3.141592649839025,0.055899999757245133,1.973234686758474e-08,-2.427549272709939e-10,-2.81916261640733e-09,0.142870110579971,0.14287011057997104,-3.1415926338574462,1.72028746950201e-09,-0.134300206915378,-0.00952213516072659,1.27034083431005e-06,1.23478238744923e-09,-0.123149530485738,-9.69390851368061e-14,0.123149546043967,1.34033170142521e-12,-0.123149547617506,-0.0143502538998921,6.73634714187348e-10,0.123149529265655,,,,,,,,
left,-2.8797932657906435,0.05590000000000006,-2.8238932657906437,2.9356932657906434,-2.87979326303991,0.05589999998490991,1.839297958383668e-08,-1.5090151350705128e-11,-0.0369775081874731,0.138001929139877,0.14287011079327358,-2.879793247397664,1.72028746950201e-09,-0.134300206915378,-0.00952213512043124,9.84256699342049e-07,1.23478238744923e-09,-0.123149529185324,-6.91456455039541e-14,0.123149544619904,1.13915916777169e-12,-0.123149545871164,-0.0143502536908539,5.30898981934986e-10,0.123149528224292,,,,,,,,
left,-2.6179938779914944,0.05590000000000006,-2.5620938779914946,2.6738938779914943,-2.617993876196885,0.05590000023571484,1.7140509012136818e-08,2.3571478102724086e-10,-0.0714350576328602,0.123729144363992,0.1428701110241594,-2.6179938608509854,1.72028746950201e-09,-0.134300206915378,-0.00952213508242228,7.1730664011566e-07,1.23478240132702e-09,-0.12314952795739,-4.23909470117912e-14,0.123149543275728,9.51015948685469e-13,-0.123149544223863,-0.0143502534937618,4.01070396368986e-10,0.123149527236184,,,,,,,,
left,-2.356194490192345,0.05590000000000006,-2.3002944901923446,2.412094490192345,-2.3561944891283098,0.055900000356660096,1.6140542236087185e-08,3.5666003483925124e-10,-0.101024426119054,0.101024422857876,0.14287011124252386,-2.3561944740518026,1.72028746950201e-09,-0.134300206915378,-0.00952213505181891,4.98317490287133e-07,1.23478238744923e-09,-0.12314952696693,-2.24728307993701e-14,0.123149542192054,7.76155390728203e-13,-0.123149542897499,-0.0143502533351388,2.84010954663743e-10,0.123149526447348,,,,,,,,
left,-2.0943951023931957,0.05590000000000006,-2.0384951023931954,2.150295102393196,-2.09439510171794,0.05590000027292996,1.560852158632997e-08,2.7292990090188596e-10,-0.123729147038754,0.0714350537744554,0.14287011141136882,-2.094395086784674,1.72028746950201e-09,-0.134300206915378,-0.00952213503548258,3.61875957122437e-07,1.23478237357144e-09,-0.123149526458343,-1.25122333362688e-14,0.123149541628158,6.15414195446791e-13,-0.123149542190065,-0.0143502532493042,1.79636243505045e-10,0.123149526070131,,,,,,,,
left,-1.832595714594046,0.05590000000000006,-1.7766957145940458,1.888495714594046,-1.832595714232245,0.055900000178285,1.5048303714237932e-08,1.7828494236482584e-10,-0.138001931138706,0.0369775037767567,0.14287011158241675,-1.8325956995457422,1.72028746950201e-09,-0.134300206915378,-0.00952213502159276,2.4583538965518e-07,1.23478240132702e-09,-0.123149526023216,-4.64441092344193e-15,0.123149541146701,4.70164301997591e-13,-0.123149541588509,-0.0143502531764638,8.78157066253551e-11,0.123149525748409,,,,,,,,
left,-1.5707963267948966,0.05590000000000006,-1.5148963267948965,1.6266963267948966,-1.57079632663847,0.05590000004479001,1.4479735410688477e-08,4.4789949527057615e-11,-0.14287011174338,-2.06872142220955e-09,0.14287011174338002,-1.5707963123151611,1.72028746950201e-09,-0.134300206915378,-0.00952213501114369,1.55595693328733e-07,1.23478235969365e-09,-0.123149525694193,2.73037379406264e-17,0.123149540783203,3.43159779106036e-13,-0.123149541135945,-0.0143502531217376,8.50176249274183e-12,0.123149525511143,,,,,,,,
left,-1.3089969389957472,0.05590000000000006,-1.2530969389957471,1.3648969389957473,-1.308996938939305,0.05589999988358496,1.394206550209276e-08,-1.1641509978232989e-10,-0.138001930354941,-0.0369775078547137,0.1428701118808108,-1.3089969250536817,1.72028746950201e-09,-0.134300206915378,-0.00952213500555572,9.73581616033442e-08,1.23478238744923e-09,-0.123149525526865,1.78040365528348e-15,0.123149540595028,2.33777620106892e-13,-0.123149540894183,-0.0143502530919639,-5.83346779508388e-11,0.123149525406025,,,,,,,,
left,-1.0471975511965979,0.05590000000000006,-0.9912975511965978,1.103097551196598,-1.0471975511922376,0.05589999973332255,1.3329477077661522e-08,-2.666775134052557e-10,-0.123729145482254,-0.0714350576497748,0.14287011200105998,-1.0471975378671208,1.72028746950201e-09,-0.134300206915378,-0.00952213500192107,5.59869631759104e-08,1.23478238744923e-09,-0.123149525419406,2.28376396412877e-15,0.123149540473589,1.43855625719175e-13,-0.123149540736983,-0.0143502530725051,-1.12723196089347e-10,0.123149525344636,,,,,,,,
left,-0.7853981633974483,0.05590000000000006,-0.7294981633974482,0.8412981633974483,-0.7853981634128104,0.05589999960560249,1.2640047120093811e-08,-3.943975701581337e-10,-0.101024423817664,-0.101024426371571,0.14287011209975292,-0.7853981507574012,1.72028746950201e-09,-0.134300206915378,-0.00952213499970616,2.84619186257422e-08,1.23478238744923e-09,-0.123149525354133,1.9833189506006e-15,0.123149540399699,7.45501941624815e-14,-0.123149540641205,-0.0143502530606223,-1.54657959900615e-10,0.123149525311593,,,,,,,,
left,-0.5235987755982987,0.05590000000000006,-0.46769877559829864,0.5794987755982988,-0.5235987756156499,0.05589999951007402,1.1878679595511699e-08,-4.899260441781905e-10,-0.0714350546173543,-0.123729147432932,0.14287011217418644,-0.5235987637196191,1.72028746950201e-09,-0.134300206915378,-0.0095221349982103,1.10474879944738e-08,1.23478240132702e-09,-0.123149525306719,1.33762635923701e-15,0.123149540347344,2.62766297108794e-14,-0.123149540576434,-0.0143502530527767,-1.84110154754143e-10,0.123149525285832,,,,,,,,
left,-0.2617993877991496,0.05590000000000006,-0.2058993877991495,0.31769938779914964,-0.261799387808799,0.05589999945107001,1.1068085781218429e-08,-5.489300541894337e-10,-0.0369775044915991,-0.138001931609423,0.14287011222210927,-0.2617993767310638,1.72028746950201e-09,-0.134300206915378,-0.00952213499691388,3.28857999314338e-09,1.23478240132702e-09,-0.123149525258602,5.32543264704087e-16,0.12314954029685,6.34993260636095e-17,-0.123149540520101,-0.0143502530463717,-2.01026694661555e-10,0.123149525251353,,,,,,,,
left,0.0,0.05590000000000006,0.05590000000000006,0.05590000000000006,1.6663476154477053e-12,0.05589999943317335,1.0249248515894859e-08,-5.668267105685132e-10,1.46431128585832e-09,-0.142870112241636,0.142870112241636,1.0249248515894859e-08,1.72028746950201e-09,-0.134300206915378,-0.00952213499561098,3.92603714140488e-09,1.23478237357144e-09,-0.123149525202972,-2.41119043769558e-16,0.123149540240823,-3.40931878127865e-15,-0.12314954046328,-0.0143502530403498,-2.05327420527231e-10,0.123149525202226,,,,,,,,
left,0.2617993877991496,0.05590000000000006,0.31769938779914964,-0.2058993877991495,0.261799387810026,0.05589999945626099,9.443703596900832e-09,-5.437390676599207e-10,0.0369775073257819,-0.138001930864071,0.142870112235695,0.26179939724285317,1.72028746950201e-09,-0.134300206915378,-0.009522134993402,6.60595389174763e-09,1.23478238744923e-09,-0.12314952510608,-8.88074513316838e-16,0.123149540144009,1.64547810942811e-14,-0.123149540366856,-0.0143502530303013,-1.96905987029337e-10,0.123149525109431,,,,,,,,
left,0.5235987755982987,0.05590000000000006,0.5794987755982988,-0.46769877559829864,0.523598775605479,0.055899999518535026,8.64092741803546e-09,-4.814650345075222e-10,0.0714350571756679,-0.123729146000784,0.14287011221306667,0.5235987842392261,1.72028746950201e-09,-0.134300206915378,-0.00952213498850287,1.25866549943187e-08,1.2347824152048e-09,-0.123149524901037,-1.23840038937308e-15,0.123149539936519,6.01893742828301e-14,-0.123149540153265,-0.0143502530074793,-1.75623442315403e-10,0.123149524915649,,,,,,,,
left,0.7853981633974478,0.05590000000000006,0.8412981633974479,-0.7294981633974478,0.7853981633713785,0.05589999963932052,7.899778164954796e-09,-3.606795417887554e-10,0.101024425946284,-0.101024424350143,0.1428701121755491,0.785398171297226,1.72028746950201e-09,-0.134300206915378,-0.0095221349813156,2.61530046061759e-08,1.23478244296038e-09,-0.123149524606485,-6.75509363681013e-16,0.12314953963674,1.28296254240639e-13,-0.123149539840075,-0.0143502529736648,-1.41312734099236e-10,0.123149524636473,,,,,,,,
left,1.0471975511965974,0.05590000000000006,1.1030975511965975,-0.9912975511965973,1.0471975510965175,0.055899999832172476,7.271069524250606e-09,-1.678275851624278e-10,0.123729147062775,-0.0714350551637717,0.14287011212682976,1.047197558467667,1.72028746950201e-09,-0.134300206915378,-0.00952213497216342,4.39310967158733e-08,1.23478238744923e-09,-0.123149524236978,1.21520617371912e-15,0.123149539259133,2.21118665903383e-13,-0.123149539441399,-0.0143502529303139,-9.37809880524936e-11,0.123149524284076,,,,,,,,
left,1.3089969389957474,0.05590000000000006,1.3648969389957475,-1.2530969389957474,1.30899693876384,0.05590000011606,6.7919156965245975e-09,1.160599394367523e-10,0.138001931306765,-0.0369775050429905,0.14287011207247466,1.3089969457876631,1.72028746950201e-09,-0.134300206915378,-0.00952213496130349,6.53230913500662e-08,1.23478238744923e-09,-0.123149523805603,5.05875838161097e-15,0.123149538816317,3.39088139917661e-13,-0.123149538968502,-0.0143502528785048,-3.28063798189712e-11,0.123149523869253,,,,,,,,
left,1.5707963267948966,0.05590000000000006,1.6266963267948966,-1.5148963267948965,1.570796326353475,0.055900000515805015,6.501124083513332e-09,5.158049543041443e-10,0.142870112017375,9.28816316947094e-10,0.142870112017375,1.5707963332960206,1.72028746950201e-09,-0.134300206915378,-0.00952213494941781,8.78701790092478e-08,1.23478235969365e-09,-0.123149523342363,1.15884200971715e-14,0.123149538338283,4.82482948467575e-13,-0.123149538451147,-0.0143502528213457,4.1858107554628e-11,0.123149523417166,,,,,,,,
left,1.8325957145940457,0.05590000000000006,1.8884957145940457,-1.7766957145940456,1.83259571385168,0.05590000105281001,6.438218180804256e-09,1.0528099503304134e-09,0.138001930713941,0.0369775068410132,0.14287011196521318,1.8325957210322639,1.72028746950201e-09,-0.134300206915378,-0.00952213493755579,1.15012645076332e-07,1.23478240132702e-09,-0.123149522890296,2.14529531399797e-14,0.123149537868869,6.51406513479494e-13,-0.123149537935049,-0.0143502527637866,1.30486302388053e-10,0.123149522964213,,,,,,,,
left,2.0943951023931957,0.05590000000000006,2.150295102393196,-2.0384951023931954,2.0943951012646753,0.05590000173126497,6.643738448275371e-09,1.7312649092104948e-09,0.123729145887873,0.0714350567809981,0.142870111917948,2.094395109036934,1.72028746950201e-09,-0.134300206915378,-0.00952213492702744,1.80544604896133e-07,1.2347824152048e-09,-0.12314952249866,3.45247174485666e-14,0.123149537459501,8.46056040002634e-13,-0.123149537477165,-0.014350252712243,2.33372642462982e-10,0.123149522552352,,,,,,,,
left,2.356194490192345,0.05590000000000006,2.412094490192345,-2.3002944901923446,2.3561944885998596,0.05590000255451,7.148321046202e-09,2.5545099369139734e-09,0.101024424214612,0.101024425658922,0.1428701118765186,2.356194497340666,1.72028746950201e-09,-0.134300206915378,-0.00952213491925393,2.60111849787913e-07,1.23478240132702e-09,-0.12314952222086,5.06621826458663e-14,0.123149537165941,1.06681275648218e-12,-0.123149537139286,-0.0143502526736772,3.50856991013685e-10,0.12314952222719,,,,,,,,
left,2.617993877991494,0.05590000000000006,2.6738938779914943,-2.5620938779914937,2.61799387574401,0.05590000365272996,7.98755461772771e-09,3.6527298963306976e-09,0.0714350549308024,0.123729146863989,0.1428701118381914,2.6179938859790486,1.72028746950201e-09,-0.134300206915378,-0.00952213491722204,3.73225639427865e-07,1.23478238744923e-09,-0.123149522193833,7.43623524448217e-14,0.12314953712362,1.3139421969895e-12,-0.123149537051888,-0.0143502526614065,4.83328281428377e-10,0.123149522103971,,,,,,,,
left,2.879793265790643,0.05590000000000006,2.9356932657906434,-2.823893265790643,2.879793262840135,0.05590000490646507,9.257029365272729e-09,4.906465012055605e-09,0.0369775046300041,0.13800193112624,0.14287011179121217,2.8797932750476725,1.72028746950201e-09,-0.134300206915378,-0.00952213492377736,4.96322005140707e-07,1.23478237357144e-09,-0.123149522500397,1.00478980023575e-13,0.123149537426379,1.58659827036196e-12,-0.12314953733809,-0.0143502526906514,6.31171604209983e-10,0.123149522255753,,,,,,,,
left,3.141592653589793,0.05590000000000006,3.1974926535897934,-3.085692653589793,3.1415926497878752,0.0559000064604549,1.1117573773381244e-08,6.460454837764473e-09,-1.5883690104854e-09,0.142870111712168,0.142870111712168,-3.1415926424722196,1.72028746950201e-09,-0.134300206915378,-0.00952213494601358,6.47410018645982e-07,1.23478238744923e-09,-0.123149523433899,1.33982491117451e-13,0.123149538372323,1.88586370937204e-12,-0.123149538306982,-0.014350252794735,7.94818728170289e-10,0.123149522931828,,,,,,,,
left,-3.141592653589793,0.08397500000000008,-3.057617653589793,3.2255676535897932,-3.14159265594147,0.08397500378914002,8.321891176166218e-09,3.789139946253073e-09,-1.22464845733524e-09,0.147159871782693,0.147159871782693,-3.141592645267902,1.72028746950201e-09,-0.134300206915378,-0.00850421417218853,4.09538161288196e-07,1.25599747269334e-09,-0.0783444212938327,7.73797961374584e-14,0.0783444365651505,1.30238243197494e-12,-0.078344436058405,-0.00946941012683156,7.37340984090513e-10,0.0783444213491536,,,,,,,,
left,-2.8797932657906435,0.08397500000000008,-2.7958182657906434,2.9637682657906437,-2.87979326756401,0.08397500281507009,9.417747914852725e-09,2.815070010431242e-09,-0.0380877788066326,0.142145520299035,0.1471598716889436,-2.8797932563728956,1.72028746950201e-09,-0.134300206915378,-0.00850421419355078,3.11031536285351e-07,1.25599748657113e-09,-0.0783444221071545,5.86670654298028e-14,0.0783444374187469,1.10128702535831e-12,-0.0783444370033026,-0.00946941024197019,5.94912331961446e-10,0.0783444221611926,,,,,,,,
left,-2.6179938779914944,0.08397500000000008,-2.5340188779914943,2.7019688779914945,-2.617993879341315,0.08397500202287489,1.038053598634292e-08,2.02287481210206e-09,-0.0735799371425192,0.127444186493371,0.14715987163916053,-2.6179938676109584,1.72028746950201e-09,-0.134300206915378,-0.00850421421235383,2.38045221335343e-07,1.25599752820449e-09,-0.0783444228411507,4.48241075496622e-14,0.0783444381828219,9.13597794426885e-13,-0.0783444378354716,-0.00946941034230469,4.65502786822997e-10,0.0783444228925548,,,,,,,,
left,-2.356194490192345,0.08397500000000008,-2.2722194901923447,2.440169490192345,-2.35619449113741,0.08397500129395996,1.1230264718165017e-08,1.293959883685858e-09,-0.104057744312171,0.104057741974979,0.1471598716235797,-2.35619447896208,1.72028746950201e-09,-0.134300206915378,-0.00850421422923416,1.68397121467513e-07,1.25599748657113e-09,-0.0783444234943364,3.16364376938927e-14,0.0783444388647243,7.40049619768363e-13,-0.0783444385823999,-0.00946941043270394,3.48917715740236e-10,0.0783444235434905,,,,,,,,
left,-2.0943951023931957,0.08397500000000008,-2.0104201023931956,2.178370102393196,-2.0943951030448797,0.08397500070918995,1.188520526440584e-08,7.091898734934432e-10,-0.127444188133494,0.0735799343059257,0.14715987164125197,-2.0943950905079904,1.72028746950201e-09,-0.134300206915378,-0.00850421424397857,1.17206090861981e-07,1.25599747269334e-09,-0.0783444240765922,2.19932500974163e-14,0.0783444394686081,5.82502490997896e-13,-0.078344439235125,-0.00946941051102075,2.4504718303495e-10,0.078344424121625,,,,,,,,
left,-1.832595714594046,0.08397500000000008,-1.7486207145940458,1.916570714594046,-1.8325957150172099,0.08397500022625992,1.2335838572852253e-08,2.2625984419377687e-10,-0.14214552112247,0.0380877757130882,0.14715987168365252,-1.8325957022582073,1.72028746950201e-09,-0.134300206915378,-0.00850421425682735,7.68719010132858e-08,1.25599750044891e-09,-0.0783444245885792,1.44646927715003e-14,0.0783444399981027,4.41080137772216e-13,-0.0783444398040546,-0.00946941057902319,1.53806690255863e-10,0.0783444246284077,,,,,,,,
left,-1.5707963267948966,0.08397500000000008,-1.4868213267948964,1.6547713267948967,-1.57079632705101,0.08397499984136003,1.2563763585049514e-08,-1.5864004554444477e-10,-0.147159871743403,-1.84888185951464e-09,0.147159871743403,-1.570796314231133,1.72028746950201e-09,-0.134300206915378,-0.00850421426782331,5.17931713437505e-08,1.25599750044891e-09,-0.0783444250314944,8.89680175555835e-15,0.0783444404546143,3.18049504614465e-13,-0.0783444402910729,-0.00946941063696602,7.5126086525296e-11,0.0783444250651036,,,,,,,,
left,-1.3089969389957472,0.08397500000000008,-1.225021938995747,1.3929719389957473,-1.3089969391342051,0.08397499954284504,1.2568151630532043e-08,-4.5715503604881746e-10,-0.142145520298028,-0.0380877792863302,0.14715987181212578,-1.3089969264275956,1.72028746950201e-09,-0.134300206915378,-0.00850421427706038,3.79016770400551e-08,1.25599750044891e-09,-0.0783444254068812,4.96472264850097e-15,0.0783444408404653,2.13013153788238e-13,-0.0783444407002801,-0.00946941068546863,8.97310347769216e-12,0.0783444254334265,,,,,,,,
left,-1.0471975511965979,0.08397500000000008,-0.9632225511965977,1.131172551196598,-1.0471975512625824,0.08397499932544744,1.2353167599954418e-08,-6.745526359708265e-10,-0.127444186558949,-0.0735799375155813,0.1471598718824838,-1.0471975388434303,1.72028746950201e-09,-0.134300206915378,-0.00850421428444227,2.72140934172278e-08,1.25599750044891e-09,-0.0783444257102794,2.46282622162899e-15,0.0783444411512358,1.27855324605161e-13,-0.078344441027395,-0.00946941072404936,-4.46689011700982e-11,0.0783444257298132,,,,,,,,
left,-0.7853981633974483,0.08397500000000008,-0.7014231633974481,0.8693731633974484,-0.7853981634183445,0.0839749991726485,1.1945949007774459e-08,-8.273515761381134e-10,-0.104057742128922,-0.104057744615059,0.147159871946608,-0.7853981514514993,1.72028746950201e-09,-0.134300206915378,-0.00850421429002391,1.88107184478143e-08,1.25599748657113e-09,-0.0783444259404998,8.50067953861232e-16,0.0783444413868074,6.30717775122173e-14,-0.0783444412747597,-0.00946941075318486,-8.57984072562138e-11,0.0783444259536133,,,,,,,,
left,-0.5235987755982987,0.08397500000000008,-0.4396237755982986,0.6075737755982988,-0.523598775595689,0.08397499907856401,1.13795490808144e-08,-9.214360663367671e-10,-0.0735799345488605,-0.127444188405445,0.14715987199823582,-0.5235987642187496,1.72028746950201e-09,-0.134300206915378,-0.00850421429380317,1.2540018900418e-08,1.25599748657113e-09,-0.0783444260964309,-8.32247593498314e-17,0.0783444415463659,1.93570582447411e-14,-0.0783444414422528,-0.00946941077291872,-1.14385275899407e-10,0.0783444261040771,,,,,,,,
left,-0.2617993877991496,0.08397500000000008,-0.1778243877991495,0.34577438779914965,-0.26179938778815803,0.083974999037255,1.0699138797143348e-08,-9.627450781035662e-10,-0.0380877760359593,-0.142145521396843,0.14715987203224168,-0.2617993771000108,1.72028746950201e-09,-0.134300206915378,-0.00850421429584078,7.90761163895823e-09,1.25599750044891e-09,-0.0783444261792753,-5.18456115746506e-16,0.0783444416315586,-2.39990752602217e-15,-0.0783444415325313,-0.009469410783641,-1.30376077432674e-10,0.0783444261823951,,,,,,,,
left,0.0,0.08397500000000008,0.08397500000000008,0.08397500000000008,7.517500510978437e-12,0.0839749990454735,9.953679121114973e-09,-9.545265827748395e-10,1.4647821458462e-09,-0.147159872045596,0.147159872045596,9.953679121114973e-09,1.72028746950201e-09,-0.134300206915378,-0.00850421429613429,7.27819461246301e-09,1.2559975143267e-09,-0.078344426188347,-5.90630227733716e-16,0.0783444416418685,-1.6010157868496e-15,-0.0783444415454723,-0.0094694107853705,-1.33690018612012e-10,0.0783444261880797,,,,,,,,
left,0.2617993877991496,0.08397500000000008,0.34577438779914965,-0.1778243877991495,0.26179938779739853,0.08397499909842951,9.199721928698779e-09,-9.01570568201393e-10,0.0380877788656723,-0.14214552064334,0.14715987203679728,0.2617993969988715,1.72028746950201e-09,-0.134300206915378,-0.00850421429475903,6.87576177849304e-09,1.25599747269334e-09,-0.0783444261253921,-4.79659183989975e-16,0.0783444415795217,2.23614788849326e-14,-0.0783444414843788,-0.00946941077857859,-1.24220029387736e-10,0.0783444261226401,,,,,,,,
left,0.5235987755982987,0.08397500000000008,0.6075737755982988,-0.4396237755982986,0.5235987756023185,0.08397499917864748,8.508687754371635e-09,-8.213525970468538e-10,0.073579937086626,-0.127444186947483,0.14715987200448646,0.5235987841069865,1.72028746950201e-09,-0.134300206915378,-0.00850421429212474,8.55288443924625e-09,1.2559975143267e-09,-0.0783444260026251,-8.28268928817306e-16,0.0783444414585386,6.99363329114901e-14,-0.0783444413672934,-0.00946941076567659,-1.01827733627849e-10,0.0783444259969198,,,,,,,,
left,0.7853981633974478,0.08397500000000008,0.869373163397448,-0.7014231633974477,0.78539816342346,0.08397499928285801,7.917345001828835e-09,-7.171420679519258e-10,0.104057744200407,-0.104057742552685,0.14715987195305047,0.7853981713147928,1.72028746950201e-09,-0.134300206915378,-0.00850421428787816,1.2423135060259e-08,1.25599752820449e-09,-0.0783444258059413,-1.71126403804035e-15,0.0783444412643054,1.41507307497831e-13,-0.0783444411785648,-0.00946941074477911,-6.63457318055029e-11,0.078344425798958,,,,,,,,
left,1.0471975511965974,0.08397500000000008,1.1311725511965975,-0.9632225511965973,1.047197551260361,0.08397499941039899,7.459729944869764e-09,-5.896010901729198e-10,0.127444188021659,-0.0735799349933592,0.14715987188811674,1.0471975586563274,1.72028746950201e-09,-0.134300206915378,-0.00850421428179544,1.88118225774135e-08,1.25599748657113e-09,-0.0783444255265885,-3.1261080731664e-15,0.0783444409876946,2.37484907318112e-13,-0.0783444409082814,-0.00946941071468173,-1.7580776170521e-11,0.0783444255212566,,,,,,,,
left,1.3089969389957474,0.08397500000000008,1.3929719389957476,-1.2250219389957473,1.30899693911529,0.08397499955786003,7.159725479155554e-09,-4.4214004679687946e-10,0.142145521053968,-0.0380877764833197,0.14715987181683524,1.308996946155473,1.72028746950201e-09,-0.134300206915378,-0.00850421427360866,2.79161986173088e-08,1.25599748657113e-09,-0.0783444251535543,-5.17558609370945e-15,0.0783444406174027,3.58056662589192e-13,-0.0783444405445653,-0.00946941067397215,4.4688947642327e-11,0.07834442515443,,,,,,,,
left,1.5707963267948966,0.08397500000000008,1.6547713267948967,-1.4868213267948964,1.57079632698564,0.08397499972614009,7.0248311612175485e-09,-2.738599902407657e-10,0.147159871747933,1.03377323562903e-09,0.147159871747933,1.5707963338197277,1.72028746950201e-09,-0.134300206915378,-0.00850421426294783,3.93183362253817e-08,1.25599750044891e-09,-0.0783444246726861,-7.8288581524496e-15,0.0783444401385656,5.03513177734837e-13,-0.0783444400710431,-0.00946941062064343,1.20709397157193e-10,0.0783444246862655,,,,,,,,
left,1.8325957145940457,0.08397500000000008,1.9165707145940458,-1.7486207145940456,1.8325957148738499,0.08397499991038992,7.046654815212605e-09,-8.961015263153627e-11,0.142145520391342,0.0380877784701274,0.14715987169101136,1.8325957216407005,1.72028746950201e-09,-0.134300206915378,-0.00850421424932199,5.34340288985099e-08,1.25599747269334e-09,-0.0783444240641544,-1.11800225428973e-14,0.0783444395307157,6.73999936339513e-13,-0.0783444394659565,-0.00946941055208785,2.10757799523689e-10,0.0783444240998703,,,,,,,,
left,2.0943951023931957,0.08397500000000008,2.178370102393196,-2.0104201023931956,2.09439510275362,0.08397500013873005,7.217639375056706e-09,1.38729971954632e-10,0.127444186738847,0.0735799367467879,0.14715987165388333,2.094395109610835,1.72028746950201e-09,-0.134300206915378,-0.00850421423287641,6.59306705561858e-08,1.25599745881555e-09,-0.0783444233382758,-1.43559201513592e-14,0.0783444388030613,8.69950869932053e-13,-0.0783444387358638,-0.00946941046884015,3.15125036386368e-10,0.0783444234030267,,,,,,,,
left,2.356194490192345,0.08397500000000008,2.440169490192345,-2.2722194901923447,2.3561944906387904,0.08397500039190997,7.488121234189293e-09,3.919098934268561e-10,0.104057742381279,0.104057743939673,0.14715987164748134,2.356194497680466,1.72028746950201e-09,-0.134300206915378,-0.00850421421259555,7.91162976485561e-08,1.25599750044891e-09,-0.0783444224525186,-1.79318304108655e-14,0.0783444379121937,1.09118936489512e-12,-0.0783444378357226,-0.00946941036558762,4.34153144406912e-10,0.0783444225598593,,,,,,,,
left,2.617993877991494,0.08397500000000008,2.701968877991494,-2.534018877991494,2.61799387850786,0.08397500069000019,7.815637914632134e-09,6.900001126020072e-10,0.073579934843526,0.127444187866891,0.14715987167916714,2.617993885807132,1.72028746950201e-09,-0.134300206915378,-0.00850421418833434,8.94724842343375e-08,1.25599748657113e-09,-0.0783444214051326,-2.11636692402117e-14,0.0783444368549694,1.33779221215569e-12,-0.0783444367592123,-0.00946941024133774,5.68223781959076e-10,0.0783444215683281,,,,,,,,
left,2.879793265790643,0.08397500000000008,2.9637682657906432,-2.795818265790643,2.87979326634806,0.08397500103771005,8.11289790902947e-09,1.0377099735059403e-09,0.0380877763329498,0.142145521034736,0.14715987175933995,2.879793273903541,1.72028746950201e-09,-0.134300206915378,-0.00850421415882237,1.26841613206202e-07,1.25599748657113e-09,-0.0783444201485322,-2.37827055711806e-14,0.0783444355810557,1.61029727869926e-12,-0.0783444354501337,-0.00946941008913958,7.17726749702111e-10,0.0783444203876717,,,,,,,,
left,3.141592653589793,0.08397500000000008,3.2255676535897932,-3.057617653589793,3.1415926541162698,0.08397500148114001,8.334934765278084e-09,1.4811399329239805e-09,-1.2265679358003e-09,0.147159871890585,0.147159871890585,-3.1415926452548586,1.72028746950201e-09,-0.134300206915378,-0.0085042141244598,1.96698044665085e-07,1.25599747269334e-09,-0.0783444187061365,-2.44164928084266e-14,0.0783444341122744,1.90859964146287e-12,-0.0783444339264164,-0.00946940991073099,8.83078931305916e-10,0.0783444190363624,,,,,,,,
left,-3.141592653589793,0.11205000000000004,-3.029542653589793,3.253642653589793,-3.141592652843945,0.11205000083986505,9.379889309713008e-09,8.39865010870966e-10,-1.42038340000132e-09,0.15142858389248,0.15142858389248,-3.141592644209904,1.72028746950201e-09,-0.134300206915378,-0.00749275554568204,9.41605862859989e-08,1.27707792951792e-09,-0.0330217477328619,-2.1849841508581e-14,0.0330217636190756,1.23439684634924e-12,-0.0330217632484567,-0.00413131226265747,8.07189120155271e-10,0.0330217478815808,,,,,,,,
left,-2.8797932657906435,0.11205000000000004,-2.7677432657906436,2.9918432657906435,-2.8797932651869846,0.11205000047201508,1.020806905671634e-08,4.720150381665178e-10,-0.0391926029571809,0.146268779544586,0.15142858381435761,-2.8797932555825745,1.72028746950201e-09,-0.134300206915378,-0.00749275556844319,7.61414984917393e-08,1.27707791564013e-09,-0.0330217487668751,-1.73028404261871e-14,0.033021764652514,1.04110896354026e-12,-0.0330217642785672,-0.00413131238850304,6.6511263996376e-10,0.0330217488823751,,,,,,,,
left,-2.6179938779914944,0.11205000000000004,-2.5059438779914944,2.7300438779914944,-2.6179938775081704,0.11205000013406008,1.097293100826846e-08,1.340600408461512e-10,-0.0757142933263566,0.131140999577192,0.1514285837747109,-2.6179938670185634,1.72028746950201e-09,-0.134300206915378,-0.00749275558868526,6.12527958565023e-08,1.27707791564013e-09,-0.0330217496858095,-1.36679054830177e-14,0.0330217655711177,8.6113784221103e-13,-0.0330217651946431,-0.00413131250044142,5.36078525535324e-10,0.0330217497729474,,,,,,,,
left,-2.356194490192345,0.11205000000000004,-2.244144490192345,2.468244490192345,-2.3561944898124647,0.11204999982879493,1.1628281892939185e-08,-1.7120510564794245e-10,-0.10707617969445,0.107076177204226,0.15142858377013554,-2.356194478564063,1.72028746950201e-09,-0.134300206915378,-0.00749275560655264,4.87151625131134e-08,1.27707792951792e-09,-0.0330217504967984,-1.05383321343611e-14,0.0330217663818391,6.94883580902606e-13,-0.0330217660032389,-0.0041313125992442,4.19945993314117e-10,0.0330217505597588,,,,,,,,
left,-2.0943951023931957,0.11205000000000004,-1.9823451023931957,2.2064451023931957,-2.094395102091665,0.11204999954472494,1.2125599635481876e-08,-4.552750954012197e-10,-0.131141001345196,0.0757142903082283,0.15142858379678312,-2.094395090267596,1.72028746950201e-09,-0.134300206915378,-0.00749275562179275,3.98255583538916e-08,1.27707794339571e-09,-0.033021751188589,-8.24709363585633e-15,0.033021767073303,5.43554184137146e-13,-0.0330217666929054,-0.00413131268347116,3.16598609994396e-10,0.0330217512340357,,,,,,,,
left,-1.832595714594046,0.11205000000000004,-1.720545714594046,1.944645714594046,-1.8325957143586251,0.1120499992964551,1.244503589070689e-08,-7.035449445247366e-10,-0.146268780463998,0.0391925996522001,0.1514285838470494,-1.83259570214901,1.72028746950201e-09,-0.134300206915378,-0.00749275563485257,3.25549398611285e-08,1.27707791564013e-09,-0.0330217517814651,-6.348167910589e-15,0.0330217676658635,4.08435006075975e-13,-0.0330217672839014,-0.00413131275563604,2.25932606868869e-10,0.0330217518125548,,,,,,,,
left,-1.5707963267948966,0.11205000000000004,-1.4587463267948966,1.6828463267948965,-1.5707963266165699,0.11204999908593993,1.2567545892849807e-08,-9.140601053836406e-10,-0.151428583913574,-1.90308569590159e-09,0.151428583913574,-1.5707963142273507,1.72028746950201e-09,-0.134300206915378,-0.00749275564581719,2.63979603983723e-08,1.27707794339571e-09,-0.0330217522796758,-4.70695342186087e-15,0.033021768163649,2.91255756477143e-13,-0.0330217677800896,-0.00413131281619066,1.47882524714061e-10,0.0330217522991447,,,,,,,,
left,-1.3089969389957472,0.11205000000000004,-1.1969469389957472,1.4210469389957472,-1.308996938864745,0.11204999891103495,1.248540759668515e-08,-1.0889650847722976e-09,-0.146268779623737,-0.0391926033354086,0.15142858398870412,-1.3089969265103396,1.72028746950201e-09,-0.134300206915378,-0.00749275565469082,2.14760896955769e-08,1.27707790176235e-09,-0.0330217526834889,-3.48232547819868e-15,0.0330217685668938,1.92149550495586e-13,-0.0330217681816599,-0.00413131286515001,8.24124704104608e-11,0.0330217526943649,,,,,,,,
left,-1.0471975511965979,0.11205000000000004,-0.9351475511965979,1.1592475511965978,-1.047197551102212,0.11204999876986799,1.2205684019050977e-08,-1.230132051777133e-09,-0.131140999734925,-0.0757142936329764,0.1514285840646216,-1.0471975389909138,1.72028746950201e-09,-0.134300206915378,-0.00749275566151504,1.79446146587357e-08,1.27707792951792e-09,-0.0330217529945896,-2.57158821421625e-15,0.0330217688773477,1.12096505675713e-13,-0.0330217684904883,-0.00413131290275426,2.95116424699044e-11,0.0330217529999232,,,,,,,,
left,-0.7853981633974483,0.11205000000000004,-0.6733481633974483,0.8974481633974483,-0.785398163331937,0.11204999866563603,1.17514139530428e-08,-1.3343640081764363e-09,-0.107076177448113,-0.107076179964706,0.15142858413368954,-0.7853981516460343,1.72028746950201e-09,-0.134300206915378,-0.00749275566643878,1.53402351334033e-08,1.27707792951792e-09,-0.0330217532195599,-1.91488630697747e-15,0.0330217691016707,5.21643129165761e-14,-0.0330217687133199,-0.00413131292984962,-1.08168657875328e-11,0.033021753221387,,,,,,,,
left,-0.5235987755982987,0.11205000000000004,-0.41154877559829867,0.6356487755982987,-0.5235987755555355,0.11204999859988948,1.1155496082437821e-08,-1.400110555271894e-09,-0.0757142906317995,-0.131141001611835,0.1514285841894849,-0.5235987644428026,1.72028746950201e-09,-0.134300206915378,-0.00749275566955177,1.3411989913534e-08,1.27707791564013e-09,-0.0330217533623635,-1.42641630360794e-15,0.0330217692438716,1.31452176723006e-14,-0.033021768854214,-0.0041313129469441,-3.85432510808872e-11,0.0330217533621586,,,,,,,,
left,-0.2617993877991496,0.11205000000000004,-0.14974938779914954,0.3738493877991496,-0.2617993877744375,0.11204999857396548,1.0459448251953773e-08,-1.4260345543304354e-09,-0.0391926000409968,-0.146268780753289,0.15142858422711106,-0.2617993773397013,1.72028746950201e-09,-0.134300206915378,-0.00749275567091601,1.19361816155862e-08,1.27707788788456e-09,-0.0330217534258055,-1.08815838505078e-15,0.033021769306767,-4.15527942660938e-15,-0.033021768915982,-0.00413131295438597,-5.36131671013714e-11,0.0330217534246425,,,,,,,,
left,0.0,0.11205000000000004,0.11205000000000004,0.11205000000000004,1.0636998226676297e-11,0.112049998588554,9.711139230652694e-09,-1.4114460433756193e-09,1.47054406508889e-09,-0.151428584243463,0.151428584243463,9.711139230652694e-09,1.72028746950201e-09,-0.134300206915378,-0.00749275567057598,1.08005906407013e-08,1.27707791564013e-09,-0.0330217534118377,-8.65701473190653e-16,0.0330217692923346,8.91865950339578e-16,-0.0330217689006352,-0.00413131295242786,-5.59452061965229e-11,0.0330217534105175,,,,,,,,
left,0.2617993877991496,0.11205000000000004,0.3738493877991496,-0.14974938779914954,0.2617993877987965,0.11204999864511551,8.961510200578005e-09,-1.3548845240185514e-09,0.0391926028843701,-0.146268780002183,0.15142858423751754,0.2617993967606598,1.72028746950201e-09,-0.134300206915378,-0.00749275566854291,9.92492593391473e-09,1.27707791564013e-09,-0.0330217533209911,-7.31306952564387e-16,0.0330217692011048,2.88770607893152e-14,-0.0330217688086865,-0.0041313129411339,-4.54314311113923e-11,0.0330217533200908,,,,,,,,
left,0.5235987755982987,0.11205000000000004,0.6356487755982987,-0.41154877559829867,0.523598775581955,0.11204999875200902,8.265062745316243e-09,-1.2479910160845264e-09,0.0757142931886976,-0.131141000158857,0.15142858420961805,0.5235987838633614,1.72028746950201e-09,-0.134300206915378,-0.0074927556650288,8.24021977604711e-09,1.27707792951792e-09,-0.0330217531633114,-4.13683593823293e-16,0.0330217690430168,8.0354884238773e-14,-0.0330217686497536,-0.00413131292167137,-2.19337025286979e-11,0.0330217531617116,,,,,,,,
left,0.7853981633974478,0.11205000000000004,0.8974481633974478,-0.6733481633974479,0.7853981633626506,0.11204999890740547,7.672005697401119e-09,-1.092594570373251e-09,0.107076179548136,-0.107076177905158,0.15142858416230967,0.7853981710694535,1.72028746950201e-09,-0.134300206915378,-0.00749275566010844,6.04478387507881e-09,1.27707791564013e-09,-0.0330217529412961,1.45179498822636e-17,0.0330217688208698,1.55763486233772e-13,-0.0330217684272022,-0.00413131289451011,1.47158991468692e-11,0.0330217529375248,,,,,,,,
left,1.0471975511965974,0.11205000000000004,1.1592475511965974,-0.9351475511965974,1.0471975511426994,0.11204999911005048,7.223621922847201e-09,-8.899495584913097e-10,0.131141001236816,-0.0757142911027888,0.15142858410020354,1.0471975584202193,1.72028746950201e-09,-0.134300206915378,-0.00749275565378464,5.19743032034777e-09,1.27707790176235e-09,-0.0330217526546496,5.01397544912933e-16,0.0330217685345078,2.55387828117323e-13,-0.0330217681411473,-0.00413131285968987,6.47111360166365e-11,0.0330217526472381,,,,,,,,
left,1.3089969389957474,0.11205000000000004,1.4210469389957474,-1.1969469389957474,1.3089969389236802,0.11204999935921,6.952700415396862e-09,-6.407900321470095e-10,0.146268780424718,-0.0391926005027107,0.1514285840292362,1.3089969459484478,1.72028746950201e-09,-0.134300206915378,-0.00749275564608289,4.49660675422577e-09,1.27707792951792e-09,-0.0330217523040001,1.00697546273676e-15,0.0330217681847373,3.79668031938771e-13,-0.0330217677927318,-0.00413131281738486,1.28273694073405e-10,0.0330217522912924,,,,,,,,
left,1.5707963267948966,0.11205000000000004,1.6828463267948965,-1.4587463267948966,1.570796326708055,0.11204999965350504,6.880321645752474e-09,-3.46494999359237e-10,0.151428583956424,1.0418773646312e-09,0.151428583956424,1.5707963336752182,1.72028746950201e-09,-0.134300206915378,-0.00749275563700482,9.5177104315659e-09,1.27707790176235e-09,-0.0330217518888102,1.43104206574413e-15,0.0330217677712236,5.28640770967988e-13,-0.0330217673820134,-0.00413131276764022,2.05650680709524e-10,0.0330217518691068,,,,,,,,
left,1.8325957145940457,0.11205000000000004,1.9446457145940457,-1.7205457145940457,1.8325957144988299,0.11204999999116005,7.014707259500597e-09,-8.839984300124115e-12,0.146268779742172,0.0391926025094992,0.15142858388934247,1.832595721608753,1.72028746950201e-09,-0.134300206915378,-0.00749275562653841,1.79502882536162e-08,1.27707791564013e-09,-0.0330217514078609,1.76476252061866e-15,0.0330217672929706,7.02759574036936e-13,-0.0330217669084323,-0.00413131271042883,2.97116169938283e-10,0.0330217513794946,,,,,,,,
left,2.0943951023931957,0.11205000000000004,2.2064451023931957,-1.9823451023931957,2.094395102299075,0.11205000037039492,7.3499126784781765e-09,3.703948814326452e-10,0.131140999904338,0.0757142928817328,0.15142858383571575,2.0943951097431084,1.72028746950201e-09,-0.134300206915378,-0.00749275561463601,2.84886706411092e-08,1.27707792951792e-09,-0.0330217508584585,1.76629705539504e-15,0.0330217667474562,9.02039669893318e-13,-0.0330217663698165,-0.004131312645516,4.02972975730876e-10,0.033021750819974,,,,,,,,
left,2.356194490192345,0.11205000000000004,2.468244490192345,-2.244144490192345,2.35619449010898,0.11205000079058003,7.849229710643613e-09,7.90579990361806e-10,0.107076177633691,0.107076179314622,0.1514285838052342,2.3561944980415745,1.72028746950201e-09,-0.134300206915378,-0.00749275560068463,3.86756567519124e-08,1.27707790176235e-09,-0.0330217502156046,1.45054210226201e-15,0.0330217661086939,1.12668035757397e-12,-0.033021765738471,-0.00413131256931206,5.23538257897778e-10,0.033021750168838,,,,,,,,
left,2.617993877991494,0.11205000000000004,2.730043877991494,-2.505943877991494,2.617993877940405,0.11205000124444497,8.517803351537623e-09,1.244444935988298e-09,0.0757142907825828,0.131141001074155,0.151428583799232,2.6179938865092973,1.72028746950201e-09,-0.134300206915378,-0.00749275558572354,5.35561659773179e-08,1.27707791564013e-09,-0.03302174951891,6.19608802319317e-16,0.0330217654188834,1.37660195172851e-12,-0.0330217650612794,-0.0041313124880631,6.59221159427182e-10,0.0330217494602092,,,,,,,,
left,2.879793265790643,0.11205000000000004,2.991843265790643,-2.767743265790643,2.87979326578584,0.11205000173656998,9.273035228574145e-09,1.7365699434002124e-09,0.0391926001113375,0.146268780321663,0.15142858382839786,2.8797932750636783,1.72028746950201e-09,-0.134300206915378,-0.00749275556838698,6.71630393359176e-08,1.27707792951792e-09,-0.0330217487143948,-7.01796319152399e-16,0.0330217646212794,1.65230790834818e-12,-0.0330217642765818,-0.004131312393674,8.10377527899401e-10,0.0330217486472788,,,,,,,,
left,3.141592653589793,0.11205000000000004,3.253642653589793,-3.029542653589793,3.14159265366763,0.11205000224898987,1.0099292314228185e-08,2.2489898277022746e-09,-1.52932157792422e-09,0.151428583891687,0.151428583891687,-3.1415926434905006,1.72028746950201e-09,-0.134300206915378,-0.00749275554945897,8.37830689145141e-08,1.27707792951792e-09,-0.03302174782942,-2.99421251987533e-15,0.0330217637460104,1.95340400691441e-12,-0.033021763419676,-0.00413131229099376,9.77453757369531e-10,0.0330217477539893,,,,,,,,
left,-3.141592653589793,0.14012500000000006,-3.001467653589793,3.2817176535897934,-3.14159265350319,0.14012500140100004,9.803859946089233e-09,1.4009999826924968e-09,-1.52614739530484e-09,0.155668012032581,0.155668012032581,-3.141592643785933,1.72028746950201e-09,-0.134300206915378,-0.00649059478411741,4.21389751264475e-08,1.29796458303577e-09,0.0127836949815754,7.31513130224803e-16,-0.0127836786452693,1.17967660708271e-12,0.0127836792854978,0.00165221157480119,8.8296612043952e-10,-0.0127836950282629,,,,,,,,
left,-2.8797932657906435,0.14012500000000006,-2.7396682657906437,3.0199182657906434,-2.879793265710385,0.1401250008151651,1.0471882472273819e-08,8.151650465748617e-10,-0.0402898477843762,0.150363752662142,0.15566801196498276,-2.879793255318761,1.72028746950201e-09,-0.134300206915378,-0.00649059480339702,3.22884076149081e-08,1.2979645552802e-09,0.012783694082887,4.43395006234352e-16,-0.0127836777498624,9.91468495934536e-13,0.0127836783949001,0.00165221145941537,7.41198937959406e-10,-0.0127836941206763,,,,,,,,
left,-2.6179938779914944,0.14012500000000006,-2.4778688779914946,2.7581188779914942,-2.61799387791751,0.14012500028964014,1.1098677088483555e-08,2.896400896901241e-10,-0.0778340074631327,0.134812452027423,0.15566801193378563,-2.6179938668928173,1.72028746950201e-09,-0.134300206915378,-0.00649059482080387,2.39462318457689e-08,1.29796454140241e-09,0.0127836932721299,1.44543602157258e-16,-0.0127836769418134,8.16219621772217e-13,0.0127836775908159,0.00165221135518615,6.12556232233991e-10,-0.0127836933025907,,,,,,,,
left,-2.356194490192345,0.14012500000000006,-2.2160694901923446,2.496319490192345,-2.35619449012519,0.1401249998237999,1.1636395402803146e-08,-1.7620016556918472e-10,-0.110073908134782,0.110073905573055,0.15566801193620433,-2.3561944785559494,1.72028746950201e-09,-0.134300206915378,-0.00649059483630598,1.67750075959347e-08,1.2979645552802e-09,0.0127836925503047,-6.16063323614861e-17,-0.0127836762223091,6.55375830181387e-13,0.012783676874718,0.0016522112623422,4.96869781439279e-10,-0.0127836925746196,,,,,,,,
left,-2.0943951023931957,0.14012500000000006,-1.9542701023931957,2.234520102393196,-2.09439510233323,0.14012499941585999,1.2044223840490531e-08,-5.841400696482424e-10,-0.134812453858,0.0778340043600819,0.15566801196758642,-2.094395090348972,1.72028746950201e-09,-0.134300206915378,-0.00649059484989767,1.051449312023e-08,1.2979645552802e-09,0.0127836919174124,-2.74622993399623e-16,-0.0127836755914575,5.08979729305198e-13,0.0127836762468678,0.00165221118094024,3.94015138717385e-10,-0.0127836919363997,,,,,,,,
left,-1.832595714594046,0.14012500000000006,-1.6924707145940459,1.972720714594046,-1.8325957145410001,0.14012499906335008,1.2293225770676486e-08,-9.366499797991423e-10,-0.150363753633831,0.0402898443759286,0.15566801202139113,-1.8325957023008201,1.72028746950201e-09,-0.134300206915378,-0.00649059486167952,8.56601698741606e-09,1.29796458303577e-09,0.0127836913690713,-4.42210231244362e-16,-0.0127836750447772,3.79560325978872e-13,0.0127836757026242,0.00165221111035645,3.03907747561232e-10,-0.0127836913836942,,,,,,,,
left,-1.5707963267948966,0.14012500000000006,-1.4306713267948965,1.7109213267948966,-1.57079632674833,0.14012499876470996,1.2364156587452158e-08,-1.2352900924383903e-09,-0.155668012090376,-1.92470369547831e-09,0.155668012090376,-1.57079631443074,1.72028746950201e-09,-0.134300206915378,-0.00649059487168554,1.01516951691698e-08,1.2979645552802e-09,0.0127836909036632,-6.13890711732524e-16,-0.0127836745806695,2.6732153364969e-13,0.0127836752404155,0.00165221105039045,2.26480029271587e-10,-0.0127836909147858,,,,,,,,
left,-1.3089969389957472,0.14012500000000006,-1.1688719389957472,1.4491219389957473,-1.308996938955345,0.14012499851891502,1.22492596066337e-08,-1.4810850323954128e-09,-0.15036375278562,-0.040289848103903,0.155668012166953,-1.3089969267464876,1.72028746950201e-09,-0.134300206915378,-0.00649059487991087,1.15135103242248e-08,1.29796458303577e-09,0.0127836905211706,-7.72311695122887e-16,-0.0127836741992142,1.72780576076967e-13,0.0127836748604653,0.00165221100109143,1.61688224799955e-10,-0.012783690529406,,,,,,,,
left,-1.0471975511965979,0.14012500000000006,-0.9070725511965978,1.187322551196598,-1.0471975511618095,0.14012499832450048,1.1955481049596983e-08,-1.675499572417749e-09,-0.134812452228734,-0.0778340077333701,0.15566801224324478,-1.0471975392411168,1.72028746950201e-09,-0.134300206915378,-0.00649059488641584,1.26993334497563e-08,1.29796454140241e-09,0.0127836902189158,-9.11690446621311e-16,-0.0127836738976908,9.76141215557338e-14,0.0127836745599869,0.00165221096208774,1.09522632519942e-10,-0.0127836902249498,,,,,,,,
left,-0.7853981633974483,0.14012500000000006,-0.6452731633974482,0.9255231633974483,-0.7853981633680325,0.1401249981809775,1.1500995378277423e-08,-1.8190225437031415e-09,-0.110073905853788,-0.110073908385707,0.1556680123121433,-0.7853981518964529,1.72028746950201e-09,-0.134300206915378,-0.0064905948912059,1.3657094070211e-08,1.2979645552802e-09,0.0127836899964859,-1.01027672300732e-15,-0.0127836736757492,4.23089247853281e-14,0.0127836743387285,0.0016522109333586,6.99893860409206e-11,-0.0127836900008983,,,,,,,,
left,-0.5235987755982987,0.14012500000000006,-0.38347377559829865,0.6637237755982988,-0.523598775574289,0.14012499808802303,1.0914978920695262e-08,-1.911977021151756e-09,-0.0778340047123224,-0.134812454116524,0.15566801236759503,-0.5235987646833198,1.72028746950201e-09,-0.134300206915378,-0.00649059489427429,1.43432284824502e-08,1.29796454140241e-09,0.0127836898540072,-1.08943051664042e-15,-0.0127836735335874,7.81051067632294e-15,0.0127836741969987,0.00165221091495817,4.31182404027983e-11,-0.0127836898572402,,,,,,,,
left,-0.2617993877991496,0.14012500000000006,-0.12167438779914952,0.40192438779914963,-0.261799387780701,0.140124998045299,1.0236004210906202e-08,-1.9547010676745913e-09,-0.0402898447845303,-0.150363753921427,0.15566801240494144,-0.26179937756314536,1.72028746950201e-09,-0.134300206915378,-0.00649059489561802,1.47049964937577e-08,1.29796454140241e-09,0.0127836897915023,-1.14037560451351e-15,-0.0127836734712728,-5.17928514307335e-15,0.0127836741349342,0.0016522109069133,2.89643644309573e-11,-0.0127836897938973,,,,,,,,
left,0.0,0.14012500000000006,0.14012500000000006,0.14012500000000006,1.258849968710507e-11,0.14012499805261552,9.509208835150729e-09,-1.947384531408858e-09,1.48027963906658e-09,-0.155668012421258,0.155668012421258,9.509208835150729e-09,1.72028746950201e-09,-0.134300206915378,-0.00649059489523481,1.47203826266844e-08,1.29796451364683e-09,0.0127836898089829,-1.16478241461569e-15,-0.0127836734888538,4.05610670500926e-15,0.0127836741526397,0.00165221090924486,2.76096138433561e-11,-0.0127836898108115,,,,,,,,
left,0.2617993877991496,0.14012500000000006,0.40192438779914963,-0.12167438779914952,0.26179938780559897,0.140124998110478,8.783461347139365e-09,-1.889522066589322e-09,0.0402898476471344,-0.150363753165458,0.1556680124156279,0.2617993965826109,1.72028746950201e-09,-0.134300206915378,-0.00649059489310453,1.44339011505851e-08,1.29796454140241e-09,0.0127836899073717,-1.15724551759321e-15,-0.0127836735872557,3.60652574663381e-14,0.0127836742510443,0.00165221092207431,3.91627693908556e-11,-0.012783689908895,,,,,,,,
left,0.5235987755982987,0.14012500000000006,0.6637237755982988,-0.38347377559829865,0.5235987755978705,0.14012499821862853,8.10411848739534e-09,-1.781371522513453e-09,0.0778340072872793,-0.13481245265515,0.15566801238948644,0.5235987837024172,1.72028746950201e-09,-0.134300206915378,-0.00649059488912926,1.3690376751298e-08,1.29796454140241e-09,0.0127836900905352,-1.11593400249337e-15,-0.0127836737706052,9.13816194578438e-14,0.0127836744346659,0.00165221094604293,6.37614642441892e-11,-0.012783690091355,,,,,,,,
left,0.7853981633974478,0.14012500000000006,0.9255231633974479,-0.6452731633974478,0.7853981633884435,0.14012499837798853,7.516918087979718e-09,-1.6220115250931144e-09,0.110073907970917,-0.110073906316084,0.15566801234573513,0.7853981709143659,1.72028746950201e-09,-0.134300206915378,-0.00649059488332405,1.23396850989288e-08,1.29796456915798e-09,0.0127836903576727,-1.00916855565481e-15,-0.0127836740381348,1.70460855867461e-13,0.0127836747028046,0.00165221098106372,1.01574070962279e-10,-0.0127836903575415,,,,,,,,
left,1.0471975511965974,0.14012500000000006,1.1873225511965975,-0.9070725511965974,1.047197551177085,0.140124998589245,7.061576656752777e-09,-1.4107550683206682e-09,0.134812453748555,-0.0778340051925243,0.15566801228902546,1.047197558258174,1.72028746950201e-09,-0.134300206915378,-0.00649059487569544,1.03475218797534e-08,1.29796452752462e-09,0.0127836907085463,-8.25690143786735e-16,-0.0127836743895776,2.73596025839502e-13,0.012783675055157,0.00165221102709041,1.52794801601715e-10,-0.0127836907073608,,,,,,,,
left,1.3089969389957474,0.14012500000000006,1.4491219389957475,-1.1688719389957474,1.30899693896339,0.14012499885337992,6.768397176060148e-09,-1.1466201321752578e-09,0.150363753608385,-0.0402898452594883,0.15566801222549423,1.3089969457641446,1.72028746950201e-09,-0.134300206915378,-0.00649059486623595,7.95369913080726e-09,1.29796454140241e-09,0.0127836911434908,-5.39397332207845e-16,-0.012783674825269,4.01216186238385e-13,0.0127836754920672,0.00165221108416687,2.17645475331509e-10,-0.0127836911412517,,,,,,,,
left,1.5707963267948966,0.14012500000000006,1.7109213267948966,-1.4306713267948965,1.57079632674689,0.14012499917167998,6.656704742979969e-09,-8.283200791936451e-10,0.155668012162287,1.03623597501757e-09,0.155668012162287,1.5707963334516013,1.72028746950201e-09,-0.134300206915378,-0.00649059485493642,7.4400394443962e-09,1.29796458303577e-09,0.0127836916629417,-1.65950166081617e-16,-0.0127836753456344,5.53466882556016e-13,0.0127836760139555,0.00165221115234436,2.96374266435943e-10,-0.0127836916597966,,,,,,,,
left,1.8325957145940457,0.14012500000000006,1.9727207145940457,-1.6924707145940456,1.832595714527725,0.14012499954532498,6.734096835714354e-09,-4.54675075367561e-10,0.150363752949953,0.0402898472591156,0.1556680121070394,1.8325957213281425,1.72028746950201e-09,-0.134300206915378,-0.00649059484179039,6.56081827408843e-09,1.29796452752462e-09,0.012783692267408,3.25081424796909e-16,-0.0127836759510993,7.30715664581621e-13,0.0127836766211226,0.0016522112316451,3.89252769240156e-10,-0.0127836922637221,,,,,,,,
left,2.0943951023931957,0.14012500000000006,2.234520102393196,-1.9542701023931957,2.09439510230475,0.1401249999763,6.994043122432458e-09,-2.370004192897568e-11,0.134812452462705,0.0778340069766352,0.15566801206750217,2.094395109387239,1.72028746950201e-09,-0.134300206915378,-0.00649059482677351,5.31084396900266e-09,1.29796451364683e-09,0.0127836929578465,9.74265429833668e-16,-0.012783676642677,9.33176509091463e-13,0.0127836773146874,0.00165221132222346,4.96589022967472e-10,-0.0127836929541037,,,,,,,,
left,2.356194490192345,0.14012500000000006,2.496319490192345,-2.2160694901923446,2.35619449008176,0.14012500046420984,7.420932313095818e-09,4.6420978172534433e-10,0.110073906118101,0.110073907751803,0.155668012050803,2.356194497613277,1.72028746950201e-09,-0.134300206915378,-0.00649059480985257,1.07862024294844e-08,1.29796452752462e-09,0.0127836937368537,1.58954285234347e-15,-0.0127836774225735,1.16097724543263e-12,0.0127836780962064,0.00165221142421234,6.18698346405404e-10,-0.0127836937337366,,,,,,,,
left,2.617993877991494,0.14012500000000006,2.7581188779914942,-2.4778688779914937,2.61799387785255,0.14012500101351,7.982303706910443e-09,1.0135099426378247e-09,0.0778340049554409,0.13481245362457,0.1556680120631096,2.6179938859737977,1.72028746950201e-09,-0.134300206915378,-0.00649059479105079,1.76379869336917e-08,1.29796456915798e-09,0.012783694602106,2.59491230725633e-15,-0.0127836782889068,1.41400670513273e-12,0.0127836789645723,0.00165221153754095,7.55979777529404e-10,-0.0127836946005586,,,,,,,,
left,2.879793265790643,0.14012500000000006,3.0199182657906434,-2.739668265790643,2.879793265622725,0.14012500162295494,8.643341598002507e-09,1.6229548815971384e-09,0.0402898449474464,0.150363753571523,0.15566801210912593,2.8797932744339847,1.72028746950201e-09,-0.134300206915378,-0.00649059477032399,2.49357259624539e-08,1.29796454140241e-09,0.0127836955571328,3.38770848328909e-15,-0.0127836792446631,1.69288856049695e-12,0.0127836799218597,0.00165221166238356,9.08802530486397e-10,-0.0127836955582887,,,,,,,,
left,3.141592653589793,0.14012500000000006,3.2817176535897934,-3.001467653589793,3.14159265339189,0.14012500229429992,9.358510655990975e-09,2.294299861205218e-09,-1.45682075365524e-09,0.15566801219199,0.15566801219199,-3.1415926442312827,1.72028746950201e-09,-0.134300206915378,-0.00649059474762831,3.27488189255122e-08,1.2979645552802e-09,0.0127836966039139,4.45334943326178e-15,-0.0127836802918361,1.99738454982082e-12,0.0127836809700916,0.00165221179900531,1.07758376711476e-09,-0.0127836966089631,,,,,,,,
left,-3.141592653589793,0.16820000000000007,-2.973392653589793,3.3097926535897932,-3.14159265356614,0.16820000115871991,9.36907040838264e-09,1.1587198422979839e-09,-1.49783540417947e-09,0.159870225746411,0.159870225746411,-3.1415926442207227,1.72028746950201e-09,-0.134300206915378,-0.00550049248579823,1.52158434872148e-08,1.31859985430527e-09,0.0590391266161347,1.84480454449727e-15,-0.0590391098464614,1.12358326386105e-12,0.0590391107661066,0.00786805926956964,9.64322247062769e-10,-0.0590391266160455,,,,,,,,
left,-2.8797932657906435,0.16820000000000007,-2.7115932657906434,3.0479932657906437,-2.879793265760835,0.16820000050623496,1.0072392697679788e-08,5.062348873430267e-10,-0.0413774607019121,0.154422779406093,0.15987022566332088,-2.879793255718251,1.72028746950201e-09,-0.134300206915378,-0.00550049250853833,9.08523574941997e-09,1.31859988206084e-09,0.0590391255439337,1.2690659586276e-15,-0.0590391087733011,9.40449722064486e-13,0.0590391096914071,0.00786805912083578,8.22869264004433e-10,-0.0590391255442999,,,,,,,,
left,-2.6179938779914944,0.16820000000000007,-2.4497938779914943,2.7861938779914945,-2.6179938779569403,0.16819999992138013,1.0726612043043815e-08,-7.861994388846938e-11,-0.079935114294524,0.138451675837209,0.15987022561881314,-2.6179938672648824,1.72028746950201e-09,-0.134300206915378,-0.00550049252891401,3.60451128055233e-09,1.31859989593863e-09,0.0590391245831553,7.15111516574846e-16,-0.0590391078116899,7.71363419113417e-13,0.0590391087284511,0.00786805898757176,6.94587726262079e-10,-0.0590391245838746,,,,,,,,
left,-2.356194490192345,0.16820000000000007,-2.1879944901923447,2.524394490192345,-2.35619449015477,0.16819999940189012,1.128748161605131e-08,-5.981099504559495e-10,-0.113045321914327,0.113045319362333,0.15987022560954145,-2.356194478904863,1.72028746950201e-09,-0.134300206915378,-0.00550049254702234,4.61631867474474e-09,1.31859986818306e-09,0.0590391237291831,1.48308998164413e-16,-0.0590391069570176,6.15751018829427e-13,0.0590391078726455,0.0078680588691429,5.7933787405069e-10,-0.0590391237302212,,,,,,,,
left,-2.0943951023931957,0.16820000000000007,-1.9261951023931956,2.262595102393196,-2.094395102353695,0.16819999894641513,1.1717087744500532e-08,-1.053584941512753e-09,-0.138451677641541,0.0799351111930984,0.1598702256306977,-2.094395090676108,1.72028746950201e-09,-0.134300206915378,-0.00550049256289064,6.39579882744061e-09,1.31859986818306e-09,0.0590391229808416,-2.3470527526483e-16,-0.059039106208068,4.75026365881156e-13,0.0590391071227063,0.00786805876536568,4.76981090807394e-10,-0.0590391229821193,,,,,,,,
left,-1.832595714594046,0.16820000000000007,-1.6643957145940458,2.000795714594046,-1.83259571455379,0.16819999855307,1.1986326375890144e-08,-1.4469300757546932e-09,-0.154422780330952,0.0413774572987923,0.15987022567587386,-1.8325957026077195,1.72028746950201e-09,-0.134300206915378,-0.00550049257659326,9.54300019075214e-09,1.31859985430527e-09,0.0590391223346249,-5.99348996735497e-16,-0.05903910556133,3.50655918893547e-13,0.0590391064751185,0.00786805867575258,3.8742774070298e-10,-0.0590391223361013,,,,,,,,
left,-1.5707963267948966,0.16820000000000007,-1.4025963267948964,1.7389963267948967,-1.570796326755055,0.168199998220255,1.2076914357450619e-08,-1.7797450735379527e-09,-0.159870225737722,-1.93073902101046e-09,0.159870225737722,-1.5707963147179822,1.72028746950201e-09,-0.134300206915378,-0.00550049258818967,1.24727626735122e-08,1.31859989593863e-09,0.0590391217877319,-8.41541483012358e-16,-0.0590391050139976,2.42933223300354e-13,0.0590391059270699,0.00786805859991385,3.10612513859752e-10,-0.0590391217893848,,,,,,,,
left,-1.3089969389957472,0.16820000000000007,-1.140796938995747,1.4771969389957473,-1.308996938957395,0.16819999794654494,1.1982678183031226e-08,-2.053455128159243e-09,-0.154422779467197,-0.0413774610344559,0.15987022580841148,-1.308996927013069,1.72028746950201e-09,-0.134300206915378,-0.00550049259772967,1.48824589848044e-08,1.31859985430527e-09,0.0590391213378323,-1.13350611289446e-15,-0.059039104563731,1.53711912629225e-13,0.0590391054762073,0.00786805853752282,2.46494030282029e-10,-0.0590391213396478,,,,,,,,
left,-1.0471975511965979,0.16820000000000007,-0.8789975511965977,1.215397551196598,-1.047197551160835,0.16819999773070504,1.1709927694170119e-08,-2.2692950296665515e-09,-0.138451675984921,-0.0799351145613278,0.15987022588013738,-1.0471975394866702,1.72028746950201e-09,-0.134300206915378,-0.00550049260525851,1.67795549789847e-08,1.31859988206084e-09,0.0590391209827898,-1.31913538720363e-15,-0.059039104208393,8.35355966772237e-14,0.0590391051203925,0.00786805848828357,1.95059044643136e-10,-0.0590391209847625,,,,,,,,
left,-0.7853981633974483,0.16820000000000007,-0.6171981633974482,0.9535981633974484,-0.7853981633653311,0.16819999757175602,1.1277047851088184e-08,-2.4282440502787495e-09,-0.113045319601187,-0.113045322150822,0.15987022594566394,-0.7853981521204004,1.72028746950201e-09,-0.134300206915378,-0.00550049261080915,1.81732242098375e-08,1.31859989593863e-09,0.0590391207210483,-1.44919242098199e-15,-0.0590391039464272,3.29203181500909e-14,0.0590391048580679,0.0078680584519803,1.56316594723332e-10,-0.0590391207231684,,,,,,,,
left,-0.5235987755982987,0.16820000000000007,-0.35539877559829863,0.6917987755982988,-0.5235987755706805,0.16819999746899048,1.0713323894684379e-08,-2.531009596351552e-09,-0.0799351115161304,-0.138451677880105,0.1598702259988162,-0.5235987648849748,1.72028746950201e-09,-0.134300206915378,-0.00550049261439954,1.90883673642112e-08,1.31859988206084e-09,0.0590391205517906,-1.53304391147436e-15,-0.0590391037770053,3.05284427409456e-15,0.0590391046883862,0.00786805842849469,1.30296371234034e-10,-0.0590391205540302,,,,,,,,
left,-0.2617993877991496,0.16820000000000007,-0.0935993877991495,0.42999938779914965,-0.261799387776787,0.16819999742187994,1.0056890986653855e-08,-2.5781201340446813e-09,-0.0413774576896512,-0.154422780597862,0.15987022603485082,-0.2617993777422586,1.72028746950201e-09,-0.134300206915378,-0.00550049261604523,1.95447702584182e-08,1.31859988206084e-09,0.059039120474299,-1.57943776853213e-15,-0.0590391036994032,-5.53554758044672e-15,0.0590391046106135,0.00786805841772432,1.17054258517937e-10,-0.0590391204766234,,,,,,,,
left,0.0,0.16820000000000007,0.16820000000000007,0.16820000000000007,1.6453990947518093e-11,0.168199997430015,9.352142243830002e-09,-2.5699850580984673e-09,1.49512909458017e-09,-0.159870226050782,0.159870226050782,9.352142243830002e-09,1.72028746950201e-09,-0.134300206915378,-0.0055004926157568,1.95578718988996e-08,1.31859985430527e-09,0.059039120488084,-1.57367210854958e-15,-0.0590391037131271,7.89985616792339e-15,0.0590391046242479,0.00786805841959925,1.16672556118177e-10,-0.0590391204904479,,,,,,,,
left,0.2617993877991496,0.16820000000000007,0.42999938779914965,-0.0935993877991495,0.26179938780900347,0.1681999974939655,8.646707683190868e-09,-2.506034574301097e-09,0.0413774605807171,-0.15442277983442,0.1598702260456854,0.26179939644585726,1.72028746950201e-09,-0.134300206915378,-0.00550049261351641,1.90962058935697e-08,1.31859988206084e-09,0.0590391205939884,-1.53558283223025e-15,-0.0590391038190209,4.39337367181554e-14,0.0590391047301362,0.00786805843423665,1.29260867269478e-10,-0.0590391205963541,,,,,,,,
left,0.5235987755982987,0.16820000000000007,0.6917987755982988,-0.35539877559829863,0.5235987756015454,0.16819999761313847,7.988441352857478e-09,-2.3868615972588714e-09,0.079935114116285,-0.138451676403994,0.15987022602054385,0.5235987835867401,1.72028746950201e-09,-0.134300206915378,-0.00550049260932415,1.82644518890761e-08,1.31859988206084e-09,0.0590391207921387,-1.47381194519203e-15,-0.0590391040171611,1.0311648472683e-13,0.0590391049282754,0.00786805846162851,1.54956476352704e-10,-0.0590391207944281,,,,,,,,
left,0.7853981633974478,0.16820000000000007,0.953598163397448,-0.6171981633974477,0.7853981633941329,0.168199997787349,7.421435466170578e-09,-2.2126510623721174e-09,0.113045321738054,-0.113045320060137,0.15987022597831954,0.7853981708188833,1.72028746950201e-09,-0.134300206915378,-0.00550049260317427,1.7066931112655e-08,1.31859986818306e-09,0.0590391210827627,-1.39273769040461e-15,-0.0590391043077958,1.85880662928766e-13,0.0590391052189383,0.0078680585018169,1.93928080873313e-10,-0.0590391210848297,,,,,,,,
left,1.0471975511965974,0.16820000000000007,1.2153975511965975,-0.8789975511965973,1.0471975511866165,0.16819999801715352,6.983672085070225e-09,-1.9828465536164686e-09,0.138451677516978,-0.0799351119949811,0.15987022592376432,1.0471975581802695,1.72028746950201e-09,-0.134300206915378,-0.00550049259504967,1.54764603226863e-08,1.31859984042748e-09,0.059039121466627,-1.2885384685655e-15,-0.0590391046917081,2.92638810659007e-13,0.059039105602932,0.00786805855491603,2.46370253951494e-10,-0.0590391214683213,,,,,,,,
left,1.3089969389957474,0.16820000000000007,1.4771969389957476,-1.1407969389957473,1.308996938978955,0.16819999830320498,6.704280464120416e-09,-1.6967950933199916e-09,0.154422780293223,-0.0413774581629134,0.15987022586308144,1.308996945700028,1.72028746950201e-09,-0.134300206915378,-0.00550049258492487,1.34800871641001e-08,1.31859989593863e-09,0.0590391219449085,-1.14756081769258e-15,-0.0590391051700866,4.23682340646341e-13,0.0590391060814611,0.00786805862109464,3.12505065786168e-10,-0.0590391219460585,,,,,,,,
left,1.5707963267948966,0.16820000000000007,1.7389963267948967,-1.4025963267948964,1.57079632677106,0.16819999864639001,6.601483137913533e-09,-1.3536100573752208e-09,0.159870225803507,1.05538059197989e-09,0.159870225803507,1.5707963333963797,1.72028746950201e-09,-0.134300206915378,-0.00550049257276692,1.10578260944844e-08,1.31859988206084e-09,0.059039122519126,-9.75545271580992e-16,-0.0590391057444655,5.79293014709616e-13,0.0590391066560817,0.00786805870057068,3.92581258336146e-10,-0.0590391225195389,,,,,,,,
left,1.8325957145940457,0.16820000000000007,2.000795714594046,-1.6643957145940456,1.8325957145627099,0.16819999904814997,6.681494690852219e-09,-9.518500987404366e-10,0.154422779632872,0.0413774602014503,0.15987022575284351,1.8325957212755404,1.72028746950201e-09,-0.134300206915378,-0.00550049255853346,8.16563907964564e-09,1.31859986818306e-09,0.0590391231912416,-7.63842280879922e-16,-0.0590391064168221,7.59715965217264e-13,0.0590391073287951,0.0078680587936229,4.86870220066382e-10,-0.0590391231907421,,,,,,,,
left,2.0943951023931957,0.16820000000000007,2.262595102393196,-1.9261951023931956,2.09439510235379,0.16819999950982,6.937934227124742e-09,-4.901800632062248e-10,0.138451676226739,0.0799351138200209,0.15987022571890447,2.09439510933113,1.72028746950201e-09,-0.134300206915378,-0.00550049254217806,4.7770412444426e-09,1.31859989593863e-09,0.059039123963415,-5.63264034858326e-16,-0.0590391071893296,9.65312498802167e-13,0.0590391081017951,0.00786805890055703,5.95677524508617e-10,-0.0590391239618185,,,,,,,,
left,2.356194490192345,0.16820000000000007,2.524394490192345,-2.1879944901923447,2.356194490144175,0.1682000000332251,7.352471520505333e-09,3.3225033835293516e-11,0.113045319877517,0.113045321539842,0.15987022570903064,2.3561944975448164,1.72028746950201e-09,-0.134300206915378,-0.00550049252364441,8.59058505970599e-10,1.31859985430527e-09,0.0590391248382976,-2.3132980720888e-16,-0.059039108064642,1.19613290311271e-12,0.0590391089777425,0.00786805902174098,7.19330861522498e-10,-0.0590391248354484,,,,,,,,
left,2.617993877991494,0.16820000000000007,2.786193877991494,-2.449793877991494,2.617993877933555,0.16820000061995488,7.89594523098458e-09,6.199548097107765e-10,0.079935111771541,0.138451677421659,0.1598702257294956,2.617993885887439,1.72028746950201e-09,-0.134300206915378,-0.0055004925028917,4.10067051490588e-09,1.31859988206084e-09,0.0590391258177917,1.20998855998389e-16,-0.0590391090446687,1.45245409676573e-12,0.0590391099585628,0.00786805915744128,8.58200491882846e-10,-0.0590391258135877,,,,,,,,
left,2.879793265790643,0.16820000000000007,3.0479932657906432,-2.711593265790643,2.879793265721995,0.1682000012705851,8.529431383408337e-09,1.270585026080795e-09,0.0413774578609095,0.154422780293508,0.15987022578519236,2.8797932743200745,1.72028746950201e-09,-0.134300206915378,-0.00550049247986901,9.20362681288918e-09,1.31859988206084e-09,0.059039126904171,4.99153351213765e-16,-0.059039110131744,1.73413882080561e-12,0.0590391110466654,0.00786805930800327,1.01268677703331e-09,-0.05903912689833,,,,,,,,
left,3.141592653589793,0.16820000000000007,3.3097926535897932,-2.973392653589793,3.141592653509015,0.16820000198941498,9.210150220942685e-09,1.989414910585907e-09,-1.47242874129483e-09,0.15987022587939,0.15987022587939,-3.141592644379643,1.72028746950201e-09,-0.134300206915378,-0.00550049245450161,1.49249831333152e-08,1.31859988206084e-09,0.0590391281011818,1.10696623911464e-15,-0.0590391113295118,2.04202285408795e-12,0.059039112245577,0.00786805947389233,1.18317569260303e-09,-0.0590391280938225,,,,,,,,
left,-3.141592653589793,0.1962750000000001,-2.945317653589793,3.337867653589793,-3.141592653523475,0.19627500078622484,9.262957512135017e-09,7.862247519696552e-10,-1.51938072577139e-09,0.164027603158987,0.164027603158987,-3.1415926443268356,1.72028746950201e-09,-0.134300206915378,-0.00452512579103624,5.88121076165841e-09,1.33892807951952e-09,0.105713748735133,3.33753150046776e-16,-0.10571373149013,1.06892564440894e-12,0.105713732626756,0.0145020842405582,1.05094175185412e-09,-0.105713748732361,,,,,,,,
left,-2.8797932657906435,0.1962750000000001,-2.6835182657906436,3.0760682657906435,-2.8797932657258203,0.19627500007516008,9.946438339625274e-09,7.515998934337631e-11,-0.04245346917228,0.158438497604913,0.16402760306748296,-2.879793255844205,1.72028746950201e-09,-0.134300206915378,-0.00452512581567268,9.96337686695873e-10,1.33892806564173e-09,0.105713747542169,-1.08453007445688e-16,-0.105713730296764,8.92075303190796e-13,0.105713731432762,0.0145020840663794,9.0980499204885e-10,-0.105713747540407,,,,,,,,
left,-2.6179938779914944,0.1962750000000001,-2.4217188779914944,2.8142688779914944,-2.61799387792861,0.19627499943823,1.0582754672583405e-08,-5.617700749027676e-10,-0.0820138030110268,0.142052070265316,0.16402760301544914,-2.6179938674087397,1.72028746950201e-09,-0.134300206915378,-0.00452512583774371,4.49534810261485e-09,1.33892807951952e-09,0.105713746473462,-4.51756720551847e-16,-0.105713729227684,7.27335917838018e-13,0.1057137303631,0.0145020839103353,7.81887867639471e-10,-0.105713746472633,,,,,,,,
left,-2.356194490192345,0.1962750000000001,-2.159919490192345,2.552469490192345,-2.35619449013184,0.19627499887235,1.1128526544723627e-08,-1.1276500844203952e-09,-0.115985031673468,0.115985029091983,0.16402760299950592,-2.3561944790638183,1.72028746950201e-09,-0.134300206915378,-0.00452512585735192,8.78256930705313e-09,1.33892805176394e-09,0.105713745524014,-7.81986391264931e-16,-0.105713728277901,5.77351467957846e-13,0.105713729412797,0.0145020837717034,6.67055530614697e-10,-0.10571374552401,,,,,,,,
left,-2.0943951023931957,0.1962750000000001,-1.8981201023931957,2.2906701023931957,-2.094395102335505,0.19627499837541507,1.1546607225909611e-08,-1.6245850220641955e-09,-0.142052072079554,0.0820137998671154,0.16402760301466965,-2.0943950908465885,1.72028746950201e-09,-0.134300206915378,-0.00452512587456874,1.25501754644109e-08,1.33892807951952e-09,0.105713744690358,-1.17350229987366e-15,-0.105713727443953,4.41725480928738e-13,0.105713728578393,0.0145020836499795,5.65187904887068e-10,-0.105713744691068,,,,,,,,
left,-1.832595714594046,0.1962750000000001,-1.6363207145940457,2.028870714594046,-1.8325957145396001,0.19627499794612002,1.1808603428420383e-08,-2.053880066021918e-09,-0.158438498516086,0.0424534657221202,0.16402760305464145,-1.8325957027854425,1.72028746950201e-09,-0.134300206915378,-0.0045251258894428,1.58063549605955e-08,1.33892805176394e-09,0.105713743970149,-1.34913050849245e-15,-0.105713726723488,3.22593918322781e-13,0.10571372785753,0.0145020835448184,4.76183579783898e-10,-0.105713743971482,,,,,,,,
left,-1.5707963267948966,0.1962750000000001,-1.3745213267948966,1.7670713267948965,-1.570796326744115,0.19627499758267497,1.1896590379478766e-08,-2.4173251178538635e-09,-0.164027603112061,-1.95136919964096e-09,0.164027603112061,-1.5707963148983062,1.72028746950201e-09,-0.134300206915378,-0.00452512590203552,1.85629205602557e-08,1.33892807951952e-09,0.105713743360405,-1.5433222288582e-15,-0.105713726113527,2.20085304162675e-13,0.105713727247231,0.0145020834557866,3.99977271577919e-10,-0.105713743362266,,,,,,,,
left,-1.3089969389957472,0.1962750000000001,-1.112721938995747,1.5052719389957474,-1.308996938949055,0.19627499728363507,1.1804493160738616e-08,-2.716365021804279e-09,-0.158438497633844,-0.0424534694955555,0.16402760317909804,-1.308996927191254,1.72028746950201e-09,-0.134300206915378,-0.00452512591239737,2.08294958511347e-08,1.33892805176394e-09,0.105713742858681,-1.76661517821641e-15,-0.105713725611623,1.35888927975577e-13,0.105713726745049,0.0145020833825272,3.36526829903769e-10,-0.10571374286098,,,,,,,,
left,-1.0471975511965979,0.1962750000000001,-0.8509225511965978,1.2434725511965978,-1.047197551154392,0.19627499704763796,1.1538428879021012e-08,-2.952362132546682e-09,-0.142052070388279,-0.0820138032630268,0.16402760324793822,-1.047197539658169,1.72028746950201e-09,-0.134300206915378,-0.0045251259205755,2.26156779315723e-08,1.33892806564173e-09,0.105713742462693,-1.88599930880593e-15,-0.105713725215494,7.03476395443636e-14,0.105713726348699,0.014502083324707,2.85818209442839e-10,-0.105713742465341,,,,,,,,
left,-0.7853981633974483,0.1962750000000001,-0.5891231633974482,0.9816731633974484,-0.7853981633601206,0.19627499687356148,1.1116318088255639e-08,-3.1264386080032125e-09,-0.115985029313886,-0.115985031892539,0.1640276033113216,-0.7853981522811302,1.72028746950201e-09,-0.134300206915378,-0.00452512592660804,2.3930283911719e-08,1.33892805176394e-09,0.105713742170593,-1.99161409313116e-15,-0.105713724923291,2.44268232878126e-14,0.105713726056336,0.0145020832820569,2.47861928741228e-10,-0.105713742173498,,,,,,,,
left,-0.5235987755982987,0.1962750000000001,-0.3273237755982986,0.7198737755982988,-0.523598775566225,0.196274996760769,1.0566715169524343e-08,-3.239231077811766e-09,-0.0820138001805043,-0.142052072300901,0.16402760336305622,-0.5235987650315835,1.72028746950201e-09,-0.134300206915378,-0.00452512593051831,2.47784704692589e-08,1.33892803788616e-09,0.105713741981256,-2.04374951863774e-15,-0.105713724733888,-9.72533094902568e-16,0.105713725866827,0.0145020832544111,2.22688416282811e-10,-0.105713741984334,,,,,,,,
left,-0.2617993877991496,0.1962750000000001,-0.06552438779914949,0.45807438779914966,-0.26179938777270245,0.19627499670875953,9.926781618929681e-09,-3.2912405578677806e-09,-0.042453466109242,-0.158438498768232,0.16402760339839026,-0.26179937787236796,1.72028746950201e-09,-0.134300206915378,-0.00452512593232439,2.51638587555278e-08,1.33892806564173e-09,0.105713741893811,-2.06376991716603e-15,-0.105713724646409,-5.15734021655767e-15,0.105713725779297,0.0145020832416417,2.10353882051962e-10,-0.105713741896984,,,,,,,,
left,0.0,0.1962750000000001,0.1962750000000001,0.1962750000000001,2.0460508287634127e-11,0.19627499671715348,9.239796942717994e-09,-3.2828466056677996e-09,1.51558174854904e-09,-0.164027603414325,0.164027603414325,9.239796942717994e-09,1.72028746950201e-09,-0.134300206915378,-0.00452512593204,2.50898209874593e-08,1.33892806564173e-09,0.105713741907595,-2.04533914261311e-15,-0.105713724660191,1.24321842657479e-14,0.10571372579308,0.0145020832436512,2.10941115025178e-10,-0.10571374191079,,,,,,,,
left,0.2617993877991496,0.1962750000000001,0.45807438779914966,-0.06552438779914949,0.2617993878132637,0.19627499678644436,8.552161701036454e-09,-3.2135557270773774e-09,0.042453469040006,-0.158438497994888,0.16402760340993486,0.2617993963513113,1.72028746950201e-09,-0.134300206915378,-0.00452512592964775,2.4551895143142e-08,1.33892807951952e-09,0.10571374202345,-1.99574852421039e-15,-0.105713724776077,5.25055445548142e-14,0.10571372590902,0.0145020832605632,2.24560452170729e-10,-0.105713742026589,,,,,,,,
left,0.5235987755982987,0.1962750000000001,0.7198737755982988,-0.3273237755982986,0.52359877560568,0.196274996916861,7.91041210312926e-09,-3.083139077375563e-09,0.0820138028168062,-0.142052070805592,0.1640276033862316,0.5235987835087108,1.72028746950201e-09,-0.134300206915378,-0.00452512592514505,2.35461499363402e-08,1.33892807951952e-09,0.105713742241516,-1.9125366457082e-15,-0.1057137249942,1.15573836102442e-13,0.105713726127241,0.0145020832923937,2.51348960836903e-10,-0.105713742244554,,,,,,,,
left,0.7853981633974478,0.1962750000000001,0.9816731633974479,-0.5891231633974477,0.7853981633977695,0.19627499710809648,7.357846554256753e-09,-2.8919036054730896e-09,0.115985031481212,-0.115985029774412,0.16402760334611055,0.7853981707552944,1.72028746950201e-09,-0.134300206915378,-0.00452512591854207,2.20833049241382e-08,1.33892806564173e-09,0.10571374256132,-1.79671697189487e-15,-0.105713725314077,2.02084925252016e-13,0.10571372644725,0.0145020833390695,2.91475530497658e-10,-0.105713742564214,,,,,,,,
left,1.0471975511965974,0.1962750000000001,1.2434725511965974,-0.8509225511965973,1.0471975511895495,0.19627499736063053,6.931581753022442e-09,-2.639369556245441e-09,0.142052071943246,-0.0820138006625165,0.164027603294324,1.0471975581281792,1.72028746950201e-09,-0.134300206915378,-0.00452512590982044,2.01612528511828e-08,1.33892805176394e-09,0.105713742983745,-1.63974482140683e-15,-0.105713725736595,3.12442044555452e-13,0.10571372686994,0.0145020834007216,3.45135109243034e-10,-0.105713742986443,,,,,,,,
left,1.3089969389957474,0.1962750000000001,1.5052719389957474,-1.1127219389957475,1.3089969389810299,0.19627499767513001,6.660097806587828e-09,-2.3248700742328765e-09,0.158438498473723,-0.0424534665850567,0.1640276032370663,1.3089969456558452,1.72028746950201e-09,-0.134300206915378,-0.00452512589895609,1.77770267898504e-08,1.33892809339731e-09,0.10571374350996,-1.4494238146236e-15,-0.105713726262923,4.46973639379567e-13,0.105713727396475,0.0145020834775199,4.125499610543e-10,-0.105713743512406,,,,,,,,
left,1.5707963267948966,0.1962750000000001,1.7670713267948965,-1.3745213267948966,1.57079632677224,0.19627499805248005,6.561296617135781e-09,-1.9475200341290133e-09,0.164027603181569,1.07623373114931e-09,0.164027603181569,1.5707963333561932,1.72028746950201e-09,-0.134300206915378,-0.00452512588591742,1.49284953277654e-08,1.33892807951952e-09,0.105713744141493,-1.21201557833429e-15,-0.105713726894589,6.05956477349145e-13,0.105713728028387,0.0145020835696876,4.93969105437337e-10,-0.105713744143624,,,,,,,,
left,1.8325957145940457,0.1962750000000001,2.0288707145940457,-1.6363207145940457,1.832595714563175,0.19627499849397512,6.641236449667076e-09,-1.5060249713982898e-09,0.15843849781107,0.0424534686662504,0.16402760313564524,1.8325957212352821,1.72028746950201e-09,-0.134300206915378,-0.00452512587065776,1.16030302121115e-08,1.33892807951952e-09,0.1057137448806,-9.45574820535047e-16,-0.105713727633853,7.89707208079544e-13,0.105713728767939,0.0145020836775558,5.89663751195285e-10,-0.10571374488234,,,,,,,,
left,2.0943951023931957,0.1962750000000001,2.2906701023931957,-1.8981201023931957,2.094395102353825,0.19627499900090495,6.8937757724540916e-09,-9.99095139952999e-10,0.142052070647237,0.0820138025328262,0.16402760310710213,2.0943951092869715,1.72028746950201e-09,-0.134300206915378,-0.00452512585313213,7.78811680035847e-09,1.33892807951952e-09,0.105713745729453,-6.36974373900119e-16,-0.105713728482891,9.98474572774801e-13,0.105713729617311,0.0145020838014429,6.9994014848961e-10,-0.105713745730723,,,,,,,,
left,2.356194490192345,0.1962750000000001,2.552469490192345,-2.159919490192345,2.3561944901442047,0.19627499957502503,7.30097227119586e-09,-4.249750551466036e-10,0.115985029609315,0.115985031302922,0.16402760310329928,2.356194497493317,1.72028746950201e-09,-0.134300206915378,-0.00452512583327875,3.47327019372944e-09,1.33892807951952e-09,0.10571374669104,-2.83105332070676e-16,-0.105713729444693,1.23253253387522e-12,0.105713730579496,0.0145020839417855,8.25125734027866e-10,-0.105713746691751,,,,,,,,
left,2.617993877991494,0.1962750000000001,2.814268877991494,-2.421718877991494,2.61799387793424,0.19627500021786992,7.834243920257222e-09,2.1786983328553333e-10,0.0820138004524106,0.142052071875455,0.1640276031305623,2.617993885825738,1.72028746950201e-09,-0.134300206915378,-0.004525125811044,1.70450921287567e-09,1.33892809339731e-09,0.105713747767938,1.59093582490001e-16,-0.105713730521845,1.49187914232147e-12,0.105713731657094,0.0145020840989649,9.65585959038672e-10,-0.105713747767991,,,,,,,,
left,2.879793265790643,0.1962750000000001,3.076068265790643,-2.683518265790643,2.87979326572411,0.19627500092979,8.456537248235918e-09,9.297899117299835e-10,0.0424534662891891,0.15843849850803,0.16402760319362816,2.8797932742471803,1.72028746950201e-09,-0.134300206915378,-0.00452512578641208,6.77911187211367e-09,1.33892809339731e-09,0.105713748960953,5.7237401888457e-16,-0.105713731715138,1.7769911625835e-12,0.105713732850869,0.0145020842730899,1.12172480725384e-09,-0.105713748960247,,,,,,,,
left,3.141592653589793,0.1962750000000001,3.337867653589793,-2.945317653589793,3.1415926535134453,0.19627500171536494,9.124340639280197e-09,1.7153648501633256e-09,-1.49664367741618e-09,0.164027603296101,0.164027603296101,-3.1415926444654527,1.72028746950201e-09,-0.134300206915378,-0.00452512575923115,1.27176191944929e-08,1.33892807951952e-09,0.105713750277342,1.00031558622512e-15,-0.105713733031869,2.08780903204814e-12,0.105713734168181,0.0145020844652399,1.29391473013297e-09,-0.105713750275765,,,,,,,,
left,-3.141592653589793,0.22435000000000016,-2.917242653589793,3.3659426535897934,-3.1415926535281846,0.22435000037249497,9.19441189850545e-09,3.7249481277257246e-10,-1.54588248539469e-09,0.168132830785792,0.168132830785792,-3.141592644395381,1.72028746950201e-09,-0.134300206915378,-0.00356708168002708,2.7428028271243e-09,1.35889523245059e-09,0.152778693665033,1.31920558198211e-16,-0.152778675926931,1.01671412829604e-12,0.152778677258516,0.0215393033370249,1.14251334204769e-09,-0.152778693664698,,,,,,,,
left,-2.8797932657906435,0.22435000000000016,-2.6554432657906433,3.104143265790644,-2.87979326572941,0.22434999959360002,9.86100090472064e-09,-4.0640013576620504e-10,-0.0435159802899976,0.162403842977579,0.1681328306859954,-2.8797932559296426,1.72028746950201e-09,-0.134300206915378,-0.00356708170643136,3.24298578474297e-09,1.35889523245059e-09,0.152778692350843,-2.91968945073682e-16,-0.152778674612355,8.44178511220569e-13,0.152778675943299,0.0215393031357022,1.00168621583206e-09,-0.152778692351295,,,,,,,,
left,-2.6179938779914944,0.22435000000000016,-2.393643877991494,2.8423438779914947,-2.617993877931215,0.22434999889555507,1.0481491674596555e-08,-1.1044450909380998e-09,-0.0840664168394272,0.145607301651586,0.16813283062649093,-2.6179938675100027,1.72028746950201e-09,-0.134300206915378,-0.00356708173009609,8.57337017236858e-09,1.35889524632837e-09,0.152778691172998,-7.60732588257514e-16,-0.152778673434167,6.84910189047217e-13,0.152778674764541,0.021539302955268,8.74141805813708e-10,-0.152778691174159,,,,,,,,
left,-2.356194490192345,0.22435000000000016,-2.1318444901923446,2.580544490192345,-2.356194490133575,0.22434999827618496,1.1013705947249264e-08,-1.7238152016929575e-09,-0.11888786596959,0.118887863350798,0.16813283060402337,-2.356194479178639,1.72028746950201e-09,-0.134300206915378,-0.00356708175109453,1.32984821975285e-08,1.35889528796174e-09,0.152778690127854,-1.16345214280464e-15,-0.152778672388721,5.39763376554375e-13,0.152778673718591,0.0215393027951632,7.59726297357801e-10,-0.152778690129646,,,,,,,,
left,-2.0943951023931957,0.22435000000000016,-1.8700451023931954,2.318745102393196,-2.094395102336425,0.22434999773209496,1.1421465551109122e-08,-2.2679051969731745e-09,-0.145607303481571,0.0840664136436622,0.16813283061342194,-2.09439509097173,1.72028746950201e-09,-0.134300206915378,-0.00356708176954073,1.74496405025917e-08,1.35889527408395e-09,0.152778689209743,-1.51049739141405e-15,-0.152778671470343,4.09503510624417e-13,0.152778672799771,0.0215393026545184,6.58336250724432e-10,-0.152778689212089,,,,,,,,
left,-1.832595714594046,0.22435000000000016,-1.6082457145940459,2.056945714594046,-1.832595714539765,0.2243499972614651,1.1676978939334504e-08,-2.7385350653830187e-09,-0.162403843878441,0.0435159767823977,0.16813283064832762,-1.832595702917067,1.72028746950201e-09,-0.134300206915378,-0.00356708178549643,2.10405413105141e-08,1.35889524632837e-09,0.152778688415593,-1.75567322582644e-15,-0.152778670675963,2.95532761358209e-13,0.152778672005006,0.0215393025328627,5.69874122665181e-10,-0.15277868841842,,,,,,,,
left,-1.5707963267948966,0.22435000000000016,-1.3464463267948963,1.7951463267948968,-1.570796326743565,0.22434999686267498,1.1762798513004213e-08,-3.1373251774269306e-09,-0.16813283070141,-1.97771261370538e-09,0.16813283070141,-1.570796315032098,1.72028746950201e-09,-0.134300206915378,-0.00356708179901612,2.40832819622724e-08,1.35889524632837e-09,0.15277868774269,-2.00224531191168e-15,-0.152778670002864,1.98097788722591e-13,0.152778671331581,0.0215393024297804,4.94271357270546e-10,-0.152778687745923,,,,,,,,
left,-1.3089969389957472,0.22435000000000016,-1.0846469389957472,1.5333469389957473,-1.308996938947815,0.2243499965343051,1.1672977695553755e-08,-3.465695064264196e-09,-0.162403842974891,-0.0435159806046771,0.16813283076484403,-1.3089969273227695,1.72028746950201e-09,-0.134300206915378,-0.00356708181014877,2.65883352250436e-08,1.35889524632837e-09,0.152778687188595,-2.2348585942902e-15,-0.152778669448607,1.18607136978615e-13,0.152778670777055,0.0215393023448986,4.3148487136127e-10,-0.152778687192162,,,,,,,,
left,-1.0471975511965979,0.22435000000000016,-0.8228475511965977,1.2715475511965981,-1.0471975511525011,0.224349996274959,1.1413500367041252e-08,-3.725041164415188e-09,-0.145607301750184,-0.0840664170772958,0.1681328308308136,-1.0471975397830975,1.72028746950201e-09,-0.134300206915378,-0.00356708181894096,2.8566262742923e-08,1.35889526020616e-09,0.152778686750989,-2.38546011132681e-15,-0.152778669010874,5.76917151953619e-14,0.15277867033911,0.0215393022778622,3.81498961410774e-10,-0.15277868675482,,,,,,,,
left,-0.7853981633974483,0.22435000000000016,-0.5610481633974481,1.0097481633974486,-0.7853981633576086,0.2243499960834215,1.1001854538505995e-08,-3.916578672491511e-09,-0.11888786355587,-0.118887866171844,0.16813283089204634,-0.7853981523955937,1.72028746950201e-09,-0.134300206915378,-0.00356708182543418,3.00269131822072e-08,1.35889524632837e-09,0.152778686427809,-2.49871156617377e-15,-0.1527786686876,1.66083620227888e-14,0.152778670015677,0.0215393022283543,3.4432476774928e-10,-0.152778686431833,,,,,,,,
left,-0.5235987755982987,0.22435000000000016,-0.29924877559829854,0.7479487755982989,-0.5235987755631245,0.2243499959589315,1.0465866062681073e-08,-4.04106867413212e-09,-0.0840664139472625,-0.145607303686087,0.16813283094233814,-0.5235987651324326,1.72028746950201e-09,-0.134300206915378,-0.00356708182965423,3.09756038501754e-08,1.35889523245059e-09,0.15277868621777,-2.56813586588447e-15,-0.1527786684775,-4.24551942851554e-15,0.152778669805474,0.0215393021961786,3.19993957026722e-10,-0.152778686221919,,,,,,,,
left,-0.2617993877991496,0.22435000000000016,-0.037449387799149414,0.48614938779914973,-0.2617993877690446,0.2243499959009414,9.841771675400679e-09,-4.0990587590883365e-09,-0.0435159771654919,-0.162403844115989,0.16813283097693343,-0.2617993779573779,1.72028746950201e-09,-0.134300206915378,-0.00356708183161973,3.14161765776852e-08,1.35889526020616e-09,0.152778686119946,-2.59185996804572e-15,-0.152778668379648,-4.17136723288518e-15,0.152778669707573,0.0215393021811932,3.0856307022922e-10,-0.15277868612415,,,,,,,,
left,0.0,0.22435000000000016,0.22435000000000016,0.22435000000000016,2.463999837498676e-11,0.224349995909029,9.171777251853408e-09,-4.090971172932001e-09,1.54207687458977e-09,-0.168132830992832,0.168132830992832,9.171777251853408e-09,1.72028746950201e-09,-0.134300206915378,-0.00356708183134506,3.13515201692703e-08,1.35889524632837e-09,0.152778686133618,-2.58253419076697e-15,-0.152778668393325,1.76615813680409e-14,0.152778669721255,0.0215393021832884,3.10115340270389e-10,-0.152778686137811,,,,,,,,
left,0.2617993877991496,0.22435000000000016,0.48614938779914973,-0.037449387799149414,0.26179938781793305,0.22434999598360095,8.501162773733029e-09,-4.016399213213617e-09,0.0435159801476017,-0.162403843329522,0.16813283098909146,0.26179939630031235,1.72028746950201e-09,-0.134300206915378,-0.00356708182881638,3.07787696524337e-08,1.35889526020616e-09,0.152778686259477,-2.53075046022689e-15,-0.152778668519222,6.17727506278713e-14,0.152778669847212,0.0215393022025693,3.24761733103054e-10,-0.152778686263591,,,,,,,,
left,0.5235987755982987,0.22435000000000016,0.7479487755982989,-0.29924877559829854,0.523598775610825,0.22434999612514997,7.875197827189595e-09,-3.874850190710433e-09,0.0840664166300793,-0.145607302165392,0.16813283096678602,0.5235987834734965,1.72028746950201e-09,-0.134300206915378,-0.00356708182401723,2.96920896009323e-08,1.35889523245059e-09,0.152778686498337,-2.44299158311666e-15,-0.152778668758155,1.28719446750835e-13,0.152778670086262,0.0215393022391621,3.52639277678004e-10,-0.152778686502302,,,,,,,,
left,0.7853981633974478,0.22435000000000016,1.009748163397448,-0.5610481633974477,0.7853981634033109,0.22434999633318897,7.336094065557575e-09,-3.666811188018926e-09,0.118887865762004,-0.118887864017659,0.16813283092877981,0.7853981707335419,1.72028746950201e-09,-0.134300206915378,-0.00356708181696476,2.80939787838013e-08,1.35889523245059e-09,0.152778686849346,-2.31159630523545e-15,-0.152778669109271,2.18991852452e-13,0.152778670437552,0.0215393022929359,3.93916862683936e-10,-0.152778686853098,,,,,,,,
left,1.0471975511965974,0.22435000000000016,1.2715475511965977,-0.8228475511965972,1.0471975511954015,0.2243499966082685,6.920084283379424e-09,-3.3917316732967606e-09,0.14560730333387,-0.084066414432299,0.16813283087982753,1.0471975581166817,1.72028746950201e-09,-0.134300206915378,-0.00356708180764019,2.598129688435e-08,1.35889526020616e-09,0.152778687313441,-2.14136894570801e-15,-0.152778669573507,3.32972084305735e-13,0.152778670902017,0.0215393023640338,4.48789809220317e-10,-0.152778687316913,,,,,,,,
left,1.3089969389957474,0.22435000000000016,1.5333469389957477,-1.0846469389957472,1.3089969389871001,0.2243499969511199,6.654972795061553e-09,-3.0488802593708897e-09,0.162403843831647,-0.0435159776440093,0.16813283082612956,1.3089969456507202,1.72028746950201e-09,-0.134300206915378,-0.0035670817960188,2.33486540578496e-08,1.35889524632837e-09,0.152778687891851,-1.92674802026539e-15,-0.152778670152093,4.70992436824107e-13,0.152778671480889,0.0215393024526441,5.17480468759965e-10,-0.152778687894978,,,,,,,,
left,1.5707963267948966,0.22435000000000016,1.7951463267948968,-1.3464463267948963,1.570796326778395,0.22434999736266492,6.55823395590005e-09,-2.6373352390862692e-09,0.168132830774914,1.10265441673624e-09,0.168132830774914,1.5707963333531305,1.72028746950201e-09,-0.134300206915378,-0.00356708178206931,2.01894407663783e-08,1.35889526020616e-09,0.152778688586135,-1.67365361084128e-15,-0.152778670846586,6.33442706165956e-13,0.152778672175724,0.0215393025590053,6.00238211706648e-10,-0.15277868858885,,,,,,,,
left,1.8325957145940457,0.22435000000000016,2.056945714594046,-1.6082457145940454,1.832595714569305,0.2243499978442851,6.635823446288214e-09,-2.1557150509110556e-09,0.162403843164295,0.0435159797786409,0.16813283073400034,1.8325957212298691,1.72028746950201e-09,-0.134300206915378,-0.00356708176574441,1.64938930728504e-08,1.35889524632837e-09,0.152778689398648,-1.36439270386818e-15,-0.152778671659343,8.20494228506639e-13,0.152778672988881,0.0215393026834779,6.97333937462121e-10,-0.152778689400883,,,,,,,,
left,2.0943951023931957,0.22435000000000016,2.318745102393196,-1.8700451023931954,2.0943951023598197,0.22434999839719993,6.881770264755005e-09,-1.6028002258750007e-09,0.145607302027543,0.0840664163576251,0.16813283071117818,2.094395109274966,1.72028746950201e-09,-0.134300206915378,-0.00356708174700328,1.22529393369707e-08,1.35889524632837e-09,0.152778690331424,-1.01796471203436e-15,-0.152778672592397,1.03259337612647e-12,0.152778673922393,0.0215393028263731,8.0907523372951e-10,-0.152778690333108,,,,,,,,
left,2.356194490192345,0.22435000000000016,2.580544490192345,-2.1318444901923446,2.35619449014994,0.22434999902342012,7.278589730930207e-09,-9.765800390582058e-10,0.11888786387251,0.118887865603182,0.16813283071383986,2.3561944974709346,1.72028746950201e-09,-0.134300206915378,-0.00356708172577698,7.45389106718978e-09,1.35889527408395e-09,0.152778691387892,-5.60612475185046e-16,-0.15277867364918,1.26977351336558e-12,0.152778674979693,0.021539302988217,9.35785294471185e-10,-0.152778691388953,,,,,,,,
left,2.617993877991494,0.22435000000000016,2.8423438779914942,-2.3936438779914937,2.617993877939675,0.22434999972401481,7.79847120213617e-09,-2.7598534568795685e-10,0.0840664142386024,0.145607303293749,0.1681328307482334,2.617993885789965,1.72028746950201e-09,-0.134300206915378,-0.00356708170202935,2.09373682669045e-09,1.35889526020616e-09,0.152778692569854,-1.91852844198048e-16,-0.152778674831491,1.53260737398323e-12,0.152778676162581,0.0215393031692849,1.07783475016955e-09,-0.152778692570215,,,,,,,,
left,2.879793265790643,0.22435000000000016,3.1041432657906434,-2.655443265790643,2.8797932657290053,0.22435000050034515,8.405178775205968e-09,5.003449876639365e-10,0.043515977357984,0.162403843901146,0.16813283081923167,2.879793274195822,1.72028746950201e-09,-0.134300206915378,-0.00356708167571481,3.86325704882556e-09,1.35889526020616e-09,0.15277869387958,2.69082742157305e-16,-0.152778676141604,1.82080908999205e-12,0.15277867747333,0.0215393033699244,1.23561265157986e-09,-0.152778693879169,,,,,,,,
left,3.141592653589793,0.22435000000000016,3.3659426535897934,-2.917242653589793,3.14159265351795,0.22435000135571004,9.056471373517232e-09,1.3557098776928456e-09,-1.52269007906593e-09,0.168132830930268,0.168132830930268,-3.1415926445333224,1.72028746950201e-09,-0.134300206915378,-0.00356708164671912,1.04122861988957e-08,1.35889523245059e-09,0.15277869532275,9.06234751427034e-16,-0.1527786775852,2.13529243077459e-12,0.152778678917629,0.021539303591007,1.40949998652233e-09,-0.152778695321478,,,,,,,,
left,-3.141592653589793,0.252425,-2.889167653589793,3.3940176535897932,-3.14159265353108,0.25242499986431,9.16322262511926e-09,-1.3569001477975462e-10,-1.5777135930847e-09,0.172178900033388,0.172178900033388,-3.1415926444265705,1.72028746950201e-09,-0.134300206915378,-0.00262885204572791,1.04098226310065e-09,1.37844945180543e-09,0.200206947767339,-1.34112935070405e-16,-0.20020692951311,9.64800248694557e-13,0.200206931012131,0.0289640811537085,1.23878318669283e-09,-0.200206947767534,,,,,,,,
left,-2.8797932657906435,0.252425,-2.6273682657906434,3.1322182657906437,-2.879793265731575,0.2524249990209648,9.815157575587818e-09,-9.790351862548619e-10,-0.044563180098035,0.166312045743193,0.17217889992602411,-2.879793255975486,1.72028746950201e-09,-0.134300206915378,-0.00262885207368271,7.51802817407676e-09,1.37844947956101e-09,0.200206946333989,-6.43303122399839e-16,-0.200206928079282,7.97249616525649e-13,0.200206929577553,0.0289640809242903,1.09821655588567e-09,-0.200206946335086,,,,,,,,
left,-2.6179938779914944,0.252425,-2.3655688779914943,2.8704188779914945,-2.6179938779326397,0.25242499826134,1.0422029461665261e-08,-1.7386599937552205e-09,-0.086089451483637,0.149111300376488,0.17217889985918924,-2.617993867569465,1.72028746950201e-09,-0.134300206915378,-0.00262885209886252,1.33543936114432e-08,1.37844946568322e-09,0.200206945042927,-1.13120842542919e-15,-0.200206926787789,6.43610489667627e-13,0.200206928285384,0.0289640807176459,9.71034476064719e-10,-0.200206945044837,,,,,,,,
left,-2.356194490192345,0.252425,-2.1037694901923447,2.608619490192345,-2.35619449013425,0.2524249975861901,1.0942643680067476e-08,-2.4138099297132953e-09,-0.121748868979326,0.121748866314817,0.17217889983005547,-2.356194479249701,1.72028746950201e-09,-0.134300206915378,-0.00262885212124214,1.85416264129497e-08,1.37844943792764e-09,0.20020694389544,-1.59196413636761e-15,-0.200206925639919,5.03114362540714e-13,0.200206927136913,0.0289640805339819,8.57044936526566e-10,-0.200206943898072,,,,,,,,
left,-2.0943951023931957,0.252425,-1.8419701023931956,2.346820102393196,-2.09439510233639,0.2524249969935001,1.13416507296904e-08,-3.0064999378964785e-09,-0.149111302228,0.0860894482256604,0.1721788998336574,-2.094395091051545,1.72028746950201e-09,-0.134300206915378,-0.00262885214088807,2.30952269445576e-08,1.37844945180543e-09,0.200206942888119,-2.01912489035689e-15,-0.200206924632261,3.78161942477115e-13,0.200206926128728,0.0289640803727525,7.56130192323771e-10,-0.200206942891384,,,,,,,,
left,-1.832595714594046,0.252425,-1.580170714594046,2.085020714594046,-1.8325957145390501,0.2524249964806101,1.1591922755016526e-08,-3.519389890627167e-09,-0.166312046636783,0.0445631765216015,0.17217889986351667,-1.8325957030021232,1.72028746950201e-09,-0.134300206915378,-0.00262885215788899,2.70357860199512e-08,1.37844946568322e-09,0.20020694201642,-2.2856235595941e-15,-0.200206923760271,2.69046946875094e-13,0.20020692525628,0.0289640802332304,6.68204665350288e-10,-0.200206942020232,,,,,,,,
left,-1.5707963267948966,0.252425,-1.3183713267948964,1.8232213267948967,-1.57079632674221,0.25242499604565993,1.1676421607376142e-08,-3.954340077605423e-09,-0.17217889991227,-2.01043344024954e-09,0.17217889991227,-1.570796315118475,1.72028746950201e-09,-0.134300206915378,-0.0026288521723063,3.03774510816744e-08,1.37844947956101e-09,0.200206941277194,-2.56522579022914e-15,-0.200206923020797,1.76658860978322e-13,0.200206924516418,0.0289640801149113,5.93199527042048e-10,-0.20020694128147,,,,,,,,
left,-1.3089969389957472,0.252425,-1.0565719389957473,1.561421938995747,-1.308996938945855,0.25242499568712506,1.1589346593510186e-08,-4.3128749460663585e-09,-0.166312045708622,-0.0445631804050257,0.17217889997208613,-1.3089969274064006,1.72028746950201e-09,-0.134300206915378,-0.00262885218419043,3.31320501229167e-08,1.37844946568322e-09,0.200206940667853,-2.80996829786871e-15,-0.200206922411252,1.02153267211496e-13,0.200206923906552,0.0289640800173815,5.3107222982228e-10,-0.200206940672511,,,,,,,,
left,-1.0471975511965979,0.252425,-0.7947725511965978,1.299622551196598,-1.0471975511499614,0.25242499540369845,1.1336535710171347e-08,-4.5963015615768654e-09,-0.149111300450154,-0.0860894517079857,0.17217890003516023,-1.0471975398600621,1.72028746950201e-09,-0.134300206915378,-0.00262885219358498,3.53096356455887e-08,1.37844945180543e-09,0.200206940186163,-2.96992498085734e-15,-0.2002069219294,4.62329130200465e-14,0.200206923424446,0.0289640799402832,4.81805343759121e-10,-0.200206940191124,,,,,,,,
left,-0.7853981633974483,0.252425,-0.5329731633974483,1.0378231633974484,-0.7853981633545275,0.2524249951941225,1.09350749566417e-08,-4.805877529268088e-09,-0.121748866502529,-0.121748869165195,0.17217890009421713,-0.7853981524623733,1.72028746950201e-09,-0.134300206915378,-0.0026288522005315,3.69198691693785e-08,1.37844945180543e-09,0.200206939829995,-3.09011490373861e-15,-0.200206921573111,9.56849992718227e-15,0.200206923067967,0.0289640798832751,4.45409610550613e-10,-0.200206939835177,,,,,,,,
left,-0.5235987755982987,0.252425,-0.2711737755982987,0.7760237755982987,-0.5235987755595315,0.25242499505753746,1.0412128048642444e-08,-4.942462550339144e-09,-0.0860894485189545,-0.149111302415912,0.172178900143041,-0.5235987651861707,1.72028746950201e-09,-0.134300206915378,-0.00262885220505836,3.79693336973417e-08,1.37844945180543e-09,0.200206939597892,-3.17561983437498e-15,-0.200206921340929,-6.88596362854922e-15,0.20020692283566,0.0289640798461246,4.21917783484228e-10,-0.200206939603219,,,,,,,,
left,-0.2617993877991496,0.252425,-0.009374387799149564,0.5142243877991496,-0.2617993877649729,0.2524249949933631,9.803082900994298e-09,-5.006636882853854e-09,-0.0445631769002096,-0.166312046859745,0.1721789001768724,-0.2617993779960667,1.72028746950201e-09,-0.134300206915378,-0.00262885220718501,3.84624958981529e-08,1.37844945180543e-09,0.200206939488857,-3.20454964241822e-15,-0.200206921231857,-2.43739926205984e-15,0.200206922726526,0.0289640798286721,4.11386868514313e-10,-0.200206939494251,,,,,,,,
left,0.0,0.252425,0.252425,0.252425,2.915997998620412e-11,0.252424995001137,9.149154432749451e-09,-4.9988629902131265e-09,1.57529134792404e-09,-0.172178900192708,0.172178900192708,9.149154432749451e-09,1.72028746950201e-09,-0.134300206915378,-0.00262885220692667,3.84028868749329e-08,1.37844949343879e-09,0.20020693950211,-3.19523270587526e-15,-0.200206921245112,2.35921844410828e-14,0.200206922739785,0.0289640798307926,4.1390049568827e-10,-0.200206939507493,,,,,,,,
left,0.2617993877991496,0.252425,0.5142243877991496,-0.009374387799149564,0.2617993878228711,0.25242499508114385,8.494560443939037e-09,-4.918856155722295e-09,0.0445631799466183,-0.166312046056623,0.1721789001895847,0.26179939629371,1.72028746950201e-09,-0.134300206915378,-0.00262885220427391,3.77883512426108e-08,1.37844943792764e-09,0.200206939638135,-3.1407578088925e-15,-0.200206921381181,7.17519213071936e-14,0.200206922875919,0.0289640798525636,4.2957011276222e-10,-0.200206939643431,,,,,,,,
left,0.5235987755982987,0.252425,0.7760237755982987,-0.2711737755982987,0.5235987756161625,0.25242499523423545,7.883510400041871e-09,-4.765764560765717e-09,0.0860894512598353,-0.149111300863011,0.17217890016862966,0.5235987834818091,1.72028746950201e-09,-0.134300206915378,-0.00262885219919841,3.66124535384103e-08,1.37844946568322e-09,0.200206939898383,-3.04513970338141e-15,-0.200206921641513,1.42609080345603e-13,0.200206923136383,0.0289640798942173,4.58533010058315e-10,-0.200206939903511,,,,,,,,
left,0.7853981633974478,0.252425,1.037823163397448,-0.5329731633974478,0.7853981634090395,0.2524249954596305,7.35721883415863e-09,-4.540369524796972e-09,0.121748868756784,-0.121748866965318,0.17217890013266818,0.7853981707546667,1.72028746950201e-09,-0.134300206915378,-0.00262885219172601,3.48808811570083e-08,1.37844946568322e-09,0.200206940281529,-2.90688187928891e-15,-0.200206922024785,2.36655362528664e-13,0.20020692351985,0.028964079955542,5.00957764475057e-10,-0.200206940286413,,,,,,,,
left,1.0471975511965974,0.252425,1.2996225511965975,-0.7947725511965974,1.0471975512015046,0.2524249957579455,6.951060171900281e-09,-4.2420544854593345e-09,0.149111302068952,-0.0860894490067496,0.17217890008646236,1.0471975581476576,1.72028746950201e-09,-0.134300206915378,-0.00262885218183652,3.25889136355263e-08,1.37844943792764e-09,0.200206940788609,-2.71837859236315e-15,-0.200206922532032,3.54272895150652e-13,0.200206924027358,0.0289640800367033,5.57040097261205e-10,-0.200206940793169,,,,,,,,
left,1.3089969389957474,0.252425,1.5614219389957475,-1.0565719389957473,1.3089969389935598,0.25242499612994995,6.692185694490149e-09,-3.870050058196739e-09,0.16631204658525,-0.0445631773811847,0.1721789000362161,1.3089969456879331,1.72028746950201e-09,-0.134300206915378,-0.00262885216950447,2.97306432325293e-08,1.37844947956101e-09,0.200206941420929,-2.48037272811549e-15,-0.200206923164562,4.958784580243e-13,0.200206924660213,0.0289640801379103,6.27002361351824e-10,-0.200206941425087,,,,,,,,
left,1.5707963267948966,0.252425,1.8232213267948967,-1.3183713267948964,1.570796326785195,0.252424996576575,6.59765575505844e-09,-3.42342498793613e-09,0.17217889998916,1.13597710905984e-09,0.17217889998916,1.5707963333925523,1.72028746950201e-09,-0.134300206915378,-0.00262885215469847,2.62988739152417e-08,1.37844947956101e-09,0.200206942180097,-2.18838159336844e-15,-0.200206923923982,6.61676394585519e-13,0.200206925420025,0.0289640802594204,7.11094158389572e-10,-0.200206942183772,,,,,,,,
left,1.8325957145940457,0.252425,2.085020714594046,-1.5801707145940456,1.8325957145764198,0.2524249970992599,6.673283481362091e-09,-2.900740092570686e-09,0.16631204590937,0.0445631795825143,0.17217889995311217,1.8325957212673292,1.72028746950201e-09,-0.134300206915378,-0.00262885213737145,2.22825762163119e-08,1.37844946568322e-09,0.200206943068528,-1.8784852758248e-15,-0.200206924812708,8.52278458646249e-13,0.200206926309209,0.0289640804016197,8.09586418197721e-10,-0.200206943071638,,,,,,,,
left,2.0943951023931957,0.252425,2.346820102393196,-1.8419701023931956,2.0943951023672147,0.252424997699215,6.91323975843261e-09,-2.300785006958961e-09,0.149111300744958,0.086089450998773,0.1721788999358616,2.0943951093064355,1.72028746950201e-09,-0.134300206915378,-0.00262885211748311,1.76725577362203e-08,1.37844946568322e-09,0.200206944088288,-1.49681619167548e-15,-0.200206925832806,1.06762591877566e-12,0.200206927329836,0.0289640805648394,9.22786270517815e-10,-0.20020694409075,,,,,,,,
left,2.356194490192345,0.252425,2.608619490192345,-2.1037694901923447,2.356194490157585,0.252424998378465,7.300454019087965e-09,-1.6215350173709453e-09,0.121748866839384,0.121748868617028,0.17217889994479696,2.356194497492799,1.72028746950201e-09,-0.134300206915378,-0.00262885209496613,1.24531709415595e-08,1.37844946568322e-09,0.200206945242829,-1.01909439583559e-15,-0.200206926987731,1.30822458529268e-12,0.200206928485358,0.0289640807496317,1.05101640343832e-09,-0.200206945244559,,,,,,,,
left,2.617993877991494,0.252425,2.870418877991494,-2.365568877991494,2.61799387794753,0.25242499913805005,7.807759327960184e-09,-8.619499558548682e-10,0.0860894488288541,0.149111302055839,0.17217889998615843,2.6179938857992533,1.72028746950201e-09,-0.134300206915378,-0.0026288520697864,6.61645585268849e-09,1.37844949343879e-09,0.200206946533898,-5.12073646313161e-16,-0.20020692827923,1.57418505578066e-12,0.200206929777525,0.0289640809562763,1.19464614878344e-09,-0.20020694653481,,,,,,,,
left,2.879793265790643,0.252425,3.132218265790643,-2.627368265790643,2.8797932657370398,0.25242499997955004,8.399776874057352e-09,-2.0449975046687996e-11,0.0445631771046034,0.166312046689006,0.1721789000648522,2.87979327419042,1.72028746950201e-09,-0.134300206915378,-0.00262885204189099,4.32966533959473e-10,1.37844946568322e-09,0.200206947964213,3.83095408136772e-17,-0.20020692971002,1.86582908597987e-12,0.200206931209057,0.0289640811852083,1.35405652311765e-09,-0.200206947964219,,,,,,,,
left,3.141592653589793,0.252425,3.3940176535897932,-2.889167653589793,3.14159265352611,0.25242500090554,9.035281212780026e-09,9.05539976336911e-10,-1.55568485314142e-09,0.172178900184185,0.172178900184185,-3.1415926445545117,1.72028746950201e-09,-0.134300206915378,-0.0026288520111953,6.9643444692189e-09,1.37844945180543e-09,0.200206949538108,6.85539171155485e-16,-0.200206931284438,2.18378932635082e-12,0.200206932784291,0.0289640814371212,1.52963700228242e-09,-0.200206949537118,,,,,,,,
left,-3.141592653589793,0.2805000000000001,-2.861092653589793,3.422092653589793,-3.14159265353233,0.28049999926239,9.179875970488638e-09,-7.37610084122764e-10,-1.61711872550737e-09,0.176159102027313,0.176159102027313,-3.141592644409917,1.72028746950201e-09,-0.134300206915378,-0.00171283004702199,5.67677389800079e-09,1.39754084693688e-09,0.247973265390753,-5.015235353934e-16,-0.247973246592619,9.14543308289469e-13,0.247973248228758,0.0367602924708665,1.33940753022737e-09,-0.247973265391602,,,,,,,,
left,-2.8797932657906435,0.2805000000000001,-2.5992932657906436,3.1602932657906435,-2.8797932657322303,0.28049999835042994,9.818034385489227e-09,-1.6495701471441748e-09,-0.0455933322136594,0.170156625625329,0.1761591019122869,-2.879793255972609,1.72028746950201e-09,-0.134300206915378,-0.00171283007649165,1.26979597698862e-08,1.3975408330591e-09,0.247973263830157,-1.07331119586107e-15,-0.247973245031447,7.52238308781299e-13,0.247973246666729,0.0367602922109262,1.19913447711637e-09,-0.247973263832038,,,,,,,,
left,-2.6179938779914944,0.2805000000000001,-2.3374938779914944,2.8984938779914944,-2.617993877932705,0.2804999975301352,1.0412084971989088e-08,-2.4698648681820146e-09,-0.0880795525078062,0.152558256383084,0.17615910183871336,-2.6179938675794094,1.72028746950201e-09,-0.134300206915378,-0.00171283010299878,1.90134004086678e-08,1.39754081918131e-09,0.247973262426441,-1.67219346370196e-15,-0.247973243627214,6.03401323124475e-13,0.247973245261726,0.0367602919771168,1.07228565171882e-09,-0.24797326242925,,,,,,,,
left,-2.356194490192345,0.2805000000000001,-2.075694490192345,2.636694490192345,-2.35619449013375,0.2804999967989299,1.0921776816275042e-08,-3.2010701866980185e-09,-0.124563296813288,0.124563294092383,0.17615910180328684,-2.356194479270568,1.72028746950201e-09,-0.134300206915378,-0.00171283012662723,2.46429458777571e-08,1.39754086081467e-09,0.247973261175173,-2.10463418482072e-15,-0.247973242375484,4.67346516216066e-13,0.247973244009308,0.0367602917686995,9.58712043232482e-10,-0.247973261178809,,,,,,,,
left,-2.0943951023931957,0.2805000000000001,-1.8138951023931957,2.3748951023931957,-2.0943951023353398,0.28049999615617005,1.1312548675590506e-08,-3.843830032046469e-09,-0.152558258264127,0.0880795491747973,0.17615910180123992,-2.094395091080647,1.72028746950201e-09,-0.134300206915378,-0.00171283014739772,2.95915650261786e-08,1.39754081918131e-09,0.247973260075252,-2.56306578588163e-15,-0.247973241275157,3.47808439186723e-13,0.247973242908376,0.0367602915854913,8.58274371682418e-10,-0.247973260079615,,,,,,,,
left,-1.832595714594046,0.2805000000000001,-1.5520957145940457,2.113095714594046,-1.832595714537465,0.2804999955997849,1.1557884205259938e-08,-4.400215192212897e-09,-0.170156626516764,0.0455933285541213,0.17615910182618882,-1.8325957030361617,1.72028746950201e-09,-0.134300206915378,-0.00171283016537669,3.38750980411716e-08,1.39754081918131e-09,0.247973259123161,-2.87989615433272e-15,-0.247973240322714,2.43541367069676e-13,0.247973241955408,0.036760291426906,7.70883524255892e-10,-0.247973259128153,,,,,,,,
left,-1.5707963267948966,0.2805000000000001,-1.2902963267948966,1.8512963267948965,-1.5707963267401,0.28049999512774004,1.1641135611029085e-08,-4.872260039867626e-09,-0.176159101870749,-2.05069201498902e-09,0.176159101870749,-1.570796315153761,1.72028746950201e-09,-0.134300206915378,-0.0017128301806303,3.75094341564253e-08,1.39754084693688e-09,0.247973258315393,-3.18427768807677e-15,-0.247973239514646,1.56244694813177e-13,0.247973241146895,0.0367602912923598,6.96472362103997e-10,-0.247973258320918,,,,,,,,
left,-1.3089969389957472,0.2805000000000001,-1.028496938995747,1.5894969389957474,-1.308996938943235,0.2804999947382749,1.1556628987108297e-08,-5.261725166683107e-09,-0.170156625560326,-0.0455933325133151,0.17615910192705544,-1.3089969274391182,1.72028746950201e-09,-0.134300206915378,-0.0017128301932155,4.05079616212526e-08,1.39754084693688e-09,0.247973257648934,-3.4374397835153e-15,-0.24797323884794,8.64785140389537e-14,0.247973240479821,0.0367602911813509,6.35000221448438e-10,-0.247973257654899,,,,,,,,
left,-1.0471975511965979,0.2805000000000001,-0.7666975511965978,1.3276975511965978,-1.047197551146862,0.280499994430078,1.1310071323933357e-08,-5.569922079118328e-09,-0.152558256432679,-0.0880795527191002,0.17615910198731088,-1.0471975398865265,1.72028746950201e-09,-0.134300206915378,-0.00171283020317445,4.28808161764873e-08,1.39754079142573e-09,0.247973257121552,-3.64218827701534e-15,-0.247973238320362,3.52719991092531e-14,0.247973239951951,0.0367602910935073,5.86448870137587e-10,-0.247973257127865,,,,,,,,
left,-0.7853981633974483,0.2805000000000001,-0.5048981633974482,1.0658981633974483,-0.785398163350961,0.2804999942019091,1.091816004272772e-08,-5.798091007314099e-09,-0.124563294263216,-0.12456329698322,0.1761591020442441,-0.7853981524792882,1.72028746950201e-09,-0.134300206915378,-0.00171283021054725,4.46375026193038e-08,1.39754080530352e-09,0.247973256731124,-3.77262740789947e-15,-0.247973237929788,3.30029614660099e-15,0.247973239561159,0.0367602910284749,5.50828246373156e-10,-0.247973256737694,,,,,,,,
left,-0.5235987755982987,0.2805000000000001,-0.24309877559829862,0.8040987755982988,-0.5235987755555215,0.28049999405284254,1.0407445905080692e-08,-5.94715754420605e-09,-0.0880795494580742,-0.152558258435893,0.17615910209163207,-0.5235987651908528,1.72028746950201e-09,-0.134300206915378,-0.00171283021536385,4.57852279737402e-08,1.39754081918131e-09,0.247973256476062,-3.85530988063897e-15,-0.24797323767463,-8.71750793276448e-15,0.247973239305858,0.0367602909859898,5.28171984550996e-10,-0.2479732564828,,,,,,,,
left,-0.2617993877991496,0.2805000000000001,0.018700612200850508,0.5422993877991497,-0.2617993877605384,0.2804999939822576,9.812523016350383e-09,-6.0177424709983995e-09,-0.0455933289283695,-0.170156626725538,0.1761591021247116,-0.26179937798662656,1.72028746950201e-09,-0.134300206915378,-0.00171283021764433,4.63286970791678e-08,1.39754084693688e-09,0.247973256355303,-3.89441515971819e-15,-0.247973237553825,4.17617827874657e-17,0.247973239184982,0.0367602909658748,5.18537623305879e-10,-0.24797325636212,,,,,,,,
left,0.0,0.2805000000000001,0.2805000000000001,0.2805000000000001,3.399849846097425e-11,0.2804999939896685,9.173668122256658e-09,-6.010331565775573e-09,1.61602513975143e-09,-0.176159102140475,0.176159102140475,9.173668122256658e-09,1.72028746950201e-09,-0.134300206915378,-0.0017128302174044,4.62716918928517e-08,1.39754081918131e-09,0.247973256368017,-3.88180876040607e-15,-0.247973237566541,3.02350456947114e-14,0.247973239197701,0.0367602909679915,5.22009147808388e-10,-0.247973256374825,,,,,,,,
left,0.2617993877991496,0.2805000000000001,0.5422993877991497,0.018700612200850508,0.26179938782809375,0.2804999940752052,8.534103812518623e-09,-5.924794876932538e-09,0.0455933320535929,-0.17015662590183,0.1761591021379381,0.2617993963332534,1.72028746950201e-09,-0.134300206915378,-0.00171283021463982,4.56131967190047e-08,1.39754084693688e-09,0.247973256514427,-3.82939467501687e-15,-0.247973237713003,8.24414518342567e-14,0.247973239344238,0.0367602909923772,5.38698229869071e-10,-0.247973256521136,,,,,,,,
left,0.5235987755982987,0.2805000000000001,0.8040987755982988,-0.24309877559829862,0.523598775621745,0.280499994240158,7.937037582728124e-09,-5.759842103270074e-09,0.0880795522700047,-0.152558256843204,0.17615910211828822,0.5235987835353363,1.72028746950201e-09,-0.134300206915378,-0.00171283020930893,4.43433022616946e-08,1.39754080530352e-09,0.247973256796738,-3.72427299383223e-15,-0.247973237995416,1.57227405264515e-13,0.2479732396268,0.0367602910393992,5.68743056682857e-10,-0.24797325680326,,,,,,,,
left,0.7853981633974478,0.2805000000000001,1.0658981633974478,-0.5048981633974478,0.7853981634149655,0.28049999448341445,7.422756853614487e-09,-5.516585632747706e-09,0.124563296576147,-0.124563294726941,0.1761591020843031,0.7853981708202047,1.72028746950201e-09,-0.134300206915378,-0.00171283020144771,4.24706137129757e-08,1.39754086081467e-09,0.247973257213047,-3.57259307077325e-15,-0.247973238411875,2.55042724362486e-13,0.247973240043483,0.0367602911087404,6.12311234157456e-10,-0.247973257219293,,,,,,,,
left,1.0471975511965974,0.2805000000000001,1.3276975511965974,-0.7666975511965973,1.047197551207748,0.280499994805632,7.025840353946933e-09,-5.194368102312552e-09,0.152558258093981,-0.0880795499485271,0.17615910204075405,1.0471975582224378,1.72028746950201e-09,-0.134300206915378,-0.00171283019103474,3.998998057917e-08,1.39754086081467e-09,0.247973257764487,-3.36971260188662e-15,-0.247973238963516,3.76381884689594e-13,0.24797324059542,0.0367602912005896,6.69599019404631e-10,-0.247973257770366,,,,,,,,
left,1.3089969389957474,0.2805000000000001,1.5894969389957474,-1.0284969389957475,1.3089969390001,0.28049999520761004,6.77281830618881e-09,-4.79239004036458e-09,0.170156626460539,-0.0455933294117242,0.1761591019938436,1.3089969457685657,1.72028746950201e-09,-0.134300206915378,-0.0017128301780444,3.68953858569346e-08,1.3975408330591e-09,0.247973258452416,-3.11283004886129e-15,-0.247973239651694,5.21563778525494e-13,0.247973241283971,0.036760291315173,7.40828711557548e-10,-0.247973258457838,,,,,,,,
left,1.5707963267948966,0.2805000000000001,1.8512963267948965,-1.2902963267948966,1.5707963267920149,0.28049999569030504,6.6803667042592e-09,-4.309695045279227e-09,0.176159101950804,1.17680739314585e-09,0.176159101950804,1.5707963334752633,1.72028746950201e-09,-0.134300206915378,-0.00171283016244552,3.3179251263704e-08,1.39754081918131e-09,0.247973259278482,-2.79924791583475e-15,-0.247973240478062,6.90956140753018e-13,0.247973242110785,0.0367602914527649,8.26249950597755e-10,-0.247973259283357,,,,,,,,
left,1.8325957145940457,0.2805000000000001,2.1130957145940457,-1.5520957145940457,1.832595714583495,0.2804999962551351,6.754169223910367e-09,-3.7448649736759876e-09,0.170156625771937,0.0455933316941755,0.176159101919447,1.832595721348215,1.72028746950201e-09,-0.134300206915378,-0.00171283014419281,2.88309454125011e-08,1.39754084693688e-09,0.247973260245087,-2.44430609761917e-15,-0.24797324144502,8.84823890004085e-13,0.247973243078266,0.0367602916137656,9.26133872446599e-10,-0.247973260249321,,,,,,,,
left,2.0943951023931957,0.2805000000000001,2.3748951023931957,-1.8138951023931957,2.094395102374525,0.28049999690334493,6.988524425821652e-09,-3.0966551545219545e-09,0.152558256744257,0.0880795520199397,0.17615910190756506,2.09439510938172,1.72028746950201e-09,-0.134300206915378,-0.00171283012324546,2.38405208876071e-08,1.39754080530352e-09,0.24797326135439,-2.03948989966073e-15,-0.247973242554728,1.10369692726631e-12,0.247973244188576,0.0367602917985346,1.04078652466415e-09,-0.247973261357888,,,,,,,,
left,2.356194490192345,0.2805000000000001,2.636694490192345,-2.075694490192345,2.356194490165115,0.28049999763686495,7.3667449917991235e-09,-2.3631351320219096e-09,0.124563294619525,0.124563296454777,0.17615910192252698,2.35619449755909,1.72028746950201e-09,-0.134300206915378,-0.00171283009954126,1.8193365977584e-08,1.3975408330591e-09,0.247973262609684,-1.50310628099517e-15,-0.247973243810481,1.34756756077864e-12,0.247973245445011,0.0367602920076207,1.1705308902231e-09,-0.24797326261235,,,,,,,,
left,2.617993877991494,0.2805000000000001,2.898493877991494,-2.337493877991494,2.6179938779552554,0.28049999845683504,7.862288153859254e-09,-1.5431650401964703e-09,0.0880795497858363,0.152558258106888,0.17615910197058646,2.617993885853782,1.72028746950201e-09,-0.134300206915378,-0.00171283007304334,1.1880575504429e-08,1.3975408330591e-09,0.247973264012924,-9.57973035559342e-16,-0.247973245214234,1.61698193682902e-12,0.247973246849526,0.0367602922413491,1.31573197041486e-09,-0.24797326401466,,,,,,,,
left,2.879793265790643,0.2805000000000001,3.160293265790643,-2.599293265790643,2.87979326574494,0.2804999993647399,8.440562915268401e-09,-6.352601777948053e-10,0.0455933291441961,0.170156626597221,0.1761591020566269,2.879793274231206,1.72028746950201e-09,-0.134300206915378,-0.00171283004370414,4.89086202777879e-09,1.39754081918131e-09,0.247973265566626,-2.81456204713246e-16,-0.247973246768505,1.91210564720418e-12,0.247973248404641,0.0367602925001393,1.47676841219405e-09,-0.247973265567332,,,,,,,,
left,3.141592653589793,0.2805000000000001,3.422092653589793,-2.861092653589793,3.14159265353416,0.28050000036276,9.061282636016747e-09,3.6275993320344924e-10,-1.59622739517503e-09,0.176159102183899,0.176159102183899,-3.1415926445285107,1.72028746950201e-09,-0.134300206915378,-0.00171283001145268,2.7927300959136e-09,1.39754084693688e-09,0.247973267274553,2.35463003815227e-16,-0.247973248477057,2.23353852461917e-12,0.247973250114122,0.0367602927846176,1.65403146940948e-09,-0.247973267274128,,,,,,,,
right,-3.141592653589793,-0.281,-3.4225926535897933,2.860592653589793,-3.1415926534203553,-0.28099999908738504,2.1188857335374678e-08,9.126149835836372e-10,-1.9721214231182e-09,0.0930735148221438,0.09307351482214382,-3.141592632400936,1.47433676525463e-09,-0.134300207627801,-0.0211735791313192,5.868926033424e-09,1.19238059703708e-09,,,,,,,,,0.60542874216199,-0.605428752653238,2.35053702582498e-12,0.605428758386513,0.0358274414899097,-4.6750462645514e-10,-0.605428737486255,1.75631932908082e-08
right,-2.8797932657906435,-0.281,-3.1607932657906437,2.5987932657906434,-2.87979326563376,-0.28099999915039,2.1176137732226152e-08,8.496100489807645e-10,-0.0240892001321678,0.089902111191827,0.0930735148135884,-2.879793244614506,1.47433676525463e-09,-0.134300207627801,-0.0211735791332375,5.45282220392956e-09,1.19238059703708e-09,,,,,,,,,0.605428742239972,-0.605428752731239,1.97933290167155e-12,0.605428758464513,0.0358274414878699,-3.20551744995242e-10,-0.605428737564227,1.59375137906459e-08
right,-2.6179938779914944,-0.281,-2.8989938779914945,2.3369938779914943,-2.6179938778483,-0.28099999921179,2.116240382932233e-08,7.8821005278229e-10,-0.0465367591083912,0.0806040272560087,0.09307351480523245,-2.6179938568290906,1.47433676525463e-09,-0.134300207627801,-0.0211735791351114,5.05394323823101e-09,1.19238059703708e-09,,,,,,,,,0.605428742316135,-0.605428752807419,1.64124578448668e-12,0.605428758540708,0.0358274414858764,-1.85855938681761e-10,-0.605428737640368,1.44409896065843e-08
right,-2.356194490192345,-0.281,-2.637194490192345,2.0751944901923447,-2.356194490063255,-0.280999999266075,2.1148254703007296e-08,7.339250318594281e-10,-0.0658129148542497,0.0658129120705932,0.09307351479784329,-2.35619446904409,1.47433676525463e-09,-0.134300207627801,-0.0211735791367686,4.70245772391187e-09,1.19238059703708e-09,,,,,,,,,0.605428742383488,-0.605428752874786,1.33489505951185e-12,0.605428758608091,0.0358274414841132,-6.31403246119624e-11,-0.605428737707699,1.30872445571917e-08
right,-2.0943951023931957,-0.281,-2.375395102393196,1.8133951023931956,-2.09439510227855,-0.28099999931340003,2.1133752081681223e-08,6.865999990779414e-10,-0.0806040292123554,0.0465367556922345,0.09307351479140005,-2.0943950812594436,1.47433676525463e-09,-0.134300207627801,-0.0211735791382137,4.39697322818648e-09,1.19238059703708e-09,,,,,,,,,0.605428742442216,-0.605428752933526,1.06030589663619e-12,0.605428758666849,0.0358274414825754,4.77019945603703e-11,-0.605428737766408,1.18749522623949e-08
right,-1.832595714594046,-0.281,-2.113595714594046,1.551595714594046,-1.83259571449412,-0.28099999935393005,2.1118949034004686e-08,6.460699752963706e-10,-0.0899021121839198,0.0240891963225793,0.0930735147858824,-1.8325956934750969,1.47433676525463e-09,-0.134300207627801,-0.0211735791394512,4.13608557285316e-09,1.19238059703708e-09,,,,,,,,,0.605428742492509,-0.60542875298383,8.1762991078846e-13,0.605428758717168,0.0358274414812583,1.46725140587702e-10,-0.605428737816685,1.08011356736527e-08
right,-1.5707963267948966,-0.281,-1.8517963267948967,1.2897963267948964,-1.570796326709915,-0.280999999387765,2.1103898850682867e-08,6.122350404424992e-10,-0.0930735147812772,-1.96421405629062e-09,0.09307351478127722,-1.5707963056909977,1.47433676525463e-09,-0.134300207627801,-0.0211735791404842,3.91883470085958e-09,1.19238059703708e-09,,,,,,,,,0.605428742534485,-0.605428753025816,6.06751109028511e-13,0.605428758759166,0.0358274414801588,2.33972207987669e-10,-0.605428737858648,9.8639941173264e-09
right,-1.3089969389957472,-0.281,-1.5899969389957471,1.0279969389957473,-1.30899693892589,-0.28099999941489995,2.1088642609967678e-08,5.851000794976358e-10,-0.0899021111591581,-0.0240892001149834,0.093073514777585,-1.3089969179071046,1.47433676525463e-09,-0.134300207627801,-0.0211735791413123,3.74471029414533e-09,1.19238059703708e-09,,,,,,,,,0.605428742568139,-0.605428753059477,4.27525907252425e-13,0.605428758792839,0.0358274414792768,3.09483923475318e-10,-0.605428737892292,9.06377906837136e-09
right,-1.0471975511965979,-0.281,-1.328197551196598,0.7661975511965978,-1.0471975511420175,-0.28099999943545245,2.107320740130092e-08,5.645475753546236e-10,-0.0806040272337962,-0.0465367590859807,0.09307351477479062,-1.0471975301233905,1.47433676525463e-09,-0.134300207627801,-0.0211735791419392,3.61295057981012e-09,1.19238059703708e-09,,,,,,,,,0.605428742593607,-0.605428753084951,2.79854829695012e-13,0.605428758818324,0.0358274414786092,3.73270621260363e-10,-0.605428737917753,8.40024917857699e-09
right,-0.7853981633974483,-0.281,-1.0663981633974484,0.5043981633974483,-0.7853981633582741,-0.28099999944955606,2.1057611987451708e-08,5.504439681836004e-10,-0.0658129120589032,-0.0658129148306288,0.0930735147728747,-0.7853981423398363,1.47433676525463e-09,-0.134300207627801,-0.021173579142369,3.52259776149412e-09,1.19238059703708e-09,,,,,,,,,0.605428742611066,-0.605428753102414,1.63675123655671e-13,0.605428758835797,0.0358274414781511,4.25318738998776e-10,-0.605428737935209,7.87310826826421e-09
right,-0.5235987755982987,-0.281,-0.8045987755982987,0.24259877559829868,-0.5235987755746525,-0.28099999945731846,2.10418724666539e-08,5.426815663511775e-10,-0.0465367556898523,-0.0806040291911263,0.093073514771824,-0.5235987545564262,1.47433676525463e-09,-0.134300207627801,-0.0211735791426047,3.47296058723346e-09,1.19238059703708e-09,,,,,,,,,0.605428742620637,-0.605428753111987,7.89257163253871e-14,0.605428758845379,0.0358274414778995,4.65595534724309e-10,-0.605428737944779,7.48248315059464e-09
right,-0.2617993877991496,-0.281,-0.5427993877991496,-0.019200612200850453,-0.2617993877911346,-0.28099999945881143,2.102600077380501e-08,5.411885939388128e-10,-0.0240891963272463,-0.0899021121679122,0.09307351477162816,-0.2617993667731488,1.47433676525463e-09,-0.134300207627801,-0.0211735791426487,3.46347598915807e-09,1.19238059703708e-09,,,,,,,,,0.605428742622415,-0.605428753113766,2.55632026353544e-14,0.605428758847165,0.0358274414778516,4.94047408664395e-10,-0.60542873794656,7.22859468048264e-09
right,0.0,-0.281,-0.281,-0.281,-7.710998506382793e-12,-0.280999999454154,2.1010010258568107e-08,5.458460350382666e-10,1.9554755001664e-09,-0.0930735147722708,0.09307351477227081,2.1010010258568107e-08,1.47433676525463e-09,-0.134300207627801,-0.0211735791425046,3.49334001524743e-09,1.19238059703708e-09,,,,,,,,,0.605428742616548,-0.605428753107898,3.58312282764923e-15,0.605428758841302,0.0358274414780038,5.1059804195824e-10,-0.605428737940698,7.11234713393789e-09
right,0.2617993877991496,-0.281,-0.019200612200850453,-0.5427993877991496,0.2617993877756255,-0.28099999944332554,2.0993904281674247e-08,5.566744842866456e-10,0.024089200105475,-0.0899021111577409,0.09307351477375514,0.26179940879305386,1.47433676525463e-09,-0.134300207627801,-0.0211735791421717,3.56257201398773e-09,1.19238059703708e-09,,,,,,,,,0.605428742603006,-0.605428753094354,1.31062125899604e-14,0.605428758827764,0.0358274414783567,5.15138386802758e-10,-0.605428737927165,7.13364971261278e-09
right,0.5235987755982987,-0.281,0.24259877559829868,-0.8045987755982987,0.5235987755588775,-0.2809999994263075,2.0977690806667226e-08,5.736925379196123e-10,0.0465367590789281,-0.0806040272393609,0.09307351477608349,0.5235987965759895,1.47433676525463e-09,-0.134300207627801,-0.0211735791416496,3.67149289304711e-09,1.19238059703708e-09,,,,,,,,,0.605428742581771,-0.605428753073114,5.42623205624236e-14,0.605428758806528,0.0358274414789111,5.07540672426381e-10,-0.60542873790594,7.29267770487792e-09
right,0.7853981633974478,-0.281,0.5043981633974478,-1.066398163397448,0.7853981633420479,-0.280999999403082,2.096137075024984e-08,5.969180150167119e-10,0.0658129148288085,-0.0658129120697508,0.09307351477925797,0.7853981843588186,1.47433676525463e-09,-0.134300207627801,-0.0211735791409376,3.82004650105817e-09,1.19238059703708e-09,,,,,,,,,0.605428742552821,-0.605428753044157,1.27221686129601e-13,0.605428758777575,0.0358274414796672,4.87652382948882e-10,-0.605428737877005,7.58989913467609e-09
right,1.0471975511965974,-0.281,0.7661975511965974,-1.3281975511965975,1.0471975511251426,-0.2809999993736075,2.094494089277532e-08,6.26392548941368e-10,0.0806040291965414,-0.0465367557033962,0.09307351478328557,1.0471975721415383,1.47433676525463e-09,-0.134300207627801,-0.0211735791400343,4.00847790707769e-09,1.19238059703708e-09,,,,,,,,,0.605428742516092,-0.60542875300742,2.32206785423571e-13,0.605428758740841,0.0358274414806268,4.55296316471861e-10,-0.605428737840293,8.02597660314327e-09
right,1.3089969389957474,-0.281,1.0279969389957473,-1.5899969389957476,1.308996938908155,-0.280999999337765,2.092840678535879e-08,6.622350445795178e-10,0.0899021121815502,-0.0240891963403044,0.09307351478818113,1.3089969599241542,1.47433676525463e-09,-0.134300207627801,-0.0211735791389363,4.23762140225099e-09,1.19238059703708e-09,,,,,,,,,0.60542874247145,-0.605428752962769,3.69415906425593e-13,0.60542875869619,0.0358274414817935,4.10275302119458e-10,-0.605428737795672,8.60223984057298e-09
right,1.5707963267948966,-0.281,1.2897963267948964,-1.8517963267948967,1.57079632669108,-0.28099999929544994,2.091175477225704e-08,7.04550084940081e-10,0.0930735147939595,1.94633050746955e-09,0.09307351479395952,1.5707963477066513,1.47433676525463e-09,-0.134300207627801,-0.0211735791376403,4.50799617295679e-09,1.19238059703708e-09,,,,,,,,,0.605428742418759,-0.605428752910067,5.39111086161255e-13,0.605428758643487,0.0358274414831709,3.52361540345564e-10,-0.605428737743005,9.31998578502938e-09
right,1.8325957145940457,-0.281,1.5515957145940455,-2.113595714594046,1.832595714473895,-0.2809999992467549,2.0894955321537623e-08,7.532451329339551e-10,0.0899021111860629,0.0240892001035294,0.09307351480060853,1.832595735489001,1.47433676525463e-09,-0.134300207627801,-0.021173579136149,4.81952322342785e-09,1.19238059703708e-09,,,,,,,,,0.605428742358131,-0.605428752849427,7.41730739158733e-13,0.605428758582845,0.035827441484756,2.8127592837781e-10,-0.605428737682406,1.01790765099567e-08
right,2.0943951023931957,-0.281,1.8133951023931956,-2.375395102393196,2.09439510225655,-0.28099999919176,2.0877962469967315e-08,8.082400304587622e-10,0.0806040272717455,0.0465367590869074,0.09307351480811901,2.094395123271158,1.47433676525463e-09,-0.134300207627801,-0.0211735791344644,5.17174247700282e-09,1.19238059703708e-09,,,,,,,,,0.605428742289653,-0.605428752780935,9.7758336836598e-13,0.605428758514345,0.0358274414865466,1.96730551270988e-10,-0.60542873761396,1.11811482721996e-08
right,2.356194490192345,-0.281,2.0751944901923447,-2.637194490192345,2.35619449003904,-0.2809999991301,2.086076467122666e-08,8.69900040889604e-10,0.0658129121027334,0.0658129148485488,0.0930735148165387,2.3561945110531095,1.47433676525463e-09,-0.134300207627801,-0.021173579132576,5.56767501875511e-09,1.19238059703708e-09,,,,,,,,,0.605428742212891,-0.605428752704157,1.24663241605249e-12,0.605428758437555,0.0358274414885542,9.8437720470338e-11,-0.605428737537235,1.23312060586737e-08
right,2.617993877991494,-0.281,2.336993877991494,-2.898993877991494,2.6179938778212497,-0.28099999906236994,2.0843242243273608e-08,9.376300846852814e-10,0.046536755732845,0.0806040292286173,0.09307351482578852,2.617993898834736,1.47433676525463e-09,-0.134300207627801,-0.0211735791305015,6.0048744532333e-09,1.19238059703708e-09,,,,,,,,,0.605428742128572,-0.605428752619823,1.5494546223355e-12,0.605428758353199,0.0358274414907598,-1.39944183675817e-11,-0.605428737452959,1.3629316774073e-08
right,2.879793265790643,-0.281,2.598793265790643,-3.1607932657906432,2.8797932656028653,-0.2809999989903751,2.0825092317267035e-08,1.0096249392077539e-09,0.0240891963618707,0.0899021122248836,0.09307351483561975,2.8797932866157354,1.47433676525463e-09,-0.134300207627801,-0.021173579128297,6.47633394508157e-09,1.19238059703708e-09,,,,,,,,,0.605428742038987,-0.605428752530225,1.88660181533887e-12,0.605428758263556,0.0358274414931043,-1.40999562950401e-10,-0.605428737363422,1.50737982226287e-08
right,3.141592653589793,-0.281,2.860592653589793,-3.4225926535897933,3.1415926533835403,-0.28099999891541994,2.0806039802826196e-08,1.0845800924030868e-09,-1.93649121600014e-09,0.0930735148458451,0.09307351484584511,-3.141592632783754,1.47433676525463e-09,-0.134300207627801,-0.021173579126005,6.98400136541064e-09,1.19238059703708e-09,,,,,,,,,0.605428741945867,-0.605428752437097,2.25801728212586e-12,0.605428758170354,0.0358274414955421,-2.82987228992945e-10,-0.605428737270355,1.66703936895875e-08
right,-3.141592653589793,-0.252925,-3.394517653589793,2.8886676535897933,-3.14159265342692,-0.2529249989898299,1.9950275209623672e-08,1.010170114223996e-09,-1.93309979043935e-09,0.0968958949762419,0.09689589497624192,-3.141592633639518,1.47433676525463e-09,-0.134300207627801,-0.0203043080071521,6.38190241053707e-09,1.19238059703708e-09,,,,,,,,,0.570121512809377,-0.570121523663721,2.34559039904692e-12,0.570121528828278,0.0365395463876847,-4.43175184566302e-10,-0.570121508103425,1.71428204517911e-08
right,-2.8797932657906435,-0.252925,-3.1327182657906434,2.6268682657906437,-2.87979326564025,-0.25292499906481014,1.9937968165351098e-08,9.351898699883066e-10,-0.0250785048754671,0.0935942469087905,0.09689589496574386,-2.8797932458526754,1.47433676525463e-09,-0.134300207627801,-0.0203043080095311,5.99909528626037e-09,1.19238059703708e-09,,,,,,,,,0.570121512906117,-0.570121523760527,1.97598186607922e-12,0.570121528924798,0.036539546386305,-2.96719099359331e-10,-0.570121508200182,1.54990560415908e-08
right,-2.6179938779914944,-0.252925,-2.8709188779914943,2.3650688779914946,-2.61799387785418,-0.25292499913490984,1.9924863092768422e-08,8.650901661688692e-10,-0.0484479491499606,0.0839143055889703,0.0968958949559591,-2.6179938580666313,1.47433676525463e-09,-0.134300207627801,-0.0203043080117454,5.59605870720154e-09,1.19238059703708e-09,,,,,,,,,0.570121512996069,-0.570121523850523,1.63803731121977e-12,0.570121529014635,0.0365395463850197,-1.62437077278902e-10,-0.570121508290141,1.40006513396588e-08
right,-2.356194490192345,-0.252925,-2.6091194901923447,2.103269490192345,-2.356194490068515,-0.25292499919771494,1.991127174250096e-08,8.022850717104291e-10,-0.0685157457505424,0.0685157430220712,0.09689589494720334,-2.356194470281073,1.47433676525463e-09,-0.134300207627801,-0.0203043080137257,5.22165365942278e-09,1.19238059703708e-09,,,,,,,,,0.570121513076479,-0.570121523930966,1.33179442147827e-12,0.570121529094977,0.03653954638387,-4.02021406092368e-11,-0.570121508370555,1.2646147328818e-08
right,-2.0943951023931957,-0.252925,-2.3473201023931956,1.8414701023931956,-2.0943951022832152,-0.252924999254015,1.9897303360494337e-08,7.459849959978726e-10,-0.0839143075038931,0.0484479458000092,0.09689589493935519,-2.0943950824958923,1.47433676525463e-09,-0.134300207627801,-0.0203043080154997,4.8679478117186e-09,1.19238059703708e-09,,,,,,,,,0.570121513148469,-0.570121524002979,1.05771969542809e-12,0.57012152916695,0.036539546382839,7.00362951471928e-11,-0.570121508442538,1.14291492835378e-08
right,-1.832595714594046,-0.252925,-2.085520714594046,1.5796707145940458,-1.832595714498185,-0.25292499930239487,1.9883071411541667e-08,6.976051403206895e-10,-0.0935942478754389,0.0250785011398715,0.09689589493261122,-1.8325956947109745,1.47433676525463e-09,-0.134300207627801,-0.0203043080170239,4.55844527179029e-09,1.19238059703708e-09,,,,,,,,,0.570121513210303,-0.57012152406483,8.1549877817639e-13,0.570121529228786,0.036539546381953,1.68399800708669e-10,-0.570121508504363,1.03522615450244e-08
right,-1.5707963267948966,-0.252925,-1.8237213267948966,1.3178713267948965,-1.57079632671336,-0.25292499934276,1.9868613865270394e-08,6.572399846582755e-10,-0.0968958949269851,-1.92518713617462e-09,0.09689589492698511,-1.5707963069262827,1.47433676525463e-09,-0.134300207627801,-0.0203043080182953,4.29759950754983e-09,1.19238059703708e-09,,,,,,,,,0.570121513261876,-0.570121524116416,6.0494817225247e-13,0.570121529280366,0.0365395463812135,2.54943019610612e-10,-0.570121508555926,9.41460826254756e-09
right,-1.3089969389957472,-0.252925,-1.5619219389957473,1.0560719389957471,-1.30899693892872,-0.25292499937533,1.9853957367033107e-08,6.24670037918662e-10,-0.093594246869075,-0.0250785048563979,0.09689589492244616,-1.3089969191417898,1.47433676525463e-09,-0.134300207627801,-0.020304308019321,4.08559349136395e-09,1.19238059703708e-09,,,,,,,,,0.570121513303474,-0.570121524158025,4.261078422529e-13,0.570121529321977,0.0365395463806167,3.29689240407259e-10,-0.570121508597515,8.61466069795659e-09
right,-1.0471975511965979,-0.252925,-1.300122551196598,0.7942725511965978,-1.047197551144242,-0.25292499940016805,1.9839124787424115e-08,5.998319618782944e-10,-0.083914305561104,-0.0484479491242791,0.09689589491898543,-1.047197531357473,1.47433676525463e-09,-0.134300207627801,-0.020304308020103,3.9232282193083e-09,1.19238059703708e-09,,,,,,,,,0.570121513335185,-0.570121524189743,2.78884687984569e-13,0.570121529353701,0.0365395463801614,3.92651013772598e-10,-0.57012150862922,7.95218796067737e-09
right,-0.7853981633974483,-0.252925,-1.0383231633974483,0.5324731633974482,-0.785398163359911,-0.252924999417399,1.9824124564138404e-08,5.826010229803558e-10,-0.0685157430063932,-0.0685157457229225,0.09689589491658711,-0.7853981435733237,1.47433676525463e-09,-0.134300207627801,-0.0203043080206449,3.81022658827349e-09,1.19238059703708e-09,,,,,,,,,0.570121513357156,-0.570121524211719,1.63220225073736e-13,0.570121529375686,0.0365395463798454,4.43817609229538e-10,-0.570121508651187,7.42705089599431e-09
right,-0.5235987755982987,-0.252925,-0.7765237755982988,0.2706737755982987,-0.523598775575701,-0.252924999427119,1.9808976126078907e-08,5.728810203997625e-10,-0.0484479457953621,-0.0839143074787271,0.09689589491523724,-0.5235987557893226,1.47433676525463e-09,-0.134300207627801,-0.02030430802095,3.74616796449917e-09,1.19238059703708e-09,,,,,,,,,0.570121513369518,-0.570121524224084,7.9060415052038e-14,0.570121529388059,0.0365395463796671,4.83156664999369e-10,-0.570121508663548,7.03933918359078e-09
right,-0.2617993877991496,-0.252925,-0.5147243877991496,0.008874387799149563,-0.26179938779160994,-0.25292499942941304,1.97936875778737e-08,5.705869665639796e-10,-0.0250785011436597,-0.0935942478561133,0.09689589491492459,-0.261799368005462,1.47433676525463e-09,-0.134300207627801,-0.0203043080210207,3.73086234460847e-09,1.19238059703708e-09,,,,,,,,,0.570121513372375,-0.570121524226942,2.63624791751203e-14,0.570121529390923,0.0365395463796251,5.10614295271159e-10,-0.570121508666407,6.78929007797247e-09
right,0.0,-0.252925,-0.252925,-0.252925,-7.62301333168125e-12,-0.252924999424397,1.9778265030236636e-08,5.756030097003872e-10,1.91643268998336e-09,-0.0968958949156336,0.09689589491563362,1.9778265030236633e-08,1.47433676525463e-09,-0.134300207627801,-0.0203043080208605,3.76351817607912e-09,1.19238059703708e-09,,,,,,,,,0.570121513365869,-0.570121524220435,5.11905173624092e-15,0.570121529384423,0.0365395463797173,5.2611476532706e-10,-0.570121508659907,6.67768324722629e-09
right,0.2617993877991496,-0.252925,0.008874387799149563,-0.5147243877991496,0.2617993877762659,-0.25292499941206914,1.976271052361867e-08,5.879308706546738e-10,0.0250785048465426,-0.0935942468664552,0.0968958949173649,0.2617994075618601,1.47433676525463e-09,-0.134300207627801,-0.0203043080204693,3.84398057356432e-09,1.19238059703708e-09,,,,,,,,,0.570121513349996,-0.570121524204559,1.54456173512419e-14,0.57012152936855,0.0365395463799436,5.29548268095078e-10,-0.570121508644044,6.70461756776858e-09
right,0.5235987755982987,-0.252925,0.2706737755982987,-0.7765237755982988,0.5235987755600595,-0.2529249993923985,1.9747029011973897e-08,6.076015246492261e-10,0.0484479491171197,-0.083914305566551,0.09689589492012296,0.5235987953453277,1.47433676525463e-09,-0.134300207627801,-0.0203043080198462,3.97261983332713e-09,1.19238059703708e-09,,,,,,,,,0.570121513324715,-0.570121524179273,5.7468500173984e-14,0.570121529343265,0.0365395463803049,5.20785616773684e-10,-0.570121508618778,6.87025265062829e-09
right,0.7853981633974478,-0.252925,0.5324731633974478,-1.038323163397448,0.7853981633437626,-0.25292499936536755,1.97312223226831e-08,6.346324576966822e-10,0.0685157457217354,-0.0685157430179367,0.09689589492391018,0.7853981831286702,1.47433676525463e-09,-0.134300207627801,-0.0203043080189905,4.14990321695291e-09,1.19238059703708e-09,,,,,,,,,0.570121513290006,-0.570121524144557,1.31351675563079e-13,0.570121529308547,0.0365395463808014,4.99672690697175e-10,-0.570121508584087,7.17509373274731e-09
right,1.0471975511965974,-0.252925,0.7942725511965973,-1.3001225511965975,1.047197551127369,-0.25292499933092105,1.9715286958543746e-08,6.690789589036683e-10,0.0839143074858764,-0.0484479458099723,0.09689589492873382,1.0471975709118844,1.47433676525463e-09,-0.134300207627801,-0.0203043080179007,4.37666318601356e-09,1.19238059703708e-09,,,,,,,,,0.570121513245803,-0.570121524100346,2.37309358607722e-13,0.57012152926433,0.0365395463814341,4.66029956959698e-10,-0.570121508539907,7.6198215151052e-09
right,1.3089969389957474,-0.252925,1.0560719389957474,-1.5619219389957475,1.3089969389108749,-0.25292499928894496,1.9699228248626358e-08,7.110550481748135e-10,0.0935942478727584,-0.0250785011575953,0.09689589493460933,1.3089969586949757,1.47433676525463e-09,-0.134300207627801,-0.0203043080165733,4.65432512138938e-09,1.19238059703708e-09,,,,,,,,,0.570121513191967,-0.570121524046501,3.75541300947154e-13,0.570121529210473,0.0365395463822048,4.1965693816288e-10,-0.570121508486098,8.20571847161268e-09
right,1.5707963267948966,-0.252925,1.3178713267948965,-1.8237213267948966,1.570796326694285,-0.252924999239285,1.9683046303953237e-08,7.607149909993893e-10,0.0968958949415566,1.90720637344996e-09,0.09689589494155662,1.5707963464779429,1.47433676525463e-09,-0.134300207627801,-0.0203043080150039,4.98483142928422e-09,1.19238059703708e-09,,,,,,,,,0.570121513128318,-0.57012152398284,5.46227668492075e-13,0.570121529146797,0.0365395463831162,3.60327500171324e-10,-0.57012150842248,8.93440462796799e-09
right,1.8325957145940457,-0.252925,1.5796707145940456,-2.0855207145940455,1.8325957144775349,-0.25292499918213496,1.966671270281495e-08,8.178650534595988e-10,0.0935942468999473,0.0250785048458868,0.09689589494954605,1.8325957342607584,1.47433676525463e-09,-0.134300207627801,-0.0203043080131993,5.37034537813913e-09,1.19238059703708e-09,,,,,,,,,0.570121513055136,-0.570121523909647,7.49845061509034e-13,0.570121529073579,0.0365395463841644,2.87755208238646e-10,-0.570121508349333,9.80557400534906e-09
right,2.0943951023931957,-0.252925,1.8414701023931956,-2.3473201023931956,2.0943951022606,-0.25292499911738997,1.965024454264608e-08,8.826100406089665e-10,0.0839143056045492,0.0484479491282292,0.09689589495858512,2.0943951220434402,1.47433676525463e-09,-0.134300207627801,-0.020304308011158,5.81415396006926e-09,1.19238059703708e-09,,,,,,,,,0.570121512972355,-0.570121523826854,9.86612943708432e-13,0.570121528990757,0.0365395463853498,2.01657601038547e-10,-0.570121508266584,1.08218064526001e-08
right,2.356194490192345,-0.252925,2.103269490192345,-2.6091194901923447,2.3561944900434453,-0.2529249990450049,1.9633675574226576e-08,9.549951385245947e-10,0.0685157430562713,0.0685157457467031,0.09689589496867168,2.3561945098260204,1.47433676525463e-09,-0.134300207627801,-0.0203043080088807,6.31844882321952e-09,1.19238059703708e-09,,,,,,,,,0.570121512879992,-0.570121523734475,1.25653470975012e-12,0.570121528898356,0.0365395463866716,1.01733289068623e-10,-0.570121508174245,1.19868255924247e-08
right,2.617993877991494,-0.252925,2.365068877991494,-2.870918877991494,2.6179938778259,-0.2529249989662101,1.9617033331087444e-08,1.0337898870282913e-09,0.0484479458436531,0.0839143075251725,0.09689589497960564,2.6179938976085273,1.47433676525463e-09,-0.134300207627801,-0.0203043080064129,6.88169814683632e-09,1.19238059703708e-09,,,,,,,,,0.570121512779868,-0.570121523634332,1.5603063129103e-12,0.570121528798225,0.0365395463881022,-1.24365744148791e-11,-0.570121508074117,1.329890755824e-08
right,2.879793265790643,-0.252925,2.6268682657906433,-3.132718265790643,2.87979326560797,-0.25292499888060993,1.960046169813268e-08,1.1193900806283352e-09,0.0250785011815451,0.093594247925164,0.09689589499142792,2.879793285391105,1.47433676525463e-09,-0.134300207627801,-0.0203043080037449,7.49286157964202e-09,1.19238059703708e-09,,,,,,,,,0.570121512671534,-0.570121523525966,1.89760174174021e-12,0.570121528689963,0.0365395463896461,-1.41186932670575e-10,-0.570121507965731,1.47657232504611e-08
right,3.141592653589793,-0.252925,2.8886676535897933,-3.394517653589793,3.14159265338916,-0.25292499879353003,1.958416564541738e-08,1.2064699794755995e-09,-1.89762519495599e-09,0.096895895003305,0.09689589500330502,-3.141592634005628,1.47433676525463e-09,-0.134300207627801,-0.0203043080010646,8.09857435021656e-09,1.19238059703708e-09,,,,,,,,,0.57012151256243,-0.570121523416797,2.26936004220433e-12,0.570121528581183,0.0365395463911884,-2.85043469318212e-10,-0.570121507856439,1.63827045027206e-08
right,-3.141592653589793,-0.22485000000000002,-3.366442653589793,2.916742653589793,-3.14159265343876,-0.22484999889432,1.8795183631681315e-08,1.105680019763966e-09,-1.89472264223741e-09,0.100808944230079,0.10080894423007901,-3.1415926347946095,1.47433676525463e-09,-0.134300207627801,-0.0194081063619728,7.61349327563403e-09,1.19238059703708e-09,,,,,,,,,0.5337790686304,-0.533779079850002,2.34086805417543e-12,0.533779084458463,0.0368436298721007,-4.26269719375376e-10,-0.533779063892322,1.6703498108311e-08
right,-2.8797932657906435,-0.22485000000000002,-3.1046432657906435,2.6549432657906435,-2.879793265648205,-0.22484999897759517,1.8796072698279435e-08,1.0224048552220921e-09,-0.0260912765102744,0.09737396224968,0.10080894421695775,-2.879793246994571,1.47433676525463e-09,-0.134300207627801,-0.0194081063649552,6.74314797449149e-09,1.19238059703708e-09,,,,,,,,,0.53377906874902,-0.533779079968426,1.97160703702996e-12,0.533779084579197,0.0368436298717374,-2.80132055584631e-10,-0.533779064009716,1.50570714990305e-08
right,-2.6179938779914944,-0.22485000000000002,-2.8428438779914944,2.3931438779914944,-2.61799387786038,-0.2248499990580799,1.878998245885555e-08,9.41920125230311e-10,-0.0504044737428125,0.0873031056629261,0.10080894420477735,-2.617993859201512,1.47433676525463e-09,-0.134300207627801,-0.0194081063677309,6.1522349753931e-09,1.19238059703708e-09,,,,,,,,,0.533779068860505,-0.533779080079845,1.63427216167563e-12,0.533779084691624,0.0368436298714223,-1.46289069102873e-10,-0.533779064120565,1.35534324739229e-08
right,-2.356194490192345,-0.22485000000000002,-2.581044490192345,2.131344490192345,-2.356194490073785,-0.224849999132545,1.878023914159144e-08,8.674550244780477e-10,-0.0712826893823801,0.0712826867049682,0.10080894419377447,-2.3561944714121057,1.47433676525463e-09,-0.134300207627801,-0.0194081063702391,5.66675426415631e-09,1.19238059703708e-09,,,,,,,,,0.533779068961703,-0.53377908018103,1.32884722230042e-12,0.533779084793246,0.0368436298711488,-2.4605494079575e-11,-0.533779064221431,1.21909999340318e-08
right,-2.0943951023931957,-0.22485000000000002,-2.3192451023931957,1.8695451023931957,-2.094395102287705,-0.22484999919777504,1.8769092946513414e-08,8.022249808892212e-10,-0.0873031075382537,0.0504044704535015,0.10080894418420319,-2.0943950836241028,1.47433676525463e-09,-0.134300207627801,-0.0194081063724212,5.25723685761805e-09,1.19238059703708e-09,,,,,,,,,0.533779069049863,-0.533779080269189,1.05504207886755e-12,0.533779084881663,0.0368436298709135,8.50792233979864e-11,-0.533779064309365,1.09727050127941e-08
right,-1.832595714594046,-0.22485000000000002,-2.057445714594046,1.607745714594046,-1.832595714502045,-0.224849999254635,1.8756600939084936e-08,7.453650197053463e-10,-0.0973739631898666,0.0260912728430081,0.10080894417594992,-1.832595695837445,1.47433676525463e-09,-0.134300207627801,-0.0194081063743021,4.90401479070878e-09,1.19238059703708e-09,,,,,,,,,0.533779069125967,-0.533779080345303,8.13172201788639e-13,0.533779084957886,0.036843629870714,1.82808098884781e-10,-0.533779064385346,9.89422294990201e-09
right,-1.5707963267948966,-0.22485000000000002,-1.7956463267948966,1.3459463267948966,-1.5707963267166298,-0.22484999930250005,1.874338440011059e-08,6.974999744446819e-10,-0.10080894416904,-1.88950079388409e-09,0.10080894416904002,-1.5707963080515122,1.47433676525463e-09,-0.134300207627801,-0.0194081063758764,4.60571289339738e-09,1.19238059703708e-09,,,,,,,,,0.533779069189703,-0.533779080409051,6.03041980299529e-13,0.533779085021685,0.0368436298705481,2.6864701730945e-10,-0.533779064449009,8.95526933355327e-09
right,-1.3089969389957472,-0.22485000000000002,-1.5338469389957472,1.0841469389957472,-1.30899693893142,-0.22484999934125005,1.8729693795904726e-08,6.587499712384925e-10,-0.0973739621997436,-0.0260912764899663,0.1008089441634668,-1.3089969202660534,1.47433676525463e-09,-0.134300207627801,-0.019408106377146,4.36346415266912e-09,1.19238059703708e-09,,,,,,,,,0.533779069241123,-0.533779080460482,4.2462769258079e-13,0.533779085073139,0.0368436298704148,3.42634666448544e-10,-0.533779064500385,8.15546386989299e-09
right,-1.0471975511965979,-0.22485000000000002,-1.2720475511965978,0.8223475511965979,-1.04719755114637,-0.22484999937100003,1.8715652139178477e-08,6.28999990981427e-10,-0.0873031056272016,-0.0504044737135346,0.10080894415920008,-1.0471975324809457,1.47433676525463e-09,-0.134300207627801,-0.0194081063781178,4.17702271706594e-09,1.19238059703708e-09,,,,,,,,,0.533779069280487,-0.533779080499856,2.77887734823922e-13,0.533779085112522,0.0368436298703129,4.04779127531825e-10,-0.533779064539725,7.49405532190557e-09
right,-0.7853981633974483,-0.22485000000000002,-1.0102481633974483,0.5605481633974483,-0.7853981633614615,-0.22484999939182848,1.8701344473015528e-08,6.081715409056443e-10,-0.0712826866840372,-0.0712826893502014,0.10080894415622024,-0.7853981446961038,1.47433676525463e-09,-0.134300207627801,-0.0194081063787964,4.04678519295967e-09,1.19238059703708e-09,,,,,,,,,0.53377906930798,-0.533779080527355,1.62736618177566e-13,0.533779085140025,0.0368436298702418,4.55071255504011e-10,-0.533779064567205,6.97092797937994e-09
right,-0.5235987755982987,-0.22485000000000002,-0.7484487755982987,0.2987487755982987,-0.523598775576678,-0.224849999403832,1.8686823421987245e-08,5.96168031608002e-10,-0.0504044704458366,-0.0873031075083908,0.10080894415450872,-0.5235987569114753,1.47433676525463e-09,-0.134300207627801,-0.0194081063791862,3.97282923393418e-09,1.19238059703708e-09,,,,,,,,,0.53377906932377,-0.53377908054315,7.91346489237909e-14,0.533779085155821,0.0368436298702008,4.93479067045203e-10,-0.533779064582992,6.58613367643952e-09
right,-0.2617993877991496,-0.22485000000000002,-0.48664938779914957,0.03694938779914955,-0.2617993877920067,-0.22484999940709136,1.8672120627449832e-08,5.929086666078831e-10,-0.0260912728455666,-0.0973739631665102,0.10080894415405156,-0.26179936912702895,1.47433676525463e-09,-0.134300207627801,-0.0194081063792903,3.95304541907639e-09,1.19238059703708e-09,,,,,,,,,0.533779069327986,-0.533779080547368,2.7078350214166e-14,0.53377908516004,0.036843629870189,5.19948506356583e-10,-0.533779064587211,6.33990385410191e-09
right,0.0,-0.22485000000000002,-0.22485000000000002,-0.22485000000000002,-7.447001348914739e-12,-0.22484999940169198,1.8657275804612784e-08,5.983080419991182e-10,1.88082027466849e-09,-0.100808944154831,0.10080894415483102,1.865727580461278e-08,1.47433676525463e-09,-0.134300207627801,-0.0194081063791131,3.99033895443621e-09,1.19238059703708e-09,,,,,,,,,0.533779069320799,-0.533779080540181,6.54000721483464e-15,0.533779085152854,0.0368436298702065,5.34403784223221e-10,-0.533779064580032,6.23291585314692e-09
right,0.2617993877991496,-0.22485000000000002,0.03694938779914955,-0.48664938779914957,0.26179938777699713,-0.22484999938763692,1.864230053660876e-08,6.123631046683897e-10,0.0260912764797424,-0.0973739621956267,0.10080894415684402,0.2617994064414501,1.47433676525463e-09,-0.134300207627801,-0.0194081063786554,4.08755002091272e-09,1.19238059703708e-09,,,,,,,,,0.533779069302246,-0.533779080521624,1.76355152721461e-14,0.533779085134297,0.0368436298702528,5.36735017277793e-10,-0.533779064561489,6.26541513527156e-09
right,0.5235987755982987,-0.22485000000000002,0.2987487755982987,-0.7484487755982987,0.5235987755613315,-0.22484999936488048,1.8627211106903022e-08,6.351195402931609e-10,0.0504044737062613,-0.0873031056324352,0.10080894416009585,0.5235987942255098,1.47433676525463e-09,-0.134300207627801,-0.0194081063779158,4.2446178220579e-09,1.19238059703708e-09,,,,,,,,,0.533779069272274,-0.533779080491647,6.0478552449648e-14,0.533779085104318,0.036843629870328,5.26811502327539e-10,-0.533779064531529,6.43756240301015e-09
right,0.7853981633974478,-0.22485000000000002,0.5605481633974478,-1.0102481633974478,0.7853981633455636,-0.22484999933340655,1.861203491326791e-08,6.665934748628644e-10,0.0712826893497508,-0.0712826866963191,0.10080894416458623,0.7853981820094827,1.47433676525463e-09,-0.134300207627801,-0.0194081063768946,4.46127806653737e-09,1.19238059703708e-09,,,,,,,,,0.533779069230883,-0.533779080450249,1.35226609137506e-13,0.533779085062923,0.0368436298704321,5.04477554054022e-10,-0.533779064490151,6.74989272342871e-09
right,1.0471975511965974,-0.22485000000000002,0.8223475511965974,-1.2720475511965974,1.047197551129703,-0.22484999929316707,1.8596798767589465e-08,7.068329532788908e-10,0.0873031075175459,-0.0504044704616016,0.10080894417031977,1.0471975697933962,1.47433676525463e-09,-0.134300207627801,-0.0194081063755906,4.73680917575135e-09,1.19238059703708e-09,,,,,,,,,0.533779069178022,-0.533779080397376,2.42094637440041e-13,0.533779085010064,0.036843629870565,4.69551984978299e-10,-0.533779064437299,7.20314976206624e-09
right,1.3089969389957474,-0.22485000000000002,1.0841469389957474,-1.5338469389957474,1.30899693891376,-0.22484999924408,1.8581540750517437e-08,7.559200210227601e-10,0.0973739631866075,-0.026091272860405,0.10080894417730452,1.3089969575772882,1.47433676525463e-09,-0.134300207627801,-0.0194081063740019,5.06865980975092e-09,1.19238059703708e-09,,,,,,,,,0.5337790691136,-0.533779080332938,3.81260540925539e-13,0.533779084945662,0.0368436298707268,4.21829766601549e-10,-0.533779064372877,7.7984617025307e-09
right,1.5707963267948966,-0.22485000000000002,1.3459463267948966,-1.7956463267948966,1.57079632669776,-0.22484999918596005,1.8566267634412273e-08,8.140399743172821e-10,0.100808944185571,1.87164583330591e-09,0.10080894418557101,1.5707963453611642,1.47433676525463e-09,-0.134300207627801,-0.0194081063721213,5.45234172422818e-09,1.19238059703708e-09,,,,,,,,,0.533779069037318,-0.533779080256634,5.52860108284709e-13,0.533779084869428,0.0368436298709182,3.61087928780695e-10,-0.53377906429659,8.53787898904331e-09
right,1.8325957145940457,-0.22485000000000002,1.6077457145940457,-2.0574457145940457,1.8325957144817302,-0.22484999911905013,1.855108822113039e-08,8.809498963646689e-10,0.0973739622349324,0.0260912764807549,0.10080894419507247,1.832595733145134,1.47433676525463e-09,-0.134300207627801,-0.0194081063699587,5.87358603156545e-09,1.19238059703708e-09,,,,,,,,,0.533779068949539,-0.533779080168822,7.57305735773338e-13,0.533779084781759,0.0368436298711373,2.87042049868101e-10,-0.533779064208781,9.42156435597386e-09
right,2.0943951023931957,-0.22485000000000002,1.8695451023931957,-2.3192451023931957,2.094395102265765,-0.224849999044075,1.8536083334907975e-08,9.559250335744451e-10,0.0873031056765355,0.050404473721115,0.10080894420571469,2.094395120929279,1.47433676525463e-09,-0.134300207627801,-0.0194081063675338,6.2918382107525e-09,1.19238059703708e-09,,,,,,,,,0.533779068850996,-0.533779080070228,9.95006518369812e-13,0.53377908468346,0.0368436298713818,1.99376710474211e-10,-0.533779064110171,1.04500496607118e-08
right,2.356194490192345,-0.22485000000000002,2.131344490192345,-2.581044490192345,2.3561944900499503,-0.2248499989605699,1.852095765642048e-08,1.039430125304719e-09,0.0712826867403082,0.0712826893807555,0.10080894421761485,2.3561945087133025,1.47433676525463e-09,-0.134300207627801,-0.0194081063648184,6.69935882179075e-09,1.19238059703708e-09,,,,,,,,,0.533779068740557,-0.533779079959717,1.26566395709041e-12,0.533779084573383,0.0368436298716557,9.78265294529485e-11,-0.533779063999659,1.16297025386428e-08
right,2.617993877991494,-0.22485000000000002,2.393143877991494,-2.842843877991494,2.617993877834505,-0.224849998870855,1.8505390553258397e-08,1.1291450274786285e-09,0.0504044704996864,0.0873031075650812,0.10080894423052894,2.6179938964968845,1.47433676525463e-09,-0.134300207627801,-0.0194081063618624,7.2478937117148e-09,1.19238059703708e-09,,,,,,,,,0.533779068620136,-0.533779079839187,1.56987649949489e-12,0.533779084453555,0.0368436298719554,-1.80222941732015e-11,-0.533779063879176,1.29595421098341e-08
right,2.879793265790643,-0.22485000000000002,2.654943265790643,-3.104643265790643,2.87979326561956,-0.22484999877729983,1.8487812170064902e-08,1.2227001910947166e-09,0.0260912728868871,0.0973739632489328,0.10080894424436021,2.8797932842784553,1.47433676525463e-09,-0.134300207627801,-0.0194081063586805,7.88750652834168e-09,1.19238059703708e-09,,,,,,,,,0.533779068490433,-0.533779079709337,1.9079093536965e-12,0.533779084324602,0.0368436298722862,-1.48586973395232e-10,-0.53377906374957,1.44413181491851e-08
right,3.141592653589793,-0.22485000000000002,2.916742653589793,-3.366442653589793,3.14159265340521,-0.22484999868575994,1.846459010203278e-08,1.314240077876505e-09,-1.86139584258412e-09,0.100808944258798,0.10080894425879801,-3.1415926351252033,1.47433676525463e-09,-0.134300207627801,-0.0194081063553294,8.1424029711825e-09,1.19238059703708e-09,,,,,,,,,0.533779068354,-0.533779079572728,2.27972925333528e-12,0.533779084188861,0.0368436298726582,-2.94303461728748e-10,-0.533779063613724,1.60781444780978e-08
right,-3.141592653589793,-0.196775,-3.3383676535897933,2.944817653589793,-3.141592653471395,-0.196774998728785,1.7848572841927535e-08,1.2712149943805429e-09,-1.87059910622492e-09,0.104803846975123,0.10480384697512302,-3.1415926357412203,1.47433676525463e-09,-0.134300207627801,-0.0184871343978476,1.64778469076485e-08,1.19238059703708e-09,,,,,,,,,0.496442767420078,-0.49644277900622,2.33421002126191e-12,0.496442783085891,0.036717966547774,-4.16744974266003e-10,-0.496442762633012,1.62664977723606e-08
right,-2.8797932657906435,-0.196775,-3.0765682657906437,2.6830182657906434,-2.879793265672855,-0.19677499884988503,1.780537806084226e-08,1.1501149754788997e-09,-0.0271252333967047,0.101232741993717,0.10480384696370729,-2.8797932479852655,1.47433676525463e-09,-0.134300207627801,-0.0184871344002858,1.26227529091368e-08,1.19238059703708e-09,,,,,,,,,0.496442767521182,-0.496442779107332,1.966279573349e-12,0.496442783185231,0.036717966548833,-2.71022721652864e-10,-0.496442762738112,1.46090492332121e-08
right,-2.6179938779914944,-0.196775,-2.8147688779914946,2.4212188779914943,-2.617993877879535,-0.19677499895905504,1.7782587402592753e-08,1.0409449691106687e-09,-0.0524019250891705,0.0907627929414944,0.10480384695034636,-2.617993860208907,1.47433676525463e-09,-0.134300207627801,-0.0184871344032569,1.02963725240241e-08,1.19238059703708e-09,,,,,,,,,0.4964427676418,-0.496442779227902,1.63023480513731e-12,0.496442783305879,0.0367179665499945,-1.37690755862995e-10,-0.496442762860137,1.30942832330582e-08
right,-2.356194490192345,-0.196775,-2.552969490192345,2.1594194901923447,-2.35619449008725,-0.19677499905454,1.7762360027262503e-08,9.454600158331772e-10,-0.0741075121809422,0.0741075095482936,0.10480384693845415,-2.356194472429985,1.47433676525463e-09,-0.134300207627801,-0.0184871344059043,8.27450406203861e-09,1.19238059703708e-09,,,,,,,,,0.496442767749012,-0.496442779335057,1.32523994253715e-12,0.496442783413357,0.0367179665510221,-1.64799489726344e-11,-0.496442762968397,1.17297403874292e-08
right,-2.0943951023931957,-0.196775,-2.291170102393196,1.8976201023931958,-2.09439510229743,-0.19677499913743013,1.7747035396808997e-08,8.625698766362433e-10,-0.090762794783368,0.0524019218528863,0.10480384692731358,-2.0943950846461603,1.47433676525463e-09,-0.134300207627801,-0.0184871344084131,6.92516092695499e-09,1.19238059703708e-09,,,,,,,,,0.496442767850328,-0.496442779436327,1.05207018357953e-12,0.496442783515133,0.0367179665519718,9.26286965730937e-11,-0.496442763070092,1.05074915469544e-08
right,-1.832595714594046,-0.196775,-2.029370714594046,1.635820714594046,-1.8325957145091798,-0.19677499920808994,1.773339874944213e-08,7.919100653008826e-10,-0.101232742913047,0.0271252297870482,0.10480384691746403,-1.8325956968606472,1.47433676525463e-09,-0.134300207627801,-0.0184871344106448,5.99396163550514e-09,1.19238059703708e-09,,,,,,,,,0.496442767940433,-0.496442779526403,8.10699359594348e-13,0.496442783605643,0.0367179665528071,1.89722265419901e-10,-0.496442763160313,9.42659017606081e-09
right,-1.5707963267948966,-0.196775,-1.7675713267948965,1.3740213267948966,-1.570796326721815,-0.19677499926688502,1.7720241940466508e-08,7.33114985385086e-10,-0.104803846909131,-1.85714953381399e-09,0.10480384690913101,-1.5707963090746546,1.47433676525463e-09,-0.134300207627801,-0.0184871344125379,5.30713919713826e-09,1.19238059703708e-09,,,,,,,,,0.496442768016865,-0.496442779602815,6.01039181802612e-13,0.496442783682411,0.0367179665535121,2.74871720807337e-10,-0.496442763236762,8.48686203495103e-09
right,-1.3089969389957472,-0.196775,-1.5057719389957471,1.1122219389957473,-1.308996938935145,-0.19677499931423492,1.7707188826321385e-08,6.857650836078477e-10,-0.101232741937099,-0.0271252333708803,0.10480384690233464,-1.3089969212885584,1.47433676525463e-09,-0.134300207627801,-0.0184871344140857,4.81850103074561e-09,1.19238059703708e-09,,,,,,,,,0.496442768079371,-0.49644277966531,4.23082966920354e-13,0.496442783745171,0.0367179665540863,3.48107724214799e-10,-0.496442763299239,7.68710871903591e-09
right,-1.0471975511965979,-0.196775,-1.2439725511965978,0.8504225511965978,-1.0471975511489622,-0.19677499935049803,1.7694017140357232e-08,6.495019799768187e-10,-0.0907627929000129,-0.0524019250545026,0.10480384689708837,-1.0471975335025807,1.47433676525463e-09,-0.134300207627801,-0.0184871344152822,4.47710363755339e-09,1.19238059703708e-09,,,,,,,,,0.4964427681277,-0.496442779713634,2.76802598517076e-13,0.496442783793684,0.036717966554529,4.09443105163517e-10,-0.496442763347525,7.0268144592149e-09
right,-0.7853981633974483,-0.196775,-0.9821731633974483,0.5886231633974482,-0.785398163363147,-0.19677499937596504,1.768062407592197e-08,6.240349625930008e-10,-0.0741075095224815,-0.0741075121430156,0.10480384689338408,-0.7853981457168242,1.47433676525463e-09,-0.134300207627801,-0.0184871344161281,4.25619483027899e-09,1.19238059703708e-09,,,,,,,,,0.49644276816187,-0.496442779747802,1.62159947189089e-13,0.496442783827978,0.0367179665548413,4.5886786522022e-10,-0.496442763381655,6.50569657793959e-09
right,-0.5235987755982987,-0.196775,-0.7203737755982987,0.32682377559829867,-0.5235987755776075,-0.1967749993908435,1.7666988760822733e-08,6.091565030175161e-10,-0.0524019218420989,-0.0907627947479054,0.10480384689120836,-0.5235987579313099,1.47433676525463e-09,-0.134300207627801,-0.0184871344166254,4.13472062623032e-09,1.19238059703708e-09,,,,,,,,,0.496442768181952,-0.496442779767882,7.91356290086446e-14,0.496442783848138,0.036717966555024,4.96350975425709e-10,-0.496442763401706,6.12381008900681e-09
right,-0.2617993877991496,-0.196775,-0.4585743877991496,0.06502438779914957,-0.26179938779230405,-0.19677499939527993,1.7653066952671992e-08,6.047200795666896e-10,-0.0271252297882151,-0.101232742884873,0.10480384689055204,-0.2617993701460826,1.47433676525463e-09,-0.134300207627801,-0.0184871344167758,4.1027004778272e-09,1.19238059703708e-09,,,,,,,,,0.496442768188011,-0.496442779773941,2.76897521046023e-14,0.49644278385423,0.0367179665550784,5.21838262458156e-10,-0.496442763407749,5.88136862084059e-09
right,0.0,-0.196775,-0.196775,-0.196775,-7.14099612775243e-12,-0.196774999389484,1.7638912936667673e-08,6.105159988667452e-10,1.84862593074513e-09,-0.104803846891393,0.10480384689139301,1.7638912936667673e-08,1.47433676525463e-09,-0.134300207627801,-0.0184871344165834,4.14320189152707e-09,1.19238059703708e-09,,,,,,,,,0.496442768180191,-0.496442779766118,7.8312314066751e-15,0.496442783846424,0.036717966555006,5.35253551756482e-10,-0.496442763399926,5.77896010427383e-09
right,0.2617993877991496,-0.196775,0.06502438779914957,-0.4585743877991496,0.2617993877779527,-0.1967749993735723,1.7624646519998066e-08,6.26427715255673e-10,0.0271252333602918,-0.101232741931006,0.10480384689370875,0.2617994054237961,1.47433676525463e-09,-0.134300207627801,-0.0184871344160527,4.24137421144426e-09,1.19238059703708e-09,,,,,,,,,0.496442768158639,-0.49644277974456,1.96530015717341e-14,0.496442783824902,0.0367179665548079,5.36487261530377e-10,-0.496442763378374,5.8169434331629e-09
right,0.5235987755982987,-0.196775,0.32682377559829867,-0.7203737755982987,0.5235987755629901,-0.19677499934751003,1.761021595214629e-08,6.524899787141436e-10,0.0524019250471094,-0.0907627929047729,0.10480384689751406,0.5235987932085147,1.47433676525463e-09,-0.134300207627801,-0.0184871344151804,4.39657202845706e-09,1.19238059703708e-09,,,,,,,,,0.496442768123223,-0.496442779709133,6.32762902227685e-14,0.496442783789526,0.0367179665544836,5.25407158284721e-10,-0.496442763342965,5.99549295757143e-09
right,0.7853981633974478,-0.196775,0.5886231633974478,-0.9821731633974479,0.7853981633479975,-0.19677499931134246,1.759553946989456e-08,6.886575476539036e-10,0.0741075121433805,-0.0741075095354573,0.10480384690281738,0.7853981809929873,1.47433676525463e-09,-0.134300207627801,-0.0184871344139637,4.60786498799783e-09,1.19238059703708e-09,,,,,,,,,0.496442768073842,-0.496442779659737,1.38847691187007e-13,0.496442783740189,0.0367179665540321,5.01856100686328e-10,-0.496442763293609,6.31517056797254e-09
right,1.0471975511965974,-0.196775,0.8504225511965974,-1.2439725511965973,1.0471975511329805,-0.19677499926505942,1.7580472633227373e-08,7.349405806156284e-10,0.0907627947593354,-0.052401921859168,0.10480384690964158,1.04719756877707,1.47433676525463e-09,-0.134300207627801,-0.0184871344123972,4.86992993967774e-09,1.19238059703708e-09,,,,,,,,,0.49644276801029,-0.496442779596166,2.4654843843229e-13,0.496442783676672,0.0367179665534522,4.65651310695904e-10,-0.496442763230117,6.77677015097966e-09
right,1.3089969389957474,-0.196775,1.1122219389957475,-1.5057719389957473,1.30899693891794,-0.19677499920863994,1.756478118508653e-08,7.913600608144833e-10,0.101232742909014,-0.0271252298042627,0.1048038469180239,1.3089969565605286,1.47433676525463e-09,-0.134300207627801,-0.0184871344104721,5.18184192685705e-09,1.19238059703708e-09,,,,,,,,,0.496442767932244,-0.496442779518099,3.86557223440486e-13,0.496442783598619,0.0367179665527414,4.16585235104659e-10,-0.496442763152192,7.38142375112161e-09
right,1.5707963267948966,-0.196775,1.3740213267948966,-1.7675713267948965,1.5707963267028,-0.19677499914183993,1.7548183350868385e-08,8.581600707824322e-10,0.104803846928023,1.83911710408532e-09,0.10480384692802301,1.57079634434308,1.47433676525463e-09,-0.134300207627801,-0.018487134408175,5.55464029941522e-09,1.19238059703708e-09,,,,,,,,,0.496442767839217,-0.496442779425053,5.5902029815859e-13,0.49644278350549,0.0367179665518955,3.54430137475853e-10,-0.496442763059378,8.13098547824451e-09
right,1.8325957145940457,-0.196775,1.6358207145940458,-2.029370714594046,1.832595714487435,-0.1967749990645249,1.753020373307379e-08,9.354751140389084e-10,0.101232741978001,0.0271252333626369,0.1048038469397094,1.8325957321242494,1.47433676525463e-09,-0.134300207627801,-0.0184871344054903,6.00509069450912e-09,1.19238059703708e-09,,,,,,,,,0.496442767730674,-0.496442779316501,7.6415038514286e-13,0.496442783396661,0.0367179665509107,2.78919421640061e-10,-0.496442762951191,9.02711376903798e-09
right,2.0943951023931957,-0.196775,1.8976201023931958,-2.291170102393196,2.0943951022715,-0.19677499897821005,1.7508406724431325e-08,1.0217899581999035e-09,0.0907627929582884,0.052401925065686,0.10480384695314814,2.0943951199016024,1.47433676525463e-09,-0.134300207627801,-0.0184871344024016,6.54672936655712e-09,1.19238059703708e-09,,,,,,,,,0.496442767606347,-0.4964427791922,1.0025360140598e-12,0.496442783271498,0.0367179665497885,1.89707195225596e-10,-0.496442762827624,1.00686946870781e-08
right,2.356194490192345,-0.196775,2.1594194901923447,-2.552969490192345,2.35619449005401,-0.19677499888114003,1.748229339071372e-08,1.1188599768896523e-09,0.0741075095902965,0.074107512181435,0.10480384696850314,2.3561945076746382,1.47433676525463e-09,-0.134300207627801,-0.0184871343988825,7.35536648274115e-09,1.19238059703708e-09,,,,,,,,,0.49644276746549,-0.496442779051436,1.2739451315109e-12,0.496442783128929,0.0367179665485188,8.65114692629256e-11,-0.496442762687966,1.12608556276909e-08
right,2.617993877991494,-0.196775,2.421218877991494,-2.814768877991494,2.617993877834345,-0.19677499877106497,1.7452951528440508e-08,1.2289350370675578e-09,0.0524019219088459,0.0907627948186506,0.104803846985849,2.6179938954444455,1.47433676525463e-09,-0.134300207627801,-0.0184871343949255,8.61610600648324e-09,1.19238059703708e-09,,,,,,,,,0.496442767307819,-0.496442778893936,1.57813795823334e-12,0.496442782968634,0.0367179665470927,-3.09916063592598e-11,-0.496442762531796,1.26090351117455e-08
right,2.879793265790643,-0.196775,2.683018265790643,-3.0765682657906432,2.879793265607875,-0.1967749986500249,1.74124603624648e-08,1.3499751039258712e-09,0.0271252298422589,0.101232742989138,0.10480384700525186,2.8797932832031035,1.47433676525463e-09,-0.134300207627801,-0.0184871343905518,1.10891832569612e-08,1.19238059703708e-09,,,,,,,,,0.49644276713636,-0.49644277872291,1.91610960220032e-12,0.496442782791557,0.036717966545535,-1.63315834576579e-10,-0.496442762362903,1.41088320214224e-08
right,3.141592653589793,-0.196775,2.944817653589793,-3.3383676535897933,3.14159265336283,-0.1967749985118401,1.7357909132945388e-08,1.488159900864261e-09,-1.8191756018813e-09,0.10480384702612,0.10480384702612001,-3.1415926362318847,1.47433676525463e-09,-0.134300207627801,-0.0184871343860258,1.69293478694558e-08,1.19238059703708e-09,,,,,,,,,0.496442766965033,-0.496442778552625,2.28785770992528e-12,0.496442782608397,0.0367179665439213,-3.10933850110721e-10,-0.496442762195207,1.57607729308977e-08
right,-3.141592653589793,-0.16870000000000002,-3.310292653589793,2.9728926535897933,-3.141592653299225,-0.16869999890672505,1.686976291992437e-08,1.0932749705538924e-09,-1.83663435904203e-09,0.108871377933883,0.10887137793388302,-3.14159263672003,1.47433676525463e-09,-0.134300207627801,-0.0175437708947351,2.72667982625004e-08,1.19238059703708e-09,,,,,,,,,0.458156419416692,-0.458156431368249,2.3304302664384e-12,0.458156434978388,0.0361442015074547,-4.15037822763182e-10,-0.458156414596263,1.58113415126841e-08
right,-2.8797932657906435,-0.16870000000000002,-3.0484932657906434,2.7110932657906437,-2.87979326558155,-0.16869999889712006,1.6896189336534917e-08,1.1028799540291345e-09,-0.0281779878486345,0.105161675198836,0.10887137791827231,-2.879793248894454,1.47433676525463e-09,-0.134300207627801,-0.0175437708992458,1.19612846597114e-08,1.19238059703708e-09,,,,,,,,,0.458156419613312,-0.458156431566023,1.96201546127109e-12,0.458156435161034,0.0361442015108293,-2.69585346255005e-10,-0.458156414786174,1.41514867769873e-08
right,-2.6179938779914944,-0.16870000000000002,-2.7866938779914943,2.4492938779914946,-2.6179938778237153,-0.168699998966505,1.6881954501002383e-08,1.0334950117929509e-09,-0.0544356905434568,0.0942853780904406,0.1088713779034707,-2.61799386110954,1.47433676525463e-09,-0.134300207627801,-0.0175437709030083,1.01632193786076e-08,1.19238059703708e-09,,,,,,,,,0.458156419774384,-0.458156431727673,1.62623178125368e-12,0.45815643531385,0.0361442015138665,-1.3666415543911e-10,-0.458156414946682,1.26322649538022e-08
right,-2.356194490192345,-0.16870000000000002,-2.5248944901923447,2.187494490192345,-2.3561944900570753,-0.1686999990397149,1.6862920393379e-08,9.602851291923287e-10,-0.0769836908814916,0.0769836882851519,0.10887137789025399,-2.3561944733294244,1.47433676525463e-09,-0.134300207627801,-0.017543770906288,8.39828927581094e-09,1.19238059703708e-09,,,,,,,,,0.458156419914056,-0.458156431867776,1.32182274171198e-12,0.458156435447127,0.0361442015165503,-1.59884368961871e-11,-0.458156415086611,1.12607600034133e-08
right,-2.0943951023931957,-0.16870000000000002,-2.2630951023931956,1.9256951023931956,-2.09439510228136,-0.16869999911672984,1.6843170858038548e-08,8.832701792194086e-10,-0.0942853799043076,0.0544356873509785,0.10887137787808646,-2.094395085550025,1.47433676525463e-09,-0.134300207627801,-0.0175437709092133,6.88467750247784e-09,1.19238059703708e-09,,,,,,,,,0.458156420036942,-0.458156431990922,1.04925054891516e-12,0.458156435566031,0.0361442015189794,9.2537712905387e-11,-0.458156415210086,1.00338909650096e-08
right,-1.832595714594046,-0.16870000000000002,-2.001295714594046,1.6638957145940458,-1.832595714501815,-0.168699999187235,1.682376060685442e-08,8.127650219513782e-10,-0.105161676099922,0.0281779842894386,0.10887137786746687,-1.8325956977702853,1.47433676525463e-09,-0.134300207627801,-0.0175437709117346,5.6052641261798e-09,1.19238059703708e-09,,,,,,,,,0.458156420142268,-0.458156432096431,8.08251277854399e-13,0.458156435668524,0.036144201521085,1.89010654792116e-10,-0.458156415316052,8.95108328636457e-09
right,-1.5707963267948966,-0.16870000000000002,-1.7394963267948966,1.4020963267948965,-1.5707963267193752,-0.16869999924971502,1.6805491886984214e-08,7.502850007945483e-10,-0.108871377858353,-1.82963705590552e-09,0.10887137785835302,-1.5707963099894047,1.47433676525463e-09,-0.134300207627801,-0.0175437709138743,4.61443677160002e-09,1.19238059703708e-09,,,,,,,,,0.458156420231095,-0.458156432185376,5.98993368505063e-13,0.458156435755508,0.0361442015228801,2.7347573572648e-10,-0.458156415405445,8.0103281748099e-09
right,-1.3089969389957472,-0.16870000000000002,-1.4776969389957473,1.1402969389957471,-1.3089969389352,-0.16869999930225998,1.6788495260655623e-08,6.977400324181815e-10,-0.105161675136712,-0.02817798781985,0.10887137785081516,-1.308996922207252,1.47433676525463e-09,-0.134300207627801,-0.0175437709156309,4.55273094485821e-09,1.19238059703708e-09,,,,,,,,,0.458156420303646,-0.458156432258001,4.21470081219657e-13,0.45815643582691,0.0361442015243574,3.45968555032216e-10,-0.458156415478439,7.21066241291017e-09
right,-1.0471975511965979,-0.16870000000000002,-1.215897551196598,0.8784975511965978,-1.047197551150056,-0.16869999934376406,1.677256711296593e-08,6.562359544659557e-10,-0.0942853780456863,-0.0544356905038664,0.10887137784491714,-1.0471975344240307,1.47433676525463e-09,-0.134300207627801,-0.0175437709169983,4.47933606358789e-09,1.19238059703708e-09,,,,,,,,,0.458156420359915,-0.458156432314316,2.75659243919366e-13,0.458156435882491,0.0361442015255092,4.06501862012442e-10,-0.458156415535034,6.5514338641658e-09
right,-0.7853981633974483,-0.16870000000000002,-0.9540981633974484,0.6166981633974482,-0.7853981633643965,-0.16869999937368452,1.6757484067042583e-08,6.26315499463459e-10,-0.0769836882582253,-0.0769836908383312,0.108871377840695,-0.7853981466399642,1.47433676525463e-09,-0.134300207627801,-0.0175437709179736,4.35258241121747e-09,1.19238059703708e-09,,,,,,,,,0.458156420399936,-0.458156432354363,1.61509565266556e-13,0.458156435922132,0.0361442015263315,4.55066230176036e-10,-0.458156415575277,6.03230977514149e-09
right,-0.5235987755982987,-0.16870000000000002,-0.6922987755982988,0.3548987755982987,-0.5235987755785101,-0.168699999391753,1.6742992881013663e-08,6.082470083157432e-10,-0.0544356873404697,-0.0942853798642929,0.10887137783817831,-0.5235987588553058,1.47433676525463e-09,-0.134300207627801,-0.017543770918553,4.23689274625187e-09,1.19238059703708e-09,,,,,,,,,0.458156420423671,-0.45815643237811,7.90282695342637e-14,0.45815643594568,0.0361442015268205,4.91631125678374e-10,-0.458156415599154,5.65330380619489e-09
right,-0.2617993877991496,-0.16870000000000002,-0.4304993877991496,0.09309938779914956,-0.26179938779253104,-0.16869999939785696,1.672905697303051e-08,6.021430576375053e-10,-0.0281779842916071,-0.105161676068178,0.10887137783736577,-0.2617993710700926,1.47433676525463e-09,-0.134300207627801,-0.0175437709187384,4.1659157548917e-09,1.19238059703708e-09,,,,,,,,,0.458156420431241,-0.458156432385683,2.81846736728755e-14,0.458156435953215,0.0361442015269771,5.16142291571695e-10,-0.458156415606789,5.41460517061329e-09
right,0.0,-0.16870000000000002,-0.16870000000000002,-0.16870000000000002,-6.6859989766854255e-12,-0.16869999939185198,1.671526619594434e-08,6.081480319330979e-10,1.81981406168642e-09,-0.1088713778383,0.10887137783830002,1.671526619594434e-08,1.47433676525463e-09,-0.134300207627801,-0.017543770918522,4.18657459154018e-09,1.19238059703708e-09,,,,,,,,,0.458156420422451,-0.458156432376891,8.97646259385801e-15,0.458156435944427,0.0361442015267953,5.28522948082139e-10,-0.458156415598029,5.3167219523565e-09
right,0.2617993877991496,-0.16870000000000002,0.09309938779914956,-0.4304993877991496,0.26179938777889966,-0.16869999937382635,1.6700895721921682e-08,6.261736684720631e-10,0.0281779878081105,-0.105161675129748,0.10887137784105004,0.2617994045000453,1.47433676525463e-09,-0.134300207627801,-0.0175437709178882,4.31500671962747e-09,1.19238059703708e-09,,,,,,,,,0.458156420396794,-0.458156432351232,2.1486467151091e-14,0.458156435918681,0.0361442015262628,5.28663997785573e-10,-0.458156415572455,5.36009375030111e-09
right,0.5235987755982987,-0.16870000000000002,0.3548987755982987,-0.6922987755982988,0.5235987755641395,-0.16869999934355648,1.6686011572453197e-08,6.56443538415985e-10,0.0544356904960599,-0.0942853780510119,0.108871377845626,0.5235987922843103,1.47433676525463e-09,-0.134300207627801,-0.0175437709168358,4.56679126908354e-09,1.19238059703708e-09,,,,,,,,,0.458156420354246,-0.458156432308685,6.58296000529954e-14,0.458156435875941,0.0361442015253785,5.16431755755637e-10,-0.458156415530033,5.54492123872971e-09
right,0.7853981633974478,-0.16870000000000002,0.6166981633974478,-0.9540981633974479,0.7853981633488685,-0.16869999930076152,1.667070770317025e-08,6.992385004345181e-10,0.0769836908396643,-0.0769836882729192,0.1088713778520278,0.7853981800681555,1.47433676525463e-09,-0.134300207627801,-0.017543770915367,4.97675603312238e-09,1.19238059703708e-09,,,,,,,,,0.458156420294913,-0.458156432249358,1.42139447527857e-13,0.458156435816281,0.036144201524143,4.91667820553123e-10,-0.458156415470851,5.87179605717623e-09
right,1.0471975511965974,-0.16870000000000002,0.8784975511965973,-1.2158975511965975,1.047197551132912,-0.16869999924505807,1.665524629324011e-08,7.54941942293641e-10,0.0942853798786275,-0.0544356873597768,0.10887137786024599,1.0471975678518437,1.47433676525463e-09,-0.134300207627801,-0.0175437709134863,5.59865465315016e-09,1.19238059703708e-09,,,,,,,,,0.458156420218997,-0.458156432173454,2.50600365727882e-13,0.458156435739892,0.0361442015225588,4.54187612351901e-10,-0.458156415395073,6.34153773468606e-09
right,1.3089969389957474,-0.16870000000000002,1.1402969389957474,-1.4776969389957475,1.30899693891607,-0.16869999917590994,1.6640168798431887e-08,8.240900739586721e-10,0.105161676097438,-0.028177984309466,0.10887137787025097,1.3089969556359162,1.47433676525463e-09,-0.134300207627801,-0.017543770911204,6.50639438639782e-09,1.19238059703708e-09,,,,,,,,,0.458156420126878,-0.458156432081354,3.91343366910604e-13,0.458156435647177,0.036144201520632,4.03782586491241e-10,-0.458156415303005,6.95536358078273e-09
right,1.5707963267948966,-0.16870000000000002,1.4020963267948965,-1.7394963267948966,1.570796326698215,-0.16869999909270494,1.6626477306047605e-08,9.072950724053896e-10,0.108871377881967,1.8101474862126e-09,0.10887137788196702,1.5707963434213739,1.47433676525463e-09,-0.134300207627801,-0.0175437709085406,7.74882867623798e-09,1.19238059703708e-09,,,,,,,,,0.458156420019285,-0.458156431973786,5.64540104583608e-13,0.45815643553896,0.0361442015183767,3.40219190299628e-10,-0.458156415195247,7.71488063976063e-09
right,1.8325957145940457,-0.16870000000000002,1.6638957145940456,-2.0012957145940455,1.832595714479155,-0.168699998994695,1.6615733899882912e-08,1.0053050059077862e-09,0.105161675184501,0.0281779878131827,0.10887137789525016,1.8325957312097796,1.47433676525463e-09,-0.134300207627801,-0.0175437709055339,9.40598606619216e-09,1.19238059703708e-09,,,,,,,,,0.458156419897573,-0.4581564318521,7.70345454538932e-13,0.458156435416758,0.0361442015158195,2.63230211465257e-10,-0.458156415072952,8.62187676421769e-09
right,2.0943951023931957,-0.16870000000000002,1.9256951023931956,-2.2630951023931956,2.09439510225882,-0.16869999888120013,1.661119064522154e-08,1.1187998860684445e-09,0.0942853781105986,0.0544356905210563,0.1088713779097278,2.0943951190043864,1.47433676525463e-09,-0.134300207627801,-0.0175437709022765,1.15681080206667e-08,1.19238059703708e-09,,,,,,,,,0.45815641976505,-0.458156431719595,1.00902867493573e-12,0.458156435284292,0.0361442015130293,1.72504542874118e-10,-0.458156414939021,9.67777950042989e-09
right,2.356194490192345,-0.16870000000000002,2.187494490192345,-2.5248944901923447,2.3561944900372946,-0.168699998751485,1.6620711029702306e-08,1.248515013596574e-09,0.0769836883279439,0.0769836908869912,0.10887137792440131,2.356194506813056,1.47433676525463e-09,-0.134300207627801,-0.01754377089901,1.43844892849498e-08,1.19238059703708e-09,,,,,,,,,0.458156419630366,-0.458156431584883,1.2808603533709e-12,0.458156435151278,0.0361442015101884,6.76945248390087e-11,-0.458156414801123,1.08839423601309e-08
right,2.617993877991494,-0.16870000000000002,2.449293877991494,-2.786693877991494,2.617993877817815,-0.168699998608155,1.6653323609006065e-08,1.3918450281202865e-09,0.0544356873989009,0.0942853799459738,0.10887137793813165,2.6179938946448176,1.47433676525463e-09,-0.134300207627801,-0.0175437708959746,1.72975679476764e-08,1.19238059703708e-09,,,,,,,,,0.458156419501172,-0.458156431455521,1.58565007112356e-12,0.45815643502737,0.0361442015074888,-5.15250323666317e-11,-0.458156414665888,1.22449322823478e-08
right,2.879793265790643,-0.16870000000000002,2.7110932657906432,-3.048493265790643,2.8797932656066703,-0.16869999845909,1.6728670004795276e-08,1.5409100107000029e-09,0.0281779843202814,0.105161676175029,0.10887137794799737,2.879793282519313,1.47433676525463e-09,-0.134300207627801,-0.0175437708938017,2.64720604738724e-08,1.19238059703708e-09,,,,,,,,,0.458156419398681,-0.458156431352532,1.92389231456941e-12,0.458156434937996,0.036144201505436,-1.85604795971058e-10,-0.458156414552275,1.37614574263652e-08
right,3.141592653589793,-0.16870000000000002,2.9728926535897933,-3.310292653589793,3.141592653419675,-0.1686999983263151,1.686144048897193e-08,1.6736849128839992e-09,-1.83572829215384e-09,0.108871377951262,0.10887137795126202,-3.1415926367283524,1.47433676525463e-09,-0.134300207627801,-0.0175437708929604,4.37502523041176e-08,1.19238059703708e-09,,,,,,,,,0.458156419335811,-0.458156431288495,2.29580423256525e-12,0.45815643490206,0.0361442015044553,-3.34981998071991e-10,-0.458156414471868,1.54370448783114e-08
right,-3.141592653589793,-0.140625,-3.282217653589793,3.000967653589793,-3.1415926538734453,-0.1406249981545249,1.5537963360401363e-08,1.8454751060659191e-09,-1.75582132272993e-09,0.11300202305547,0.11300202305547001,-3.1415926380518298,1.47433676525463e-09,-0.134300207627801,-0.0165805799348225,9.11608663049318e-08,1.19238059703708e-09,,,,,,,,,0.418965462307395,-0.418965474634864,2.31617360492356e-12,0.418965477552961,0.0351074774617562,-4.21007824963795e-10,-0.418965457479159,1.53531037607735e-08
right,-2.8797932657906435,-0.140625,-3.0204182657906435,2.7391682657906435,-2.87979326587336,-0.14062499852369004,1.567395102597402e-08,1.4763099631665e-09,-0.0292470774019521,0.109151571993639,0.11300202301391923,-2.8797932501166925,1.47433676525463e-09,-0.134300207627801,-0.016580579942396,4.68810362923828e-08,1.19238059703708e-09,,,,,,,,,0.418965462549172,-0.418965474875445,1.95266971392241e-12,0.418965477860305,0.0351074774726219,-2.75954438310943e-10,-0.418965457711296,1.36827835831651e-08
right,-2.6179938779914944,-0.140625,-2.7586188779914944,2.4773688779914944,-2.61799387798278,-0.14062499875794998,1.57753912155556e-08,1.242050018390728e-09,-0.0565010130335527,0.0978626216879224,0.11300202297946312,-2.617993862216103,1.47433676525463e-09,-0.134300207627801,-0.0165805799494535,2.60056774810157e-08,1.19238059703708e-09,,,,,,,,,0.418965462798717,-0.418965475124429,1.61904064607889e-12,0.418965478146843,0.0351074774822522,-1.43385832198198e-10,-0.418965457950639,1.21613559770498e-08
right,-2.356194490192345,-0.140625,-2.496819490192345,2.215569490192345,-2.356194490148425,-0.14062499892219504,1.583495157220227e-08,1.0778049563953118e-09,-0.0799044979826308,0.0799044954520631,0.11300202295226852,-2.3561944743573933,1.47433676525463e-09,-0.134300207627801,-0.0165805799553668,1.70024210629434e-08,1.19238059703708e-09,,,,,,,,,0.418965463019729,-0.418965475345204,1.3164410751529e-12,0.418965478387129,0.0351074774901353,-2.32083090560729e-11,-0.418965458164376,1.07846907512287e-08
right,-2.0943951023931957,-0.140625,-2.2350201023931957,1.9537701023931957,-2.094395102332895,-0.14062499905297499,1.587621190068944e-08,9.470250139642644e-10,-0.0978626234331122,0.0565010099111267,0.11300202292962883,-2.094395086516984,1.47433676525463e-09,-0.134300207627801,-0.0165805799603966,1.14656584901527e-08,1.19238059703708e-09,,,,,,,,,0.418965463211323,-0.418965475536666,1.04502995102094e-12,0.418965478591581,0.0351074774967864,8.47562761612855e-11,-0.418965458350231,9.55415765233172e-09
right,-1.832595714594046,-0.140625,-1.973220714594046,1.691970714594046,-1.832595714529115,-0.140624999158255,1.5901732819401104e-08,8.41745007029715e-10,-0.109151572817867,0.0292470739288176,0.113002022911149,-1.832595698692313,1.47433676525463e-09,-0.134300207627801,-0.0165805799645622,8.08193023266774e-09,1.19238059703708e-09,,,,,,,,,0.418965463372385,-0.418965475697659,8.05037147101411e-13,0.41896547876097,0.0351074775022663,1.80603374221581e-10,-0.418965458507081,8.4686715822479e-09
right,-1.5707963267948966,-0.140625,-1.7114213267948966,1.4301713267948966,-1.570796326732705,-0.14062499924251504,1.5915651907505435e-08,7.574849636426961e-10,-0.113002022896284,-1.79850087944134e-09,0.11300202289628401,-1.5707963108792447,1.47433676525463e-09,-0.134300207627801,-0.0165805799679495,6.05807933323717e-09,1.19238059703708e-09,,,,,,,,,0.418965463504876,-0.418965475830118,5.96533961640755e-13,0.41896547889875,0.0351074775067057,2.64388401718642e-10,-0.418965458636544,7.52670713708366e-09
right,-1.3089969389957472,-0.140625,-1.4496219389957472,1.1683719389957472,-1.3089969389409601,-0.14062499930859007,1.5920826657023213e-08,6.914099293098275e-10,-0.109151571861546,-0.0292470773954394,0.1130020228846416,-1.3089969230749205,1.47433676525463e-09,-0.134300207627801,-0.0165805799706248,4.90727727246815e-09,1.19238059703708e-09,,,,,,,,,0.418965463610516,-0.418965475935749,4.19616174450941e-13,0.4189654790076,0.035107477510202,3.36144484701958e-10,-0.418965458740087,6.72704310302001e-09
right,-1.0471975511965979,-0.140625,-1.1878225511965979,0.9065725511965979,-1.0471975511520475,-0.14062499935836253,1.59195636673104e-08,6.416374653817059e-10,-0.0978626215900951,-0.0565010129958842,0.11300202287590794,-1.0471975352770342,1.47433676525463e-09,-0.134300207627801,-0.0165805799726448,4.32671081508433e-09,1.19238059703708e-09,,,,,,,,,0.418965463690895,-0.41896547601613,2.74354207280335e-13,0.418965479089808,0.0351074775128362,3.95883018534631e-10,-0.41896545881908,6.06885322291039e-09
right,-0.7853981633974483,-0.140625,-0.9260231633974483,0.6447731633974483,-0.785398163364739,-0.14062499939311401,1.59135900013041e-08,6.068859859098552e-10,-0.079904495387497,-0.0799044979306318,0.11300202286984455,-0.7853981474838583,1.47433676525463e-09,-0.134300207627801,-0.0165805799740545,4.05797898489813e-09,1.19238059703708e-09,,,,,,,,,0.418965463747343,-0.418965476072585,1.60752776722621e-13,0.418965479147191,0.0351074775146713,4.43593946692592e-10,-0.418965458874681,5.55169326918813e-09
right,-0.5235987755982987,-0.140625,-0.6642237755982987,0.3829737755982987,-0.5235987755782815,-0.14062499941351148,1.5904430772373246e-08,5.86488524412232e-10,-0.0565010098766772,-0.0978626233798216,0.11300202286625306,-0.5235987596938679,1.47433676525463e-09,-0.134300207627801,-0.0165805799748944,3.97519044023767e-09,1.19238059703708e-09,,,,,,,,,0.418965463781136,-0.418965476106385,7.88173575763243e-14,0.418965479181382,0.0351074775157619,4.79247059705116e-10,-0.418965458907998,5.17552443108434e-09
right,-0.2617993877991496,-0.140625,-0.4024243877991496,0.12117438779914957,-0.2617993877922745,-0.1406249994200155,1.5892721694221734e-08,5.799845048670704e-10,-0.0292470739178669,-0.109151572773064,0.11300202286503838,-0.2617993719064279,1.47433676525463e-09,-0.134300207627801,-0.0165805799751831,4.01873756905752e-09,1.19238059703708e-09,,,,,,,,,0.418965463792859,-0.418965476118114,2.85449214562701e-14,0.418965479193135,0.0351074775161341,5.02788105340493e-10,-0.418965458919552,4.94050777049707e-09
right,0.0,-0.140625,-0.140625,-0.140625,-6.254996520738132e-12,-0.140624999412949,1.5879799347769387e-08,5.870509911520827e-10,1.7944494490047e-09,-0.113002022866036,0.11300202286603601,1.5879799347769387e-08,1.47433676525463e-09,-0.134300207627801,-0.0165805799749563,4.13713045357287e-09,1.19238059703708e-09,,,,,,,,,0.418965463783682,-0.418965476108938,9.95300920895785e-15,0.418965479183889,0.0351074775158348,5.14139570499427e-10,-0.418965458910356,4.84707993029592e-09
right,0.2617993877991496,-0.140625,0.12117438779914957,-0.4024243877991496,0.261799387779716,-0.140624999391726,1.586786074758706e-08,6.082739867352416e-10,0.0292470773856107,-0.10915157184799,0.11300202286900365,0.2617994036670103,1.47433676525463e-09,-0.134300207627801,-0.0165805799742745,4.36940521473454e-09,1.19238059703708e-09,,,,,,,,,0.41896546375578,-0.418965476081032,2.31169072553295e-14,0.418965479156082,0.035107477514939,5.13192909272474e-10,-0.41896545888229,4.89572995433291e-09
right,0.5235987755982987,-0.140625,0.3829737755982987,-0.6642237755982987,0.523598775565949,-0.140624999356624,1.5857123614182456e-08,6.43375991371542e-10,0.0565010129887791,-0.0978626215919004,0.11300202287391883,0.5235987914554223,1.47433676525463e-09,-0.134300207627801,-0.0165805799731395,4.64246735798826e-09,1.19238059703708e-09,,,,,,,,,0.418965463709133,-0.418965476034376,6.81500016110231e-14,0.418965479109791,0.0351074775134511,4.99813126115403e-10,-0.418965458835321,5.08669521567414e-09
right,0.7853981633974478,-0.140625,0.6447731633974478,-0.9260231633974478,0.7853981633529745,-0.14062499930828548,1.584783004826562e-08,6.917145189966334e-10,0.0799044979330809,-0.0799044954004552,0.11300202288073916,0.7853981792452779,1.47433676525463e-09,-0.134300207627801,-0.0165805799715561,4.84323064578534e-09,1.19238059703708e-09,,,,,,,,,0.41896546364378,-0.418965475969004,1.45185986167433e-13,0.418965479045207,0.0351074775113798,4.73840738338642e-10,-0.41896545876948,5.4205958694941e-09
right,1.0471975511965974,-0.140625,0.9065725511965974,-1.1878225511965974,1.0471975511414264,-0.14062499924753347,1.5839939804251912e-08,7.524665335267855e-10,0.0978626233962685,-0.0565010098945879,0.11300202288945184,1.0471975670365372,1.47433676525463e-09,-0.134300207627801,-0.01658057996952,5.67110600482997e-09,1.19238059703708e-09,,,,,,,,,0.418965463559411,-0.418965475884604,2.54393425608839e-13,0.418965478962158,0.0351074775087231,4.35089481321863e-10,-0.418965458684489,5.89827591567757e-09
right,1.3089969389957474,-0.140625,1.1683719389957474,-1.4496219389957474,1.3089969389320348,-0.14062499917543503,1.583268871563348e-08,8.245649718574555e-10,0.109151572805204,-0.0292470739335019,0.11300202290012987,1.3089969548284361,1.47433676525463e-09,-0.134300207627801,-0.0165805799670052,6.95524743708823e-09,1.19238059703708e-09,,,,,,,,,0.418965463454904,-0.418965475780049,3.95911305906369e-13,0.418965478859593,0.0351074775054524,3.83349988935311e-10,-0.418965458579362,6.52102022327979e-09
right,1.5707963267948966,-0.140625,1.4301713267948966,-1.7114213267948966,1.570796326725715,-0.1406249990935049,1.58245472281493e-08,9.06495101204996e-10,0.113002022912919,1.78820582989367e-09,0.11300202291291901,1.5707963426194438,1.47433676525463e-09,-0.134300207627801,-0.0165805799639649,8.29775842524169e-09,1.19238059703708e-09,,,,,,,,,0.418965463328349,-0.418965475653422,5.69888298021199e-13,0.418965478735618,0.0351074775015138,3.18386357477313e-10,-0.418965458452434,7.2904147457758e-09
right,1.8325957145940457,-0.140625,1.6919707145940457,-1.9732207145940457,1.832595714523815,-0.14062499900428493,1.5813000020514778e-08,9.957150659545277e-10,0.109151571906609,0.0292470773948995,0.11300202292802937,1.8325957304070457,1.47433676525463e-09,-0.134300207627801,-0.0165805799603313,9.45330554758786e-09,1.19238059703708e-09,,,,,,,,,0.41896546317702,-0.418965475501991,7.76453965466087e-13,0.418965478587504,0.0351074774968306,2.39928368246723e-10,-0.418965458301373,8.2082141315971e-09
right,2.0943951023931957,-0.140625,1.9537701023931957,-2.2350201023931957,2.09439510232774,-0.14062499891148994,1.5792062768582582e-08,1.088510059865655e-09,0.0978626216580071,0.0565010130184565,0.11300202294600761,2.0943951181852585,1.47433676525463e-09,-0.134300207627801,-0.0165805799559521,9.8031295748293e-09,1.19238059703708e-09,,,,,,,,,0.418965462995205,-0.418965475320034,1.01585778416723e-12,0.418965478409112,0.0351074774912207,1.47668247462229e-10,-0.418965458121324,9.27621094341632e-09
right,2.356194490192345,-0.140625,2.215569490192345,-2.496819490192345,2.3561944901415153,-0.14062499882593493,1.5747537496224595e-08,1.1740650673885966e-09,0.0799044954701474,0.0799044979867455,0.11300202296796559,2.3561945059398823,1.47433676525463e-09,-0.134300207627801,-0.0165805799505002,9.54721988729926e-09,1.19238059703708e-09,,,,,,,,,0.418965462770589,-0.418965475095213,1.2883134123663e-12,0.418965478187276,0.0351074774843013,4.12603879502815e-11,-0.418965457902037,1.04960490456372e-08
right,2.617993877991494,-0.140625,2.477368877991494,-2.758618877991494,2.61799387796166,-0.14062499874912016,1.5657876772934287e-08,1.2508798441501767e-09,0.0565010099657959,0.0978626234784574,0.11300202299623352,2.6179938936493707,1.47433676525463e-09,-0.134300207627801,-0.0165805799434373,1.73891742871996e-08,1.19238059703708e-09,,,,,,,,,0.418965462484952,-0.418965474809327,1.59351986091068e-12,0.418965477900281,0.035107477475382,-7.96369435067655e-11,-0.418965457627997,1.18715821458091e-08
right,2.879793265790643,-0.140625,2.739168265790643,-3.020418265790643,2.8797932657798953,-0.140624998676685,1.5498153871362774e-08,1.3233150131242155e-09,0.0292470740045903,0.109151572924449,0.11300202303371074,2.879793281288797,1.47433676525463e-09,-0.134300207627801,-0.0165805799341399,2.74881681152653e-08,1.19238059703708e-09,,,,,,,,,0.418965462118171,-0.418965474442303,1.931295117191e-12,0.41896547752299,0.0351074774636389,-2.15409814169662e-10,-0.418965457282015,1.34066370302431e-08
right,3.141592653589793,-0.140625,3.000967653589793,-3.282217653589793,3.14159265358409,-0.14062499865013,1.5117914276677475e-08,1.3498699935610148e-09,-1.7083548614129e-09,0.113002023094048,0.11300202309404801,-3.141592638471879,1.47433676525463e-09,-0.134300207627801,-0.0165805799193158,5.08296107480539e-08,1.19238059703708e-09,,,,,,,,,0.418965461559204,-0.418965473883166,2.30234548857844e-12,0.418965476922876,0.0351074774449317,-3.66655776262555e-10,-0.418965456772444,1.50972645492597e-08
right,-3.141592653589793,-0.11254999999999998,-3.2541426535897933,3.029042653589793,-3.141592652923205,-0.11254999887148509,1.648081005001245e-08,1.128514892645427e-09,-1.93132170136131e-09,0.117186091070493,0.11718609107049302,-3.141592637108983,1.47433676525463e-09,-0.134300207627801,-0.0156002769350096,1.535254149265e-07,1.19238059703708e-09,,,,,,,,,0.37891620480736,-0.378916217513128,2.31935792368029e-12,0.378916220379391,0.0335964614894181,-4.34557248696359e-10,-0.378916199736022,1.48943515059252e-08
right,-2.8797932657906435,-0.11254999999999998,-2.9923432657906437,2.7672432657906434,-2.879793265372935,-0.11254999881840488,1.6071171504705717e-08,1.1815950995419655e-09,-0.0303299940163232,0.113193071385597,0.11718609109760024,-2.879793249719472,1.47433676525463e-09,-0.134300207627801,-0.0156002769305962,1.03697755468361e-07,1.19238059703708e-09,,,,,,,,,0.378916204732421,-0.378916217435644,1.95251101527095e-12,0.378916220202675,0.0335964614800976,-2.89967212739953e-10,-0.378916199704849,1.3211573947866e-08
right,-2.6179938779914944,-0.11254999999999998,-2.7305438779914946,2.5054438779914943,-2.617993877712535,-0.11254999886782491,1.580465491812788e-08,1.1321750759130111e-09,-0.0585930471571786,0.101486130942341,0.11718609110645059,-2.6179938621868395,1.47433676525463e-09,-0.134300207627801,-0.0156002769294909,7.19257472610642e-08,1.19238059703708e-09,,,,,,,,,0.378916204749782,-0.378916217451475,1.61759954392823e-12,0.378916220160001,0.0335964614773409,-1.57895247999759e-10,-0.378916199751666,1.16807226473675e-08
right,-2.356194490192345,-0.11254999999999998,-2.468744490192345,2.2436444901923447,-2.3561944900210596,-0.11254999893346995,1.557248063832617e-08,1.0665300309575798e-09,-0.0828630809771081,0.0828630783963407,0.11718609111296817,-2.356194474619864,1.47433676525463e-09,-0.134300207627801,-0.0156002769286517,4.46857583452336e-08,1.19238059703708e-09,,,,,,,,,0.378916204766591,-0.378916217467014,1.31386292107984e-12,0.378916220127874,0.0335964614752576,-3.81612358512034e-11,-0.378916199794736,1.03013995797351e-08
right,-2.0943951023931957,-0.11254999999999998,-2.206945102393196,1.9818451023931958,-2.09439510227495,-0.11254999903580998,1.543362415645788e-08,9.641900056145403e-10,-0.101486132775143,0.0585930439883445,0.11718609110928663,-2.0943950869595716,1.47433676525463e-09,-0.134300207627801,-0.0156002769297539,2.89588328847265e-08,1.19238059703708e-09,,,,,,,,,0.378916204838393,-0.378916217538143,1.04222251062424e-12,0.378916220174314,0.0335964614769571,6.92686488313933e-11,-0.378916199882496,9.0682480927369e-09
right,-1.832595714594046,-0.11254999999999998,-1.9451457145940458,1.720045714594046,-1.83259571450711,-0.11254999913946995,1.5341847570127243e-08,8.605300361175239e-10,-0.113193072342692,0.0303299904617495,0.11718609110209165,-1.8325956992521983,1.47433676525463e-09,-0.134300207627801,-0.0156002769315163,1.90085169866901e-08,1.19238059703708e-09,,,,,,,,,0.378916204926055,-0.378916217625411,8.02395054349299e-13,0.378916220247313,0.0335964614799611,1.64497660046279e-10,-0.378916199980577,7.98029296179754e-09
right,-1.5707963267948966,-0.11254999999999998,-1.6833463267948965,1.4582463267948966,-1.57079632672925,-0.11254999923270004,1.5277271225855316e-08,7.672999458030461e-10,-0.117186091094139,-1.79028371689265e-09,0.11718609109413901,-1.5707963115176253,1.47433676525463e-09,-0.134300207627801,-0.0156002769333898,1.24068892666491e-08,1.19238059703708e-09,,,,,,,,,0.378916205012317,-0.37891621771143,5.94228968512225e-13,0.378916220324587,0.0335964614832236,2.47605209018858e-10,-0.378916200073906,7.03695373579226e-09
right,-1.3089969389957472,-0.11254999999999998,-1.4215469389957471,1.1964469389957473,-1.308996938945945,-0.11254999931210496,1.5229018712759057e-08,6.878950187250155e-10,-0.113193071400695,-0.0303299939181987,0.11718609108678728,-1.3089969237667285,1.47433676525463e-09,-0.134300207627801,-0.0156002769350902,7.85264621304426e-09,1.19238059703708e-09,,,,,,,,,0.378916205088006,-0.378916217786964,4.1771278871055e-13,0.378916220394602,0.0335964614862133,3.18629912360952e-10,-0.378916200154613,6.23720055814547e-09
right,-1.0471975511965979,-0.11254999999999998,-1.1597475511965978,0.9346475511965979,-1.047197551159079,-0.11254999937605098,1.519462755616985e-08,6.239490035753192e-10,-0.101486130955462,-0.0585930470822082,0.1171860910803285,-1.0471975360019703,1.47433676525463e-09,-0.134300207627801,-0.0156002769365655,5.80981371822849e-09,1.19238059703708e-09,,,,,,,,,0.37891620515174,-0.378916217850611,2.72910491845452e-13,0.378916220455254,0.0335964614888258,3.77579742745901e-10,-0.378916200221561,5.57997655230409e-09
right,-0.7853981633974483,-0.11254999999999998,-0.8979481633974482,0.6728481633974484,-0.7853981633706255,-0.1125499994231225,1.516996295247708e-08,5.768774902215057e-10,-0.0828630784030299,-0.0828630809170896,0.11718609107525867,-0.7853981482274853,1.47433676525463e-09,-0.134300207627801,-0.0156002769377145,5.0265621515292e-09,1.19238059703708e-09,,,,,,,,,0.378916205200363,-0.378916217899193,1.59818250099475e-13,0.378916220502439,0.0335964614908697,4.24443805593571e-10,-0.378916200272081,5.06473010353916e-09
right,-0.5235987755982987,-0.11254999999999998,-0.6361487755982986,0.4110487755982987,-0.523598775581718,-0.11254999945281002,1.5151513710343067e-08,5.471899600095753e-10,-0.0585930439983233,-0.101486132726308,0.11718609107198369,-0.523598760446785,1.47433676525463e-09,-0.134300207627801,-0.0156002769384496,4.36338038244227e-09,1.19238059703708e-09,,,,,,,,,0.378916205231022,-0.378916217929837,7.8425979700036e-14,0.37891622053261,0.033596461492183,4.59191489045924e-10,-0.378916200303754,4.69134064116598e-09
right,-0.2617993877991496,-0.11254999999999998,-0.37434938779914956,0.1492493877991496,-0.26179938779297995,-0.11254999946482999,1.513756087145879e-08,5.35169991655593e-10,-0.030329990476747,-0.113193072306168,0.1171860910706938,-0.2617993726615887,1.47433676525463e-09,-0.134300207627801,-0.0156002769387302,3.91804876994699e-09,1.19238059703708e-09,,,,,,,,,0.378916205242419,-0.378916217941235,2.8738122085212e-14,0.378916220544118,0.0335964614926903,4.81768394174382e-10,-0.378916200315499,4.45992923020059e-09
right,0.0,-0.11254999999999998,-0.11254999999999998,-0.11254999999999998,-5.103500955172535e-12,-0.1125499994589835,1.5125533958288157e-08,5.410164816144203e-10,1.77250219994382e-09,-0.117186091071685,0.11718609107168501,1.5125533958288157e-08,1.47433676525463e-09,-0.134300207627801,-0.0156002769384911,3.79456676711859e-09,1.19238059703708e-09,,,,,,,,,0.378916205232392,-0.378916217931211,1.07536032521829e-14,0.378916220534321,0.0335964614922718,4.92096186077847e-10,-0.378916200305481,4.37087013148976e-09
right,0.2617993877991496,-0.11254999999999998,0.1492493877991496,-0.37434938779914956,0.26179938778274847,-0.11254999943762449,1.5111129569866932e-08,5.623754933958836e-10,0.0303299939019002,-0.113193071393245,0.11718609107537277,0.26179940291027914,1.47433676525463e-09,-0.134300207627801,-0.0156002769376202,3.78463743537685e-09,1.19238059703708e-09,,,,,,,,,0.378916205196767,-0.378916217895576,2.45449005935385e-14,0.378916220498669,0.0335964614907357,4.90066822623358e-10,-0.378916200270193,4.42467363979248e-09
right,0.5235987755982987,-0.11254999999999998,0.4110487755982987,-0.6361487755982986,0.523598775569993,-0.11254999940017599,1.5093288174838904e-08,5.998239960280927e-10,0.0585930470727113,-0.101486130962764,0.11718609108190378,0.5235987906915869,1.47433676525463e-09,-0.134300207627801,-0.0156002769360876,3.93760270871237e-09,1.19238059703708e-09,,,,,,,,,0.378916205134594,-0.378916217833374,7.0210407984641e-14,0.378916220435954,0.0335964614880254,4.75544169532518e-10,-0.378916200208804,4.62162120681205e-09
right,0.7853981633974478,-0.11254999999999998,0.6728481633974479,-0.8979481633974478,0.7853981633555165,-0.1125499993453925,1.5071008663269936e-08,6.546074793334355e-10,0.0828630809203237,-0.0828630784226634,0.1171860910914285,0.7853981784684565,1.47433676525463e-09,-0.134300207627801,-0.0156002769338687,4.42268544460644e-09,1.19238059703708e-09,,,,,,,,,0.378916205045233,-0.378916217743956,1.47852580821243e-13,0.378916220345174,0.0335964614840902,4.48367667665021e-10,-0.378916200120752,4.96235345391837e-09
right,1.0471975511965974,-0.11254999999999998,0.9346475511965975,-1.1597475511965973,1.0471975511379605,-0.11254999927155951,1.5043712719986502e-08,7.284404746066286e-10,0.101486132747776,-0.058593044025305,0.11718609110406636,1.0471975662403101,1.47433676525463e-09,-0.134300207627801,-0.0156002769309489,5.51835015862362e-09,1.19238059703708e-09,,,,,,,,,0.378916204928446,-0.378916217627077,2.57605536016655e-13,0.378916220225734,0.033596461478895,4.08349780836778e-10,-0.378916200005807,5.44774888501261e-09
right,1.3089969389957474,-0.11254999999999998,1.1964469389957475,-1.4215469389957474,1.3089969389156049,-0.11254999917610509,1.5011877074755375e-08,8.23894896750943e-10,0.113193072349836,-0.0303299905036957,0.11718609111984868,1.3089969540076245,1.47433676525463e-09,-0.134300207627801,-0.0156002769273394,7.59188271453724e-09,1.19238059703708e-09,,,,,,,,,0.378916204784986,-0.378916217483485,3.99559944444801e-13,0.378916220078092,0.0335964614724487,3.55279606448701e-10,-0.378916199864551,6.07910741919375e-09
right,1.5707963267948966,-0.11254999999999998,1.4582463267948966,-1.6833463267948965,1.57079632668593,-0.11254999905523999,1.4976638595953773e-08,9.447599924605754e-10,0.117186091138764,1.7550537382235e-09,0.11718609113876402,1.5707963417715352,1.47433676525463e-09,-0.134300207627801,-0.0156002769230708,1.10927311704181e-08,1.19238059703708e-09,,,,,,,,,0.378916204616473,-0.378916217314797,5.73820310797658e-13,0.37891621990349,0.0335964614647884,2.88918185911643e-10,-0.378916199698297,6.85798007981806e-09
right,1.8325957145940457,-0.11254999999999998,1.7200457145940458,-1.9451457145940456,1.83259571444707,-0.11254999890489004,1.494285539749285e-08,1.095109947168993e-09,0.113193071480482,0.0303299939048602,0.11718609116040335,1.832595729536901,1.47433676525463e-09,-0.134300207627801,-0.0156002769182656,1.66610531828727e-08,1.19238059703708e-09,,,,,,,,,0.378916204427638,-0.378916217125756,7.80425137214303e-13,0.378916219706889,0.0335964614561171,2.09000295420092e-10,-0.378916199510969,7.78636691268205e-09
right,2.0943951023931957,-0.11254999999999998,1.9818451023931958,-2.206945102393196,2.09439510219101,-0.11254999871428006,1.4913841717145715e-08,1.2857199194193925e-09,0.101486131062195,0.0585930471058361,0.11718609118457596,2.0943951173070374,1.47433676525463e-09,-0.134300207627801,-0.0156002769130561,2.62854826932353e-08,1.19238059703708e-09,,,,,,,,,0.378916204225089,-0.37891621692296,1.01957749166843e-12,0.378916219493673,0.0335964614466154,1.15204536056175e-10,-0.378916199308236,8.86574384076061e-09
right,2.356194490192345,-0.11254999999999998,2.2436444901923447,-2.468744490192345,2.35619448991158,-0.11254999847053004,1.490897227895971e-08,1.5294699395873579e-09,0.0828630785194745,0.0828630809902812,0.11718609120935171,2.356194505101317,1.47433676525463e-09,-0.134300207627801,-0.0156002769079856,4.15250648672793e-08,1.19238059703708e-09,,,,,,,,,0.378916204029673,-0.378916216727314,1.29113922993488e-12,0.378916219285891,0.0335964614372,7.20716605591984e-12,-0.378916199107804,1.00987019658456e-08
right,2.617993877991494,-0.11254999999999998,2.505443877991494,-2.730543877991494,2.617993877611215,-0.11254999816913491,1.4956942795407713e-08,1.8308650706622132e-09,0.0585930440978736,0.101486132853132,0.11718609123159164,2.6179938929484368,1.47433676525463e-09,-0.134300207627801,-0.0156002769038028,6.24750879299471e-08,1.19238059703708e-09,,,,,,,,,0.378916203867568,-0.378916216565128,1.59508705572203e-12,0.378916219113916,0.0335964614292062,-1.15343164096139e-10,-0.37891619893187,1.14886712390236e-08
right,2.879793265790643,-0.11254999999999998,2.767243265790643,-2.9923432657906432,2.879793265295085,-0.11254999780804487,1.5094848926366922e-08,2.1919551174143237e-09,0.0303299905272139,0.113193072475174,0.11718609124700285,2.879793280885492,1.47433676525463e-09,-0.134300207627801,-0.0156002769015092,8.88130744255847e-08,1.19238059703708e-09,,,,,,,,,0.378916203773554,-0.378916216471361,1.93151370299803e-12,0.378916219018381,0.0335964614244332,-2.52864181061577e-10,-0.378916198810183,1.30382107766142e-08
right,3.141592653589793,-0.11254999999999998,3.029042653589793,-3.2541426535897933,3.1415926529511298,-0.11254999734585991,1.5450517554929938e-08,2.6541400743873567e-09,-1.81058582173396e-09,0.117186091241025,0.11718609124102501,-3.1415926381392754,1.47433676525463e-09,-0.134300207627801,-0.0156002769048124,1.2578316020802e-07,1.19238059703708e-09,,,,,,,,,0.378916203884176,-0.378916216583067,2.30054729937935e-12,0.378916219149816,0.0335964614293381,-4.05843855258145e-10,-0.378916198860213,1.47486145521358e-08
right,-3.141592653589793,-0.084475,-3.226067653589793,3.0571176535897933,-3.14159265411477,-0.08447499805035008,1.2677832561536206e-08,1.94964991373503e-09,-1.5392640655232e-09,0.12141381595278,0.12141381595278002,-3.1415926409119606,1.47433676525463e-09,-0.134300207627801,-0.0146056947412219,2.196729736013e-07,1.19238059703708e-09,,,,,,,,,0.338055144769705,-0.338055157820925,2.29654332401094e-12,0.338055159631363,0.0316032822145466,-4.5590117403318e-10,-0.338055140031065,1.44246773496348e-08
right,-2.8797932657906435,-0.084475,-2.9642682657906434,2.7953182657906437,-2.8797932660602052,-0.08447499842851491,1.3249791486202867e-08,1.5714850809533942e-09,-0.031424209435055,0.117276739983741,0.1214138158523658,-2.879793252540852,1.47433676525463e-09,-0.134300207627801,-0.014605694762896,1.50138410789632e-07,1.19238059703708e-09,,,,,,,,,0.33805514553269,-0.338055158592137,1.936961667409e-12,0.338055160519243,0.0316032822654806,-3.11679098595051e-10,-0.338055140723118,1.2734068819172e-08
right,-2.6179938779914944,-0.084475,-2.7024688779914943,2.5335188779914946,-2.6179938780739898,-0.08447499873069986,1.3714003266329655e-08,1.2693001372188206e-09,-0.0607069093261201,0.105147447993178,0.1214138157682553,-2.617993864277491,1.47433676525463e-09,-0.134300207627801,-0.0146056947812785,9.37601963766238e-08,1.19238059703708e-09,,,,,,,,,0.338055146187718,-0.338055159253657,1.60685685634571e-12,0.338055161272471,0.0316032823084569,-1.79995904560151e-10,-0.338055141318972,1.11983483824217e-08
right,-2.356194490192345,-0.084475,-2.4406694901923447,2.271719490192345,-2.3561944901969296,-0.08447499893664001,1.3974309265307738e-08,1.063359983399792e-09,-0.0858525336187769,0.0858525312193172,0.12141381571109217,-2.3561944762180356,1.47433676525463e-09,-0.134300207627801,-0.0146056947941499,6.22393600795917e-08,1.19238059703708e-09,,,,,,,,,0.338055146664386,-0.338055159733761,1.30659604113455e-12,0.338055161800465,0.0316032823381185,-6.07953898521654e-11,-0.338055141760184,9.8122270796771e-09
right,-2.0943951023931957,-0.084475,-2.1788701023931956,2.009920102393196,-2.0943951023486953,-0.08447499910283507,1.4172375717436125e-08,8.971649256839243e-10,-0.10514744959621,0.0607069063420556,0.12141381566448949,-2.09439508822082,1.47433676525463e-09,-0.134300207627801,-0.0146056948047476,3.81333055165677e-08,1.19238059703708e-09,,,,,,,,,0.338055147061307,-0.338055160133236,1.03709729811722e-12,0.338055162235333,0.0316032823624304,4.60934786874319e-11,-0.338055142129188,8.57570025570876e-09
right,-1.832595714594046,-0.084475,-1.917070714594046,1.7481207145940458,-1.8325957145278151,-0.08447499923179491,1.4308540352558907e-08,7.682050828794473e-10,-0.117276740633265,0.0314242061450994,0.12141381562825465,-1.8325957002855056,1.47433676525463e-09,-0.134300207627801,-0.0146056948131034,2.13970418246889e-08,1.19238059703708e-09,,,,,,,,,0.338055147379474,-0.338055160453096,7.98602811953612e-13,0.338055162578371,0.0316032823814734,1.40734823565652e-10,-0.338055142427029,7.48622036764237e-09
right,-1.5707963267948966,-0.084475,-1.6552713267948966,1.4863213267948965,-1.57079632672677,-0.08447499933285996,1.4384734292605117e-08,6.671400376578873e-10,-0.121413815601929,-1.7465054863701e-09,0.12141381560192901,-1.5707963124101623,1.47433676525463e-09,-0.134300207627801,-0.014605694819253,1.17204392204954e-08,1.19238059703708e-09,,,,,,,,,0.338055147618673,-0.338055160693229,5.91393271681668e-13,0.338055162831038,0.0316032823953847,2.23178834950146e-10,-0.33805514265373,6.54185118374745e-09
right,-1.3089969389957472,-0.084475,-1.3934719389957473,1.2245219389957471,-1.3089969389338751,-0.08447499941190506,1.4431438710715838e-08,5.880949338621377e-10,-0.117276739685467,-0.031424209503662,0.12141381558201204,-1.3089969245643085,1.47433676525463e-09,-0.134300207627801,-0.0146056948239428,5.42454272317368e-09,1.19238059703708e-09,,,,,,,,,0.338055147803244,-0.338055160878378,4.15626724063004e-13,0.338055163023809,0.0316032824059475,2.93477571043389e-10,-0.338055142829753,5.74193974646932e-09
right,-1.0471975511965979,-0.084475,-1.131672551196598,0.9627225511965979,-1.0471975511457825,-0.08447499947085751,1.4457855579408374e-08,5.291424798326005e-10,-0.105147447774069,-0.060706909303903,0.1214138155673928,-1.0471975367387423,1.47433676525463e-09,-0.134300207627801,-0.014605694827412,3.10777593135144e-09,1.19238059703708e-09,,,,,,,,,0.338055147941141,-0.33805516101662,2.71427528597875e-13,0.338055163166455,0.0316032824137305,3.51645444923962e-10,-0.338055142961874,5.08564094930346e-09
right,-0.7853981633974483,-0.084475,-0.8698731633974482,0.7009231633974483,-0.7853981633602045,-0.08447499951187148,1.446787956105311e-08,4.881285098345955e-10,-0.0858525310683682,-0.0858525335525764,0.12141381555754428,-0.7853981489295687,1.47433676525463e-09,-0.134300207627801,-0.0146056948297672,2.85319179661971e-09,1.19238059703708e-09,,,,,,,,,0.33805514803579,-0.338055161111438,1.58860085924779e-13,0.338055163263333,0.0316032824189918,3.97669053464727e-10,-0.338055143053079,4.57224666905522e-09
right,-0.5235987755982987,-0.084475,-0.6080737755982987,0.43912377559829874,-0.5235987755754601,-0.08447499953565202,1.4467312348109829e-08,4.6434797673633454e-10,-0.0607069062546847,-0.105147449516498,0.12141381555177143,-0.5235987611309864,1.47433676525463e-09,-0.134300207627801,-0.0146056948311623,2.70295373365425e-09,1.19238059703708e-09,,,,,,,,,0.338055148092423,-0.338055161168136,7.79660492530488e-14,0.338055163320737,0.0316032824220939,4.31517519017772e-10,-0.338055143107826,4.20156626060444e-09
right,-0.2617993877991496,-0.084475,-0.34627438779914954,0.17732438779914958,-0.26179938779066647,-0.08447499954270851,1.4458941210993004e-08,4.572914824585439e-10,-0.0314242061071369,-0.117276740562141,0.12141381554972873,-0.26179937334020836,1.47433676525463e-09,-0.134300207627801,-0.0146056948316735,3.09103121736169e-09,1.19238059703708e-09,,,,,,,,,0.338055148113626,-0.338055161189336,2.87882629358555e-14,0.338055163341778,0.031603282423216,4.53136086948221e-10,-0.338055143128336,3.97366848391547e-09
right,0.0,-0.084475,-0.084475,-0.084475,-4.690851873601076e-12,-0.08447499953353946,1.4446481981737274e-08,4.664605368631669e-10,1.75400249869109e-09,-0.121413815550972,0.12141381555097201,1.4446481981737274e-08,1.47433676525463e-09,-0.134300207627801,-0.0146056948313984,3.40336960253806e-09,1.19238059703708e-09,,,,,,,,,0.338055148102696,-0.33805516117838,1.13462981282537e-14,0.338055163330442,0.031603282422588,4.62445662591143e-10,-0.33805514311741,3.88887399675406e-09
right,0.2617993877991496,-0.084475,0.17732438779914958,-0.34627438779914954,0.2617993877807705,-0.0844749995043525,1.4436647099991262e-08,4.956474952688694e-10,0.0314242094972297,-0.117276739659018,0.12141381555479948,0.2617994022357967,1.47433676525463e-09,-0.134300207627801,-0.0146056948305277,4.03965411696131e-09,1.19238059703708e-09,,,,,,,,,0.338055148066902,-0.338055161142575,2.56939448494112e-14,0.338055163294534,0.0316032824206304,4.59338561787575e-10,-0.338055143081168,3.9476920442716e-09
right,0.5235987755982987,-0.084475,0.43912377559829874,-0.6080737755982987,0.523598775566493,-0.08447499945540199,1.4431954409310777e-08,5.445980055807098e-10,0.0607069092979456,-0.10514744777004,0.12141381556092487,0.5235987900302531,1.47433676525463e-09,-0.134300207627801,-0.0146056948291241,4.82919162586229e-09,1.19238059703708e-09,,,,,,,,,0.338055148008331,-0.338055161084041,7.19392089434184e-14,0.33805516323661,0.0316032824174919,4.43677740490316e-10,-0.338055143021363,4.15044943471064e-09
right,0.7853981633974478,-0.084475,0.7009231633974479,-0.8698731633974478,0.7853981633543545,-0.08447499938859448,1.4434070938484922e-08,6.114055095540749e-10,0.0858525335578594,-0.0858525310794564,0.12141381556912048,0.7853981778315188,1.47433676525463e-09,-0.134300207627801,-0.0146056948272244,5.91438979058272e-09,1.19238059703708e-09,,,,,,,,,0.338055147927907,-0.33805516100374,1.50206487217723e-13,0.338055163158172,0.0316032824132696,4.1530166975749e-10,-0.338055142938794,4.49780183342475e-09
right,1.0471975511965974,-0.084475,0.9627225511965974,-1.1316725511965975,1.0471975511464915,-0.0844749993062785,1.4444073270780677e-08,6.937214969138239e-10,0.105147449538861,-0.0607069062708541,0.12141381557922305,1.0471975656406707,1.47433676525463e-09,-0.134300207627801,-0.0146056948248471,9.0937634831933e-09,1.19238059703708e-09,,,,,,,,,0.338055147825836,-0.33805516090191,2.60638278186654e-13,0.338055163059974,0.031603282408022,3.74021715003103e-10,-0.338055142833648,4.99065455051314e-09
right,1.3089969389957474,-0.084475,1.2245219389957473,-1.3934719389957475,1.308996938945615,-0.08447499921180501,1.4461500219553614e-08,7.881949815047307e-10,0.117276740602321,-0.0314242061175814,0.12141381559124285,1.3089969534572476,1.47433676525463e-09,-0.134300207627801,-0.0146056948219627,1.33493605497176e-08,1.19238059703708e-09,,,,,,,,,0.338055147700441,-0.338055160776902,4.03368845137961e-13,0.3380551629408,0.0316032824017028,3.19625866734635e-10,-0.33805514270451,5.63031780613518e-09
right,1.5707963267948966,-0.084475,1.4863213267948965,-1.6552713267948966,1.5707963267551048,-0.08447499910966505,1.4484678567683318e-08,8.903349446587328e-10,0.121413815605304,1.75864007829991e-09,0.12141381560530401,1.5707963412795751,1.47433676525463e-09,-0.134300207627801,-0.0146056948185058,1.85350255370505e-08,1.19238059703708e-09,,,,,,,,,0.338055147548599,-0.338055160625616,5.78505572499815e-13,0.338055162797966,0.0316032823941887,2.51874320494791e-10,-0.338055142548747,6.41839099679856e-09
right,1.8325957145940457,-0.084475,1.7481207145940456,-1.9170707145940458,1.8325957145794352,-0.08447499900632505,1.4509644818971879e-08,9.936749478800522e-10,0.117276739721401,0.0314242095231207,0.1214138156217579,1.8325957291036905,1.47433676525463e-09,-0.134300207627801,-0.0146056948143444,2.42523415127693e-08,1.19238059703708e-09,,,,,,,,,0.338055147364551,-0.338055160442313,7.86152794242204e-13,0.338055162626071,0.0316032823852143,1.70498561055719e-10,-0.338055142361523,7.35674784227483e-09
right,2.0943951023931957,-0.084475,2.009920102393196,-2.1788701023931956,2.0943951024269403,-0.08447499891391996,1.4531526648653426e-08,1.086080031464931e-09,0.105147447833225,0.0607069093483852,0.12141381564086448,2.0943951169247224,1.47433676525463e-09,-0.134300207627801,-0.0146056948093281,3.00494809204237e-08,1.19238059703708e-09,,,,,,,,,0.338055147141149,-0.338055160219897,1.02652215723654e-12,0.338055162418954,0.0316032823744995,7.51828653865999e-11,-0.338055142137016,8.4472608612743e-09
right,2.356194490192345,-0.084475,2.271719490192345,-2.4406694901923447,2.356194490305345,-0.08447499884747489,1.4530354697228631e-08,1.1525251031319073e-09,0.0858525311387025,0.085852533633638,0.12141381566459736,2.3561945047226995,1.47433676525463e-09,-0.134300207627801,-0.0146056948028904,3.37175219532182e-08,1.19238059703708e-09,,,,,,,,,0.338055146856291,-0.338055159936179,1.29964574189302e-12,0.338055162153446,0.0316032823608161,-3.43963410734351e-11,-0.338055141856736,9.69249840422945e-09
right,2.617993877991494,-0.084475,2.533518877991494,-2.702468877991494,2.61799387821599,-0.08447499881645015,1.4475902698762866e-08,1.1835498414658474e-09,0.0607069063260164,0.105147449642134,0.12141381569624124,2.6179938924673967,1.47433676525463e-09,-0.134300207627801,-0.0146056947942076,5.82559246441846e-08,1.19238059703708e-09,,,,,,,,,0.338055146479915,-0.338055159560845,1.60528995712716e-12,0.338055161795876,0.0316032823423034,-1.58599863604372e-10,-0.338055141495362,1.10954679714529e-08
right,2.879793265790643,-0.084475,2.7953182657906432,-2.964268265790643,2.879793266166935,-0.084474998845125,1.4319993635325545e-08,1.1548750011858289e-09,0.031424206172839,0.117276740742163,0.12141381574062157,2.8797932801106367,1.47433676525463e-09,-0.134300207627801,-0.0146056947820031,9.3591991674421e-08,1.19238059703708e-09,,,,,,,,,0.338055145964439,-0.338055159045981,1.94355202192411e-12,0.338055161294064,0.0316032823161203,-2.9784537030147e-10,-0.338055141013285,1.2658844941648e-08
right,3.141592653589793,-0.084475,3.0571176535897933,-3.226067653589793,3.141592654167245,-0.08447499898018496,1.3944243338462618e-08,1.019815037972549e-09,-1.69302380657378e-09,0.121413815809777,0.12141381580977702,-3.1415926396455496,1.47433676525463e-09,-0.134300207627801,-0.014605694763204,1.43489580315359e-07,1.19238059703708e-09,,,,,,,,,0.338055145197671,-0.338055158278456,2.31428255466994e-12,0.338055160522445,0.0316032822753501,-4.52592495969182e-10,-0.338055140317148,1.43850594791451e-08
right,-3.141592653589793,-0.05639999999999998,-3.197992653589793,3.085192653589793,-3.141592652746435,-0.056399998669254936,1.6006990843919766e-08,1.3307450419386413e-09,-2.01168566788323e-09,0.125675441390497,0.12567544139049702,-3.1415926375828023,1.47433676525463e-09,-0.134300207627801,-0.0135997521841304,2.61825331959255e-07,1.19238059703708e-09,,,,,,,,,0.296428413919929,-0.296428427418283,2.30165796316208e-12,0.296428429498047,0.0291233947891863,-4.84803189519743e-10,-0.296428408591816,1.39484155385239e-08
right,-2.8797932657906435,-0.05639999999999998,-2.9361932657906435,2.8233932657906435,-2.87979326529701,-0.05639999865055012,1.5297899391697456e-08,1.349449857412921e-09,-0.0325271996039378,0.121393154121589,0.12567544144208237,-2.879793250492744,1.47433676525463e-09,-0.134300207627801,-0.0135997521743777,1.73062308961943e-07,1.19238059703708e-09,,,,,,,,,0.296428413673878,-0.296428427156195,1.93743455505009e-12,0.296428429099052,0.0291233947585244,-3.40895976687707e-10,-0.296428408433847,1.22522966404094e-08
right,-2.6179938779914944,-0.05639999999999998,-2.6743938779914944,2.5615938779914944,-2.61799387764778,-0.05639999878702007,1.4914200541227274e-08,1.2129799109583672e-09,-0.0628377223502633,0.108838123993865,0.1256754414540594,-2.617993863077294,1.47433676525463e-09,-0.134300207627801,-0.0135997521724276,1.25503119917455e-07,1.19238059703708e-09,,,,,,,,,0.296428413670542,-0.29642842714506,1.60543385993591e-12,0.296428429021311,0.0291233947512458,-2.09693650338333e-10,-0.296428408481008,1.07090963610999e-08
right,-2.356194490192345,-0.05639999999999998,-2.412594490192345,2.299794490192345,-2.35619448997051,-0.05639999891716996,1.4597453468212507e-08,1.0828300200937946e-09,-0.0888659581833243,0.0888659555888909,0.12567544146159612,-2.3561944755948914,1.47433676525463e-09,-0.134300207627801,-0.0135997521713352,8.64503867272036e-08,1.19238059703708e-09,,,,,,,,,0.296428413688344,-0.296428427156522,1.3041494209074e-12,0.296428428978615,0.0291233947466652,-9.09631088650261e-11,-0.296428408540485,9.31893123597302e-09
right,-2.0943951023931957,-0.05639999999999998,-2.1507951023931957,2.0379951023931957,-2.09439510225784,-0.05639999905188997,1.4345552301620046e-08,9.48110007170655e-10,-0.108838125841576,0.0628377191709376,0.12567544146456122,-2.0943950880476434,1.47433676525463e-09,-0.134300207627801,-0.0135997521710596,5.5709921607788e-08,1.19238059703708e-09,,,,,,,,,0.296428413724562,-0.296428427187964,1.03405458400853e-12,0.296428428969271,0.029123394744724,1.53876553335703e-11,-0.29642840861051,8.07916067473517e-09
right,-1.832595714594046,-0.05639999999999998,-1.888995714594046,1.776195714594046,-1.83259571450606,-0.05639999919109007,1.4183998198191716e-08,8.089099112762455e-10,-0.121393155097608,0.0325271960296072,0.12567544145973947,-1.8325957004100477,1.47433676525463e-09,-0.134300207627801,-0.0135997521723518,3.6359273910176e-08,1.19238059703708e-09,,,,,,,,,0.296428413806218,-0.29642842726683,7.95558005894334e-13,0.296428429024271,0.0291233947475358,1.09422694032692e-10,-0.296428408714194,6.98727474674645e-09
right,-1.5707963267948966,-0.05639999999999998,-1.6271963267948966,1.5143963267948966,-1.570796326737025,-0.05639999931790507,1.4066915632326982e-08,6.820949083330419e-10,-0.125675441452999,-1.76786583094109e-09,0.125675441452999,-1.570796312727981,1.47433676525463e-09,-0.134300207627801,-0.0135997521739857,2.26762614449014e-08,1.19238059703708e-09,,,,,,,,,0.296428413892689,-0.296428427351453,5.88605096065371e-13,0.296428429093073,0.0291233947515144,1.91212944683235e-10,-0.296428408816726,6.04200277945855e-09
right,-1.3089969389957472,-0.05639999999999998,-1.3653969389957472,1.2525969389957472,-1.30899693895587,-0.05639999942804996,1.3987309976926099e-08,5.719500151268875e-10,-0.121393154167228,-0.0325271994456475,0.1256754414451977,-1.3089969250084372,1.47433676525463e-09,-0.134300207627801,-0.0135997521757994,1.37644821643245e-08,1.19238059703708e-09,,,,,,,,,0.296428413979165,-0.296428427436831,4.1326050230966e-13,0.296428429169023,0.0291233947561665,2.60794648972649e-10,-0.296428408914035,5.24204181718233e-09
right,-1.0471975511965979,-0.05639999999999998,-1.1035975511965979,0.9907975511965978,-1.0471975511686171,-0.05639999951776298,1.3930317566135386e-08,4.822370003321197e-10,-0.108838124041912,-0.0628377222352246,0.12567544143814996,-1.0471975372662803,1.47433676525463e-09,-0.134300207627801,-0.0135997521774067,7.77819793377133e-09,1.19238059703708e-09,,,,,,,,,0.296428414052746,-0.296428427509744,2.69546515326271e-13,0.296428429236195,0.0291233947603674,3.18186563415781e-10,-0.296428408995188,4.58661082639437e-09
right,-0.7853981633974483,-0.05639999999999998,-0.8417981633974483,0.7289981633974483,-0.785398163377822,-0.05639999958529501,1.3891600758597633e-08,4.147049648128842e-10,-0.0888659556309379,-0.0888659580999187,0.12567544143235115,-0.7853981495058475,1.47433676525463e-09,-0.134300207627801,-0.0135997521787097,5.08802186397652e-09,1.19238059703708e-09,,,,,,,,,0.296428414110439,-0.296428427567091,1.57528693792535e-13,0.296428429290564,0.0291233947638233,3.63376407981901e-10,-0.296428409057705,4.07501139866528e-09
right,-0.5235987755982987,-0.05639999999999998,-0.5799987755982987,0.4671987755982987,-0.5235987755857285,-0.056399999629431485,1.3865700920767665e-08,3.7056849255812097e-10,-0.0628377192051023,-0.10883812578014,0.12567544142843842,-0.5235987617325978,1.47433676525463e-09,-0.134300207627801,-0.0135997521795736,3.88105248001738e-09,1.19238059703708e-09,,,,,,,,,0.29642841414781,-0.296428427604322,7.72005633237258e-14,0.296428429326582,0.0291233947661399,3.96331896341126e-10,-0.296428409097873,3.70695353528187e-09
right,-0.2617993877991496,-0.05639999999999998,-0.3181993877991496,0.2053993877991496,-0.2617993877935255,-0.05639999964970151,1.3849153435163686e-08,3.502984707859369e-10,-0.0325271960617318,-0.121393155054907,0.12567544142680795,-0.26179937394999614,1.47433676525463e-09,-0.134300207627801,-0.0135997521799126,2.93612699123535e-09,1.19238059703708e-09,,,,,,,,,0.29642841416199,-0.296428427618496,2.86012840214732e-14,0.296428429340706,0.029123394767068,4.16998049898505e-10,-0.296428409113297,3.48246197418994e-09
right,0.0,-0.05639999999999998,-0.05639999999999998,-0.05639999999999998,-2.8915481120606046e-12,-0.05639999964501595,1.38381988560594e-08,3.549840282834893e-10,1.73912174980252e-09,-0.125675441427914,0.125675441427914,1.38381988560594e-08,1.47433676525463e-09,-0.134300207627801,-0.0135997521796313,2.53170445275799e-09,1.19238059703708e-09,,,,,,,,,0.296428414149846,-0.296428427606396,1.17357502788052e-14,0.296428429329014,0.0291233947663289,4.25294948216829e-10,-0.29642840910133,3.40180972336133e-09
right,0.2617993877991496,-0.05639999999999998,0.2053993877991496,-0.3181993877991496,0.261799387787649,-0.05639999961944901,1.3824074163171218e-08,3.805509657395234e-10,0.0325271994225959,-0.121393154160461,0.12567544143269507,0.26179940162322374,1.47433676525463e-09,-0.134300207627801,-0.0135997521784848,2.37177943724812e-09,1.19238059703708e-09,,,,,,,,,0.29642841410215,-0.296428427558702,2.66669425522777e-14,0.296428429281393,0.0291233947632521,4.21115207795333e-10,-0.296428409054316,3.46548825955264e-09
right,0.5235987755982987,-0.05639999999999998,0.4671987755982987,-0.5799987755982987,0.523598775577155,-0.05639999957283398,1.3802616716240834e-08,4.271659970189745e-10,0.062837722223075,-0.108838124052966,0.12567544144164822,0.5235987894009154,1.47433676525463e-09,-0.134300207627801,-0.0135997521763603,2.45740138316617e-09,1.19238059703708e-09,,,,,,,,,0.29642841401497,-0.296428427471402,7.34689885311116e-14,0.2964284291932,0.0291233947575169,4.04321021486193e-10,-0.296428408968931,3.67386728010141e-09
right,0.7853981633974478,-0.05639999999999998,0.7289981633974478,-0.8417981633974478,0.7853981633630625,-0.05639999950228752,1.3772532114764147e-08,4.97712454583521e-10,0.0888659581053416,-0.0888659556575232,0.12567544145498438,0.78539817716998,1.47433676525463e-09,-0.134300207627801,-0.0135997521732308,3.15211800638895e-09,1.19238059703708e-09,,,,,,,,,0.296428413887821,-0.296428427343949,1.52226435897569e-13,0.296428429063322,0.0291233947490272,3.74749870944199e-10,-0.296428408844697,4.0276134440589e-09
right,1.0471975511965974,-0.05639999999999998,0.9907975511965974,-1.1035975511965974,1.0471975511427476,-0.05639999940464252,1.3733176151831117e-08,5.953574577777232e-10,0.108838125810275,-0.0628377192417325,0.1256754414728512,1.0471975649297736,1.47433676525463e-09,-0.134300207627801,-0.0135997521690857,5.00884286652713e-09,1.19238059703708e-09,,,,,,,,,0.296428413720823,-0.296428427176404,2.63018153217287e-13,0.296428428891328,0.0291233947377324,3.32212032026153e-10,-0.296428408681626,4.52765019741397e-09
right,1.3089969389957474,-0.05639999999999998,1.2525969389957474,-1.3653969389957474,1.3089969389133551,-0.056399999275645096,1.3686461297623964e-08,7.243548816315837e-10,0.121393155115618,-0.0325271960991669,0.12567544149513918,1.3089969526822087,1.47433676525463e-09,-0.134300207627801,-0.0135997521639799,8.57581475472338e-09,1.19238059703708e-09,,,,,,,,,0.296428413516508,-0.296428426971275,4.0590133879543e-13,0.296428428679487,0.029123394723763,2.76494668689451e-10,-0.2964284084817,5.1753026755765e-09
right,1.5707963267948966,-0.05639999999999998,1.5143963267948966,-1.6271963267948966,1.570796326670725,-0.05639999910968507,1.3633438822324706e-08,8.903149051331383e-10,0.125675441521861,1.71338842917217e-09,0.125675441521861,1.5707963404283354,1.47433676525463e-09,-0.134300207627801,-0.0135997521579508,1.45157211911983e-08,1.19238059703708e-09,,,,,,,,,0.296428413277024,-0.296428426730649,5.80925525076476e-13,0.296428428429348,0.0291233947071893,2.07355296868378e-10,-0.296428408246555,5.9721363014496e-09
right,1.8325957145940457,-0.05639999999999998,1.7761957145940457,-1.8889957145940457,1.83259571441313,-0.056399998901680015,1.3583502989078511e-08,1.0983199627556672e-09,0.121393154283616,0.0325271994242947,0.12567544155209337,1.8325957281775487,1.47433676525463e-09,-0.134300207627801,-0.0135997521512429,2.33852321536098e-08,1.19238059703708e-09,,,,,,,,,0.296428413011543,-0.296428426463794,7.88074009212909e-13,0.296428428150996,0.02912339468868,1.24529292194618e-10,-0.296428407983667,6.92014253970366e-09
right,2.0943951023931957,-0.05639999999999998,2.0379951023931957,-2.1507951023931957,2.0943951021216654,-0.056399998630275006,1.3533126175246935e-08,1.3697249723332305e-09,0.108838124195352,0.0628377222661739,0.12567544158650756,2.094395115926322,1.47433676525463e-09,-0.134300207627801,-0.0135997521438721,3.94736687320521e-08,1.19238059703708e-09,,,,,,,,,0.296428412724588,-0.296428426174843,1.02736351028787e-12,0.296428427845138,0.0291233946681215,2.76876601190694e-11,-0.296428407696597,8.02092892110522e-09
right,2.356194490192345,-0.05639999999999998,2.299794490192345,-2.412594490192345,2.3561944898158753,-0.056399998308995114,1.351551670580875e-08,1.6910048639129371e-09,0.0888659557979465,0.0888659582000851,0.12567544162127242,2.3561945037078615,1.47433676525463e-09,-0.134300207627801,-0.0135997521365947,5.90916892133317e-08,1.19238059703708e-09,,,,,,,,,0.296428412439478,-0.296428425887932,1.29875848978485e-12,0.296428427542901,0.0291233946477845,-8.34692953877914e-11,-0.296428407404771,9.27772560963424e-09
right,2.617993877991494,-0.05639999999999998,2.561593877991494,-2.674393877991494,2.617993877465845,-0.05639999789905503,1.3545275567850013e-08,2.1009449457931595e-09,0.0628377193533447,0.108838125956364,0.12567544165517408,2.6179938915367695,1.47433676525463e-09,-0.134300207627801,-0.013599752129994,8.83590631415258e-08,1.19238059703708e-09,,,,,,,,,0.296428412183766,-0.296428425630273,1.60193031119615e-12,0.296428427268436,0.0291233946290436,-2.09322697216586e-10,-0.296428407130881,1.06928280736482e-08
right,2.879793265790643,-0.05639999999999998,2.823393265790643,-2.936193265790643,2.87979326506689,-0.056399997381030076,1.3683679078724253e-08,2.6189699020573443e-09,0.0325271961476583,0.121393155295239,0.12567544168119024,2.879793279474322,1.47433676525463e-09,-0.134300207627801,-0.0135997521258366,1.29233703329332e-07,1.19238059703708e-09,,,,,,,,,0.296428412023163,-0.296428425468349,1.93690193111467e-12,0.29642842709464,0.0291233946167707,-3.50306165477723e-10,-0.29642840693012,1.22686676879564e-08
right,3.141592653589793,-0.05639999999999998,3.085192653589793,-3.197992653589793,3.1415926526881597,-0.05639999683405006,1.3927233833546941e-08,3.165949918892963e-09,-1.75031127353298e-09,0.125675441699185,0.125675441699185,-3.1415926396625595,1.47433676525463e-09,-0.134300207627801,-0.0135997521235005,1.68099974823654e-07,1.19238059703708e-09,,,,,,,,,0.296428411919931,-0.296428425365634,2.30350850099579e-12,0.296428426995619,0.0291233946098201,-5.06782126812888e-10,-0.29642840677098,1.40100725168258e-08
right,-3.141592653589793,-0.028324999999999934,-3.169917653589793,3.1132676535897934,-3.14159265421896,-0.02832499770256991,1.1896601037619803e-08,2.297430024000846e-09,-1.54609776684229e-09,0.12996130105954,0.12996130105954,-3.141592641693192,1.47433676525463e-09,-0.134300207627801,-0.0125854229078195,1.8224221115263e-07,1.19238059703708e-09,,,,,,,,,0.254081259806668,-0.254081273601737,2.27834100508501e-12,0.254081274640994,0.0261553832865601,-5.21112944950539e-10,-0.254081254887935,1.34678336236533e-08
right,-2.8797932657906435,-0.028324999999999934,-2.9081182657906437,2.8514682657906434,-2.8797932661599397,-0.028324998187210015,1.2320037434676578e-08,1.8127899181763496e-09,-0.0336364613622456,0.125532976604444,0.1299613009635781,-2.879793253470606,1.47433676525463e-09,-0.134300207627801,-0.0125854229284478,1.28726592798092e-07,1.19238059703708e-09,,,,,,,,,0.254081260566946,-0.254081274376806,1.92127801951182e-12,0.25408127550283,0.0261553833554405,-3.77580376219928e-10,-0.254081255597021,1.17643687104956e-08
right,-2.6179938779914944,-0.028324999999999934,-2.6463188779914946,2.5896688779914943,-2.617993878224365,-0.028324998545535163,1.2578953434427831e-08,1.4544647708447656e-09,-0.064980651861578,0.112549787263644,0.12996130089163896,-2.617993865412541,1.47433676525463e-09,-0.134300207627801,-0.0125854229443491,9.61471664092923e-08,1.19238059703708e-09,,,,,,,,,0.254081261172523,-0.254081274991048,1.5931935196197e-12,0.254081276167765,0.0261553834077898,-2.46783641634821e-10,-0.254081256168901,1.02161860244828e-08
right,-2.356194490192345,-0.028324999999999934,-2.3845194901923445,2.327869490192345,-2.35619449031566,-0.028324998854059924,1.2795650317087848e-08,1.1459400095503725e-09,-0.0918965182841336,0.0918965159323822,0.12996130082934948,-2.3561944773966945,1.47433676525463e-09,-0.134300207627801,-0.0125854229581745,6.87484968467611e-08,1.19238059703708e-09,,,,,,,,,0.254081261701302,-0.254081275527042,1.29515270990848e-12,0.254081276745952,0.0261553834532159,-1.2853666829588e-10,-0.254081256668902,8.82157831067047e-09
right,-2.0943951023931957,-0.028324999999999934,-2.1227201023931954,2.066070102393196,-2.0943951024354,-0.028324999111559945,1.2971588692067826e-08,8.884399882447269e-10,-0.112549788824148,0.064980648928258,0.12996130077641507,-2.094395089421607,1.47433676525463e-09,-0.134300207627801,-0.012585422970009,4.63714947560935e-08,1.19238059703708e-09,,,,,,,,,0.254081262156935,-0.25408127598843,1.02759772196298e-12,0.254081277240962,0.0261553834919804,-2.27253102800235e-11,-0.254081257100273,7.57840070914567e-09
right,-1.832595714594046,-0.028324999999999934,-1.8609207145940458,1.804270714594046,-1.8325957145888552,-0.028324999316274968,1.309478880884285e-08,6.837249655333721e-10,-0.125532977237605,0.0336364581124414,0.12996130073405346,-1.832595701499257,1.47433676525463e-09,-0.134300207627801,-0.0125854229796007,3.05455426019863e-08,1.19238059703708e-09,,,,,,,,,0.254081262531422,-0.254081276366851,7.90768826585042e-13,0.254081277642314,0.026155383523199,7.07224694803098e-11,-0.254081257456643,6.48451417486026e-09
right,-1.5707963267948966,-0.028324999999999934,-1.5991213267948965,1.5424713267948966,-1.57079632676406,-0.02832499947806999,1.3182347213813728e-08,5.219299437086988e-10,-0.129961300700129,-1.71319500804204e-09,0.129961300700129,-1.5707963136125493,1.47433676525463e-09,-0.134300207627801,-0.0125854229873637,1.9086310647239e-08,1.19238059703708e-09,,,,,,,,,0.254081262837749,-0.254081276675908,5.85063114553606e-13,0.254081277967242,0.0261553835483399,1.51863774016623e-10,-0.2540812577491,5.53822558051327e-09
right,-1.3089969389957472,-0.028324999999999934,-1.3373219389957471,1.2806719389957473,-1.308996938955465,-0.02832499960256496,1.3239334739623132e-08,3.9743497382005444e-10,-0.125532976293737,-0.0336364614026795,0.12996130067392325,-1.3089969257564125,1.47433676525463e-09,-0.134300207627801,-0.0125854229934229,1.13371892350625e-08,1.19238059703708e-09,,,,,,,,,0.254081263079516,-0.254081276919431,4.10627074898496e-13,0.254081278220934,0.0261553835678605,2.20736648678371e-10,-0.254081257980869,4.73822434738197e-09
right,-1.0471975511965979,-0.028324999999999934,-1.0755225511965978,1.018872551196598,-1.0471975511564802,-0.028324999695089947,1.3276085786273484e-08,3.0490998614851605e-10,-0.112549787012662,-0.0649806518212896,0.129961300654138,-1.047197537920512,1.47433676525463e-09,-0.134300207627801,-0.0125854229980364,5.98116525103469e-09,1.19238059703708e-09,,,,,,,,,0.254081263265005,-0.254081277106059,2.67643010544469e-13,0.254081278414135,0.0261553835826679,2.7735902561238e-10,-0.254081258159021,4.08361209799961e-09
right,-0.7853981633974483,-0.028324999999999934,-0.8137231633974482,0.7570731633974483,-0.7853981633637515,-0.028324999758835456,1.3296996392853089e-08,2.4116447727706714e-10,-0.0918965157525391,-0.0918965181964344,0.12996130064016853,-0.7853981501004519,1.47433676525463e-09,-0.134300207627801,-0.012585423001321,2.45724438314195e-09,1.19238059703708e-09,,,,,,,,,0.254081263397943,-0.254081277239683,1.56202499236391e-13,0.254081278551707,0.0261553835931742,3.21721123108539e-10,-0.25408125828682,3.573721569766e-09
right,-0.5235987755982987,-0.028324999999999934,-0.5519237755982986,0.49527377559829877,-0.5235987755748955,-0.02832499979609951,1.330523213827206e-08,2.0390042432261168e-10,-0.0649806488182863,-0.112549788720393,0.12996130063157477,-0.5235987622930666,1.47433676525463e-09,-0.134300207627801,-0.0125854230033624,1.25842692155559e-09,1.19238059703708e-09,,,,,,,,,0.254081263481087,-0.254081277323181,7.6394219518273e-14,0.25408127863722,0.0261553835996813,3.53789457001103e-10,-0.254081258366691,3.20818407975716e-09
right,-0.2617993877991496,-0.028324999999999934,-0.2901243877991495,0.23347438779914964,-0.2617993877882795,-0.028324999808237494,1.3303777302020592e-08,1.917624392611117e-10,-0.0336364580587485,-0.12553297714216,0.1299613006279639,-0.2617993744953723,1.47433676525463e-09,-0.134300207627801,-0.0125854230042417,1.1037749985976e-09,1.19238059703708e-09,,,,,,,,,0.254081263517144,-0.254081277359354,2.82710586115387e-14,0.254081278674048,0.0261553836024691,3.73508721705195e-10,-0.254081258400963,2.98697572410615e-09
right,0.0,-0.028324999999999934,-0.028324999999999934,-0.028324999999999934,-1.874599434015245e-12,-0.028324999797097898,1.3295021530926891e-08,2.029020354510358e-10,1.72783829005015e-09,-0.129961300629025,0.129961300629025,1.3295021530926891e-08,1.47433676525463e-09,-0.134300207627801,-0.0125854230040165,1.5107220671339e-09,1.19238059703708e-09,,,,,,,,,0.254081263507864,-0.254081277350047,1.18874658424134e-14,0.254081278664592,0.026155383601745,3.80798251194775e-10,-0.254081258391157,2.91032538279369e-09
right,0.2617993877991496,-0.028324999999999934,0.23347438779914964,-0.2901243877991495,0.261799387784718,-0.028324999761063008,1.3287818123597361e-08,2.389369258004592e-10,0.0336364613983626,-0.125532976253281,0.12996130063372846,0.2617994010869677,1.47433676525463e-09,-0.134300207627801,-0.0125854230029349,2.18967180621369e-09,1.19238059703708e-09,,,,,,,,,0.254081263462342,-0.254081277304538,2.73037700328941e-14,0.254081278619187,0.0261553835983287,3.75550738682745e-10,-0.254081258344837,2.9786956254216e-09
right,0.5235987755982987,-0.028324999999999934,0.49527377559829877,-0.5519237755982986,0.523598775573049,-0.02832499970069502,1.328732890382156e-08,2.993049141863935e-10,0.0649806518162172,-0.112549787000954,0.12996130064146236,0.5235987888856276,1.47433676525463e-09,-0.134300207627801,-0.0125854230011328,3.28644207043906e-09,1.19238059703708e-09,,,,,,,,,0.254081263385306,-0.25408127722769,7.46012940401494e-14,0.254081278543505,0.0261553835926821,3.57627852480611e-10,-0.254081258265963,3.19249108904963e-09
right,0.7853981633974478,-0.028324999999999934,0.7570731633974479,-0.8137231633974478,0.785398163365742,-0.028324999619074975,1.3293160905369916e-08,3.809249582431562e-10,0.0918965182046211,-0.0918965157614308,0.12996130065224476,0.7853981766906087,1.47433676525463e-09,-0.134300207627801,-0.0125854229985819,5.90908931353461e-09,1.19238059703708e-09,,,,,,,,,0.254081263275171,-0.254081277117974,1.53897796546959e-13,0.254081278436344,0.0261553835847345,3.26866262179291e-10,-0.254081258153267,3.55238498277047e-09
right,1.0471975511965974,-0.028324999999999934,1.0188725511965975,-1.0755225511965973,1.0471975511651301,-0.028324999518979932,1.330454546533133e-08,4.810200016081012e-10,0.112549788750293,-0.0649806488356522,0.12996130066615189,1.0471975645011429,1.47433676525463e-09,-0.134300207627801,-0.0125854229952425,9.42280835664245e-09,1.19238059703708e-09,,,,,,,,,0.254081263129993,-0.254081276973488,2.65300245757869e-13,0.254081278296052,0.0261553835743772,2.83075386205689e-10,-0.254081258005158,4.05931263239243e-09
right,1.3089969389957474,-0.028324999999999934,1.2806719389957475,-1.3373219389957474,1.30899693897308,-0.028324999403060103,1.3318045777310772e-08,5.969398308991458e-10,0.125532977196383,-0.0336364580713577,0.12996130068360282,1.3089969523137932,1.47433676525463e-09,-0.134300207627801,-0.0125854229909957,1.34162732211447e-08,1.19238059703708e-09,,,,,,,,,0.254081262944953,-0.254081276789389,4.08874244520544e-13,0.254081278117658,0.0261553835612367,2.26041365100674e-10,-0.254081257817598,4.71458923532752e-09
right,1.5707963267948966,-0.028324999999999934,1.5424713267948966,-1.5991213267948965,1.5707963267927498,-0.02832499927531995,1.3331129533611374e-08,7.246799826887695e-10,0.129961300704893,1.73253093672098e-09,0.129961300704893,1.570796340126026,1.47433676525463e-09,-0.134300207627801,-0.012585422985741,1.75998344821438e-08,1.19238059703708e-09,,,,,,,,,0.254081262715646,-0.254081276561301,5.84684666657844e-13,0.254081277896957,0.0261553835450114,1.55520555755147e-10,-0.254081257586929,5.51977447792865e-09
right,1.8325957145940457,-0.028324999999999934,1.8042707145940458,-1.8609207145940456,1.83259571462243,-0.028324999135119988,1.333459542784965e-08,8.648799454391565e-10,0.125532976345888,0.0336364614294702,0.1299613007312312,1.8325957279286411,1.47433676525463e-09,-0.134300207627801,-0.0125854229791994,2.08277739365329e-08,1.19238059703708e-09,,,,,,,,,0.254081262431948,-0.25408127627888,7.92705160194029e-13,0.254081277622314,0.0261553835247716,7.12484768370763e-11,-0.254081257304494,6.47683313942363e-09
right,2.0943951023931957,-0.028324999999999934,2.066070102393196,-2.1227201023931954,2.09439510247321,-0.028324998996509976,1.33251298883863e-08,1.0034899577959777e-09,0.112549787103573,0.064980651881137,0.12996130076279291,2.0943951157183256,1.47433676525463e-09,-0.134300207627801,-0.0125854229712268,2.27667859638732e-08,1.19238059703708e-09,,,,,,,,,0.254081262086401,-0.254081275934871,1.03306497275703e-12,0.254081277287691,0.0261553835001397,-2.70961284385026e-11,-0.254081256964456,7.58765943257134e-09
right,2.356194490192345,-0.028324999999999934,2.327869490192345,-2.3845194901923445,2.3561944903519754,-0.028324998872345075,1.3282646982304414e-08,1.127654858379401e-09,0.0918965158681386,0.0918965183093966,0.12996130080178606,2.356194503474992,1.47433676525463e-09,-0.134300207627801,-0.0125854229612202,3.81494380741389e-08,1.19238059703708e-09,,,,,,,,,0.254081261655349,-0.254081275505394,1.30575210752911e-12,0.254081276867927,0.0261553834691916,-1.39845732880044e-10,-0.254081256547355,8.85461473930449e-09
right,2.617993877991494,-0.028324999999999934,2.5896688779914943,-2.6463188779914937,2.61799387822453,-0.028324998720519856,1.3200559312309679e-08,1.2794800774429405e-09,0.0649806489392989,0.112549788902786,0.12996130085003804,2.6179938911920533,1.47433676525463e-09,-0.134300207627801,-0.0125854229490496,5.34517656772366e-08,1.19238059703708e-09,,,,,,,,,0.254081261140043,-0.254081274990749,1.61008284198134e-12,0.254081276357667,0.0261553834312156,-2.67325612671273e-10,-0.254081256052414,1.02810938225973e-08
right,2.879793265790643,-0.028324999999999934,2.8514682657906434,-2.908118265790643,2.879793266124585,-0.028324998594285056,1.303623120563202e-08,1.405714877833475e-09,0.0336364581656931,0.125532977406939,0.12996130091140007,2.8797932788268743,1.47433676525463e-09,-0.134300207627801,-0.0125854229334602,7.50372605945828e-08,1.19238059703708e-09,,,,,,,,,0.254081260488087,-0.254081274338528,1.94635952504842e-12,0.254081275704525,0.026155383382361,-4.10000630137195e-10,-0.254081255437925,1.18690577746885e-08
right,3.141592653589793,-0.028324999999999934,3.1132676535897934,-3.169917653589793,3.1415926540450148,-0.028324998500534937,1.2727219523403781e-08,1.4994649966126872e-09,-1.65404601440528e-09,0.129961300993105,0.129961300993105,-3.141592640862574,1.47433676525463e-09,-0.134300207627801,-0.0125854229127465,1.02494130353844e-07,1.19238059703708e-09,,,,,,,,,0.25408125963785,-0.25408127348572,2.31404149912264e-12,0.254081274837417,0.0261553833169495,-5.68285016857757e-10,-0.254081254652631,1.3621844194486e-08
right,-3.141592653589793,-0.00024999999999997247,-3.141842653589793,3.1413426535897933,-3.1415926528256097,-0.00024999874453013327,1.3619869676517737e-08,1.2554698392008845e-09,-1.82862926556586e-09,0.134261873826051,0.134261873826051,-3.1415926399699234,1.47433676525463e-09,-0.134300207627801,-0.0115657094094963,1.01814489206993e-07,1.19238059703708e-09,,,,,,,,,0.211057707757622,-0.211057722028148,2.27766362005605e-12,0.211057723120683,0.0227007270651965,-5.6466262648611e-10,-0.211057702504226,1.2981337577026e-08
right,-2.8797932657906435,-0.00024999999999997247,-2.8800432657906434,2.8795432657906437,-2.8797932652267297,-0.00024999888693000294,1.3446022517626943e-08,1.1130699695272028e-09,-0.034749531713731,0.129687010919772,0.1342618737975478,-2.879793252344621,1.47433676525463e-09,-0.134300207627801,-0.0115657094176905,7.80436433040284e-08,1.19238059703708e-09,,,,,,,,,0.211057708160315,-0.211057722421004,1.91913637616219e-12,0.211057723469939,0.0227007270923631,-4.21494238089761e-10,-0.211057702918162,1.12717602983443e-08
right,-2.6179938779914944,-0.00024999999999997247,-2.6182438779914943,2.6177438779914945,-2.61799387757186,-0.0002499990514799322,1.3313660396363503e-08,9.485200402892247e-10,-0.0671309384323018,0.116274192549491,0.13426187376853344,-2.617993864677834,1.47433676525463e-09,-0.134300207627801,-0.0115657094255633,6.00139109420814e-08,1.19238059703708e-09,,,,,,,,,0.211057708534321,-0.211057722787875,1.59054795523608e-12,0.211057723805155,0.0227007271190511,-2.91082725166553e-10,-0.211057703301415,9.71904249919174e-09
right,-2.356194490192345,-0.00024999999999997247,-2.3564444901923447,2.355944490192345,-2.35619448988599,-0.0002499992139799456,1.3203947268891625e-08,7.860200268439144e-10,-0.0949374826309773,0.0949374801238783,0.13426187374150156,-2.3561944769883976,1.47433676525463e-09,-0.134300207627801,-0.0115657094327242,4.52207943122706e-08,1.19238059703708e-09,,,,,,,,,0.211057708869781,-0.211057723117694,1.29218418912441e-12,0.211057724109936,0.0227007271435428,-1.73297738843645e-10,-0.211057703645065,8.32066513760501e-09
right,-2.0943951023931957,-0.00024999999999997247,-2.0946451023931956,2.094145102393196,-2.0943951021707203,-0.0002499993734599304,1.3116831620862968e-08,6.265400420701894e-10,-0.116274194278598,0.0671309353330234,0.13426187371634482,-2.094395089276364,1.47433676525463e-09,-0.134300207627801,-0.0115657094392122,3.36406679605388e-08,1.19238059703708e-09,,,,,,,,,0.211057709168638,-0.211057723412354,1.02449800282855e-12,0.21105772438595,0.0227007271659659,-6.80251253772115e-11,-0.211057703950898,7.07441375057655e-09
right,-1.832595714594046,-0.00024999999999997247,-1.832845714594046,1.8323457145940458,-1.83259571443577,-0.0002499995205099692,1.3045661662047792e-08,4.794900032578653e-10,-0.129687011740261,0.034749528251286,0.13426187369393264,-1.8325957015483842,1.47433676525463e-09,-0.134300207627801,-0.0115657094448999,2.43823327533611e-08,1.19238059703708e-09,,,,,,,,,0.211057709428001,-0.211057723668511,7.87776723979264e-13,0.211057724627852,0.0227007271857441,2.48318424950055e-11,-0.211057704216267,5.97848913252492e-09
right,-1.5707963267948966,-0.00024999999999997247,-1.5710463267948964,1.5705463267948967,-1.570796326685055,-0.0002499996524850667,1.2986195896402819e-08,3.475149057408089e-10,-0.134261873674674,-1.74355100406376e-09,0.134261873674674,-1.5707963138087007,1.47433676525463e-09,-0.134300207627801,-0.011565709449721,1.68804776231438e-08,1.19238059703708e-09,,,,,,,,,0.2110577096463,-0.21105772388437,5.8226527540071e-13,0.211057724832861,0.0227007272025823,1.05327783325687e-10,-0.211057704439992,5.03117558884182e-09
right,-1.3089969389957472,-0.00024999999999997247,-1.3092469389957473,1.3087469389957471,-1.3089969389206502,-0.00024999976774997545,1.2938162541331621e-08,2.3224999701199067e-10,-0.129687010803128,-0.0347495316118847,0.1342618736585186,-1.3089969260575847,1.47433676525463e-09,-0.134300207627801,-0.0115657094537045,1.10859694733458e-08,1.19238059703708e-09,,,,,,,,,0.211057709825143,-0.211057724061474,4.08159448011679e-13,0.211057725002219,0.0227007272165669,1.73497941680715e-10,-0.211057704623517,4.23110660024016e-09
right,-1.0471975511965979,-0.00024999999999997247,-1.0474475511965977,1.046947551196598,-1.04719755114624,-0.0002499998629500455,1.2899896262297261e-08,1.3704992696261797e-10,-0.116274192470833,-0.0671309383227418,0.1342618736456336,-1.0471975382967016,1.47433676525463e-09,-0.134300207627801,-0.0115657094568412,6.76725326774184e-09,1.19238059703708e-09,,,,,,,,,0.211057709964978,-0.211057724200116,2.65583565182449e-13,0.211057725135552,0.0227007272276256,2.29357272695393e-10,-0.211057704767219,3.57727471236206e-09
right,-0.7853981633974483,-0.00024999999999997247,-0.7856481633974483,0.7851481633974483,-0.7853981633652369,-0.00024999993504498663,1.2869201260201635e-08,6.495498583447556e-11,-0.0949374800812409,-0.09493748252478,0.13426187363625952,-0.785398150528247,1.47433676525463e-09,-0.134300207627801,-0.0115657094591019,3.62802643353022e-09,1.19238059703708e-09,,,,,,,,,0.211057710065432,-0.21105772429977,1.54601996485892e-13,0.211057725231648,0.0227007272356131,2.72897421481287e-10,-0.211057704870782,3.06899930967923e-09
right,-0.5235987755982987,-0.00024999999999997247,-0.5238487755982987,0.5233487755982987,-0.5235987755794944,-0.0002499999824884802,1.2845227881363996e-08,1.7511492256261363e-11,-0.0671309353216617,-0.116274194185987,0.1342618736304605,-0.5235987627530708,1.47433676525463e-09,-0.134300207627801,-0.0115657094604865,1.54917083567865e-09,1.19238059703708e-09,,,,,,,,,0.211057710126917,-0.211057724360773,7.5278334549304e-14,0.211057725290505,0.0227007272405089,3.04084466622747e-10,-0.211057704934587,2.70586715764807e-09
right,-0.2617993877991496,-0.00024999999999997247,-0.26204938779914955,0.2615493877991496,-0.261799387790549,-0.0002500000040220052,1.2826749773431345e-08,-4.02203270688517e-12,-0.0347495282627058,-0.12968701166932,0.13426187362836456,-0.2617993749723998,1.47433676525463e-09,-0.134300207627801,-0.0115657094609769,3.65540660241646e-10,1.19238059703708e-09,,,,,,,,,0.211057710149096,-0.21105772438271,2.76681736902966e-14,0.211057725311373,0.0227007272422287,3.2286249005033e-10,-0.211057704958366,2.48780272425559e-09
right,0.0,-0.00024999999999997247,-0.00024999999999997247,-0.00024999999999997247,-1.565850856095896e-14,-0.00024999999798968253,1.2813292661722979e-08,2.01028993798702e-12,1.72033668013288e-09,-0.134261873630033,0.134261873630033,1.2813292661722979e-08,1.47433676525463e-09,-0.134300207627801,-0.0115657094605721,1.4822363093315e-11,1.19238059703708e-09,,,,,,,,,0.211057710132253,-0.211057724365806,1.17999943922429e-14,0.211057725294212,0.022700727240753,3.29150082662969e-10,-0.211057704942324,2.41499387459218e-09
right,0.2617993877991496,-0.00024999999999997247,0.2615493877991496,-0.26204938779914955,0.26179938778990397,-0.000249999963143982,1.2799294568655029e-08,3.6855990481754475e-11,0.0347495315880848,-0.129687010786343,0.1342618736361457,0.26179940059844414,1.47433676525463e-09,-0.134300207627801,-0.0115657094591257,2.38007937858251e-10,1.19238059703708e-09,,,,,,,,,0.211057710071327,-0.211057724304793,2.77091930621624e-14,0.211057725232856,0.0227007272355044,3.22839777596315e-10,-0.211057704882221,2.48787207046477e-09
right,0.5235987755982987,-0.00024999999999997247,0.5233487755982987,-0.5238487755982987,0.523598775576663,-0.0002499998976089879,1.2780468461315309e-08,1.0239098457986984e-10,0.067130938309652,-0.11627419248023,0.13426187364722672,0.5235987883787672,1.47433676525463e-09,-0.134300207627801,-0.0115657094565321,1.02196384534518e-09,1.19238059703708e-09,,,,,,,,,0.211057709962849,-0.211057724196021,7.54436657274154e-14,0.211057725122849,0.022700727226057,3.03792914464915e-10,-0.211057704775132,2.70686396919095e-09
right,0.7853981633974478,-0.00024999999999997247,0.7851481633974479,-0.7856481633974478,0.7853981633587025,-0.00024999979899553715,1.2758993861439194e-08,2.0100443531845258e-10,0.0949374825332651,-0.0949374801106517,0.13426187366305598,0.7853981761564417,1.47433676525463e-09,-0.134300207627801,-0.0115657094528587,2.79429967278535e-09,1.19238059703708e-09,,,,,,,,,0.211057709809621,-0.211057724042302,1.55083026095272e-13,0.211057724967043,0.0227007272126536,2.71845267075476e-10,-0.211057704623282,3.07264606006482e-09
right,1.0471975511965974,-0.00024999999999997247,1.0469475511965975,-1.0474475511965973,1.0471975511350098,-0.0002499996654899972,1.2736915522282288e-08,3.3450997527495474e-10,0.116274194224592,-0.0671309353607423,0.13426187368343367,1.047197563933513,1.47433676525463e-09,-0.134300207627801,-0.0115657094481626,5.6977523615172e-09,1.19238059703708e-09,,,,,,,,,0.211057709613943,-0.211057723845958,2.66689847300878e-13,0.211057724767857,0.0227007271955042,2.26805572489496e-10,-0.211057704428477,3.58616248752996e-09
right,1.3089969389957474,-0.00024999999999997247,1.3087469389957476,-1.3092469389957473,1.308996938905185,-0.00024999949549497913,1.2717487285485163e-08,5.04504993337207e-10,0.129687011742489,-0.0347495282974986,0.1342618737080454,1.3089969517132347,1.47433676525463e-09,-0.134300207627801,-0.0115657094425247,1.00306881689109e-08,1.19238059703708e-09,,,,,,,,,0.211057709378844,-0.211057723610089,4.10304009152319e-13,0.211057724528699,0.0227007271749153,1.68458391486474e-10,-0.211057704193089,4.24869888545245e-09
right,1.5707963267948966,-0.00024999999999997247,1.5705463267948967,-1.5710463267948964,1.57079632666864,-0.0002499992870099721,1.2704306717736813e-08,7.129900003732814e-10,0.134261873736551,1.70570400768097e-09,0.134261873736551,1.5707963394992033,1.47433676525463e-09,-0.134300207627801,-0.011565709436033,1.58432480895168e-08,1.19238059703708e-09,,,,,,,,,0.211057709107636,-0.211057723338082,5.8594152206185e-13,0.211057724253281,0.0227007271512197,9.65609844473402e-11,-0.211057703919686,5.06182760852018e-09
right,1.8325957145940457,-0.00024999999999997247,1.8323457145940458,-1.8328457145940455,1.8325957144254499,-0.00024999903838007764,1.2702191298785692e-08,9.616198948236843e-10,0.129687010917549,0.0347495316097441,0.13426187376848678,1.832595727296237,1.47433676525463e-09,-0.134300207627801,-0.0115657094288009,2.31824463334413e-08,1.19238059703708e-09,,,,,,,,,0.211057708804432,-0.211057723034176,7.93583435236342e-13,0.211057723946385,0.0227007271248546,1.08409156309757e-11,-0.211057703611477,6.02736467596624e-09
right,2.0943951023931957,-0.00024999999999997247,2.094145102393196,-2.0946451023931956,2.094395102176855,-0.0002499987491448863,1.271617611209308e-08,1.2508550861767276e-09,0.116274192619758,0.0671309383802412,0.13426187380335614,2.094395115109372,1.47433676525463e-09,-0.134300207627801,-0.0115657094209389,3.18846943997728e-08,1.19238059703708e-09,,,,,,,,,0.211057708473002,-0.211057722702304,1.03318317920955e-12,0.211057723612665,0.0227007270962566,-8.90067284276272e-11,-0.211057703271409,7.14743818299569e-09
right,2.356194490192345,-0.00024999999999997247,2.355944490192345,-2.3564444901923447,2.356194489919935,-0.00024999841302508763,1.2758401002344044e-08,1.5869748848373888e-09,0.0949374802356823,0.0949374826581832,0.1342618738397964,2.356194502950746,1.47433676525463e-09,-0.134300207627801,-0.0115657094128041,4.26238528652981e-08,1.19238059703708e-09,,,,,,,,,0.211057708127234,-0.211057722356581,1.3046677224769e-12,0.211057723267208,0.0227007270667599,-2.0332585390609e-10,-0.211057702910762,8.42431178048813e-09
right,2.617993877991494,-0.00024999999999997247,2.617743877991494,-2.618243877991494,2.617993877660675,-0.00024999803344494254,1.283770156845776e-08,1.9665550299308165e-09,0.0671309354457638,0.116274194398917,0.13426187387691432,2.6179938908291955,1.47433676525463e-09,-0.134300207627801,-0.0115657094045638,5.44199311795302e-08,1.19238059703708e-09,,,,,,,,,0.211057707772004,-0.211057722002281,1.60772824828909e-12,0.21105772291704,0.0227007270370659,-3.32465288957493e-10,-0.211057702533369,9.86069130125986e-09
right,2.879793265790643,-0.00024999999999997247,2.8795432657906432,-2.880043265790643,2.87979326541669,-0.00024999763063005,1.2941559379697765e-08,2.3693699224835996e-09,0.0347495283223666,0.129687011951534,0.1342618739164037,2.8797932787322025,1.47433676525463e-09,-0.134300207627801,-0.0115657093956579,6.39359116763621e-08,1.19238059703708e-09,,,,,,,,,0.211057707382522,-0.211057721614801,1.94222032967354e-12,0.211057722538433,0.0227007270052229,-4.76824120934523e-10,-0.211057702118673,1.14595147919386e-08
right,3.141592653589793,-0.00024999999999997247,3.1413426535897933,-3.141842653589793,3.14159265317139,-0.0002499971731801942,1.3143305355859118e-08,2.8268197782566062e-09,-1.76464475343278e-09,0.134261873949179,0.134261873949179,-3.1415926404464884,1.47433676525463e-09,-0.134300207627801,-0.0115657093884327,7.50008066228316e-08,1.19238059703708e-09,,,,,,,,,0.211057707050501,-0.211057721287254,2.30771826095584e-12,0.211057722230525,0.0227007269799812,-6.36872546183222e-10,-0.21105770174274,1.32233887978255e-08
right,-3.141592653589793,0.02782499999999999,-3.113767653589793,3.169417653589793,-3.14159265390939,0.027825002294570078,1.2397185944479361e-08,2.2945700894894117e-09,-1.71785129596282e-09,0.138567839291752,0.138567839291752,-3.141592641192607,1.47433676525463e-09,-0.134300207627801,-0.0105436173320458,8.52951917888607e-08,1.21349308379592e-09,,,,,,,,,0.167400223179598,-0.167400237794743,2.25994495316087e-12,0.167400238301936,0.0187635318387845,-6.15231245615184e-10,-0.16740021787993,1.24908886753855e-08
right,-2.8797932657906435,0.02782499999999999,-2.8519682657906436,2.9076182657906435,-2.87979326602242,0.02782500182010006,1.2403018168072322e-08,1.8201000706596915e-09,-0.0358639974920071,0.133846254162303,0.13856783923185967,-2.8797932533876254,1.47433676525463e-09,-0.134300207627801,-0.0105436173453883,6.62413222930793e-08,1.21349305604035e-09,,,,,,,,,0.167400223737387,-0.167400238356028,1.90511461784791e-12,0.167400238875337,0.0187635318940845,-4.72410993555347e-10,-0.167400218446344,1.07759280141248e-08
right,-2.6179938779914944,0.02782499999999999,-2.5901688779914944,2.6458188779914944,-2.6179938781474803,0.027825001397759896,1.2402888494023045e-08,1.3977599078174308e-09,-0.069283921077878,0.120003268017194,0.13856783917898166,-2.617993865588606,1.47433676525463e-09,-0.134300207627801,-0.01054361735717,4.94730213412739e-08,1.21349306991814e-09,,,,,,,,,0.167400224230631,-0.167400238852204,1.57930556802973e-12,0.167400239381686,0.0187635319428812,-3.42395957701917e-10,-0.167400218947969,9.21864680107854e-09
right,-2.356194490192345,0.02782499999999999,-2.328369490192345,2.384019490192345,-2.3561944902886998,0.027825001030599816,1.2401880855605896e-08,1.0305998277004846e-09,-0.0979822599198634,0.0979822574895348,0.13856783913213472,-2.356194477790464,1.47433676525463e-09,-0.134300207627801,-0.01054361736766,3.57422653060182e-08,1.21349305604035e-09,,,,,,,,,0.167400224670792,-0.16740023929476,1.28325470359027e-12,0.167400239832538,0.0187635319862759,-2.25058351847779e-10,-0.167400219394753,7.81664399577997e-09
right,-2.0943951023931957,0.02782499999999999,-2.0665701023931957,2.1222201023931957,-2.094395102448125,0.02782500071930505,1.2402072702144551e-08,7.193050599596518e-10,-0.120003269659385,0.0692839180570955,0.13856783909076953,-2.094395089991123,1.47433676525463e-09,-0.134300207627801,-0.0105436173770058,2.54177226650635e-08,1.21349305604035e-09,,,,,,,,,0.16740022506423,-0.167400239690055,1.01735662954034e-12,0.167400240234232,0.0187635320248691,-1.20300874504575e-10,-0.167400219792401,6.56766571660582e-09
right,-1.832595714594046,0.02782499999999999,-1.804770714594046,1.860420714594046,-1.832595714618605,0.02782500045571501,1.2402231241992467e-08,4.557150212747274e-10,-0.133846254881068,0.0358639941261381,0.13856783905498232,-1.8325957021918147,1.47433676525463e-09,-0.134300207627801,-0.0105436173851264,1.72402781358165e-08,1.21349308379592e-09,,,,,,,,,0.16740022540657,-0.167400240033903,7.82187716230721e-13,0.16740024058327,0.018763532058377,-2.80245661102442e-11,-0.167400220137628,5.46982325747324e-09
right,-1.5707963267948966,0.02782499999999999,-1.5429713267948966,1.5986213267948965,-1.57079632679761,0.027825000236269992,1.2402590732207841e-08,2.362700035618559e-10,-0.138567839024604,-1.71860019928036e-09,0.138567839024604,-1.5707963143923058,1.47433676525463e-09,-0.134300207627801,-0.0105436173920413,1.07629261747051e-08,1.21349305604035e-09,,,,,,,,,0.167400225698238,-0.167400240326823,5.77900114879422e-13,0.167400240880483,0.0187635320869005,5.18336048069178e-11,-0.167400220431116,4.52149693728849e-09
right,-1.3089969389957472,0.02782499999999999,-1.2811719389957472,1.3368219389957472,-1.3089969389851799,0.027825000059969907,1.2403033711194666e-08,5.996991792045492e-11,-0.133846253937849,-0.035863997431867,0.13856783899948832,-1.3089969265927135,1.47433676525463e-09,-0.134300207627801,-0.0105436173977853,5.9902581205415e-09,1.21349305604035e-09,,,,,,,,,0.16740022594076,-0.167400240570333,4.04763060471744e-13,0.167400241127368,0.01876353211058,1.1930648515071e-10,-0.16740022067441,3.72129408623215e-09
right,-1.0471975511965979,0.02782499999999999,-1.0193725511965979,1.0750225511965978,-1.04719755117942,0.027824999924039973,1.2402995741567224e-08,-7.59600160549212e-11,-0.120003267844522,-0.0692839209782029,0.13856783897960578,-1.0471975387936021,1.47433676525463e-09,-0.134300207627801,-0.0105436174023497,3.46013491166386e-09,1.21349308379592e-09,,,,,,,,,0.167400226133563,-0.167400240763903,2.62993423646118e-13,0.167400241323549,0.0187635321293911,1.74409371142271e-10,-0.167400220867278,3.06816932167958e-09
right,-0.7853981633974483,0.02782499999999999,-0.7575731633974483,0.8132231633974483,-0.7853981633786999,0.027824999826132013,1.2401985438614815e-08,-1.7386797557250588e-10,-0.0979822573712955,-0.0979822598016446,0.1385678389649336,-0.7853981509954628,1.47433676525463e-09,-0.134300207627801,-0.0105436174057266,2.89067066164232e-09,1.21349306991814e-09,,,,,,,,,0.167400226276142,-0.167400240907065,1.52689198454858e-13,0.16740024146869,0.0187635321433109,2.17133636651309e-10,-0.167400221009505,2.5613993451287e-09
right,-0.5235987755982987,0.02782499999999999,-0.4957737755982987,0.5514237755982987,-0.5235987755821495,0.027824999764760494,1.2399519189187913e-08,-2.3523949455039883e-10,-0.0692839179897468,-0.120003269542026,0.1385678389554593,-0.5235987631987795,1.47433676525463e-09,-0.134300207627801,-0.0105436174079115,2.30514774085633e-09,1.21349309767371e-09,,,,,,,,,0.16740022636824,-0.167400240999572,7.39487022272113e-14,0.167400241562588,0.0187635321523237,2.47445125280766e-10,-0.167400221101035,2.20053767288153e-09
right,-0.2617993877991496,0.02782499999999999,-0.23397438779914959,0.28962438779914956,-0.261799387788845,0.027824999738624998,1.2395462545278235e-08,-2.613749910951313e-10,-0.0358639941001714,-0.133846254780535,0.13856783895115424,-0.26179937540368703,1.47433676525463e-09,-0.134300207627801,-0.0105436174089037,1.83781734472218e-09,1.21349308379592e-09,,,,,,,,,0.167400226409709,-0.167400241041304,2.68576888104451e-14,0.167400241605215,0.0187635321564331,2.65287279883706e-10,-0.167400221141859,1.98545955139457e-09
right,0.0,0.02782499999999999,0.02782499999999999,0.02782499999999999,1.9829502623247564e-12,0.027824999746668147,1.2389260553755472e-08,-2.5333184161535627e-10,1.71675306114796e-09,-0.138567838952065,0.138567838952065,1.2389260553755472e-08,1.47433676525463e-09,-0.134300207627801,-0.0105436174086855,1.88369848840862e-09,1.21349308379592e-09,,,,,,,,,0.167400226399757,-0.167400241031475,1.14551941502717e-14,0.167400241595812,0.0187635321555687,2.70578113650321e-10,-0.167400221131388,1.91631243503043e-09
right,0.2617993877991496,0.02782499999999999,0.28962438779914956,-0.23397438779914959,0.26179938779233447,0.027824999787102497,1.2382208425254504e-08,-2.1289749130293245e-10,0.0358639974183534,-0.133846253898565,0.13856783895804534,0.261799400181358,1.47433676525463e-09,-0.134300207627801,-0.0105436174072764,1.67726196568807e-09,1.21349306991814e-09,,,,,,,,,0.167400226338731,-0.167400240970539,2.78096930759252e-14,0.167400241535203,0.0187635321498351,2.63209786273791e-10,-0.167400221069942,1.993498430655e-09
right,0.5235987755982987,0.02782499999999999,0.5514237755982987,-0.4957737755982987,0.5235987755849825,0.02782499985713449,1.237572777590401e-08,-1.4286549721020947e-10,0.0692839209695773,-0.120003267837139,0.1385678389688991,0.5235987879740265,1.47433676525463e-09,-0.134300207627801,-0.010543617404701,1.63481635899823e-09,1.21349306991814e-09,,,,,,,,,0.167400226227062,-0.167400240859063,7.59937739651828e-14,0.167400241424433,0.0187635321393649,2.43043641794435e-10,-0.167400220957991,2.21744887716013e-09
right,0.7853981633974478,0.02782499999999999,0.8132231633974478,-0.7575731633974478,0.785398163379974,0.027824999956373997,1.2367506796451266e-08,-4.36259917080406e-11,0.0979822598124046,-0.0979822573888122,0.13856783898492825,0.7853981757649546,1.47433676525463e-09,-0.134300207627801,-0.0105436174008863,1.83677857201398e-09,1.21349306991814e-09,,,,,,,,,0.167400226061938,-0.167400240694164,1.56071434430957e-13,0.167400241260372,0.0187635321238436,2.0991464800842e-10,-0.167400220793197,2.58884077973155e-09
right,1.0471975511965974,0.02782499999999999,1.0750225511965974,-1.0193725511965974,1.047197551177085,0.027825000084964913,1.235591429171734e-08,8.496492398535338e-11,0.120003269583093,-0.0692839180204339,0.13856783900636793,1.0471975635525117,1.47433676525463e-09,-0.134300207627801,-0.0105436173957772,2.23752652048145e-09,1.21349308379592e-09,,,,,,,,,0.167400225841271,-0.167400240473692,2.68109317437543e-13,0.167400241040667,0.0187635321030337,1.63630958416273e-10,-0.167400220573774,3.10861728563228e-09
right,1.3089969389957474,0.02782499999999999,1.3368219389957474,-1.2811719389957474,1.30899693897566,0.02782500024370005,1.233918056620098e-08,2.437000601318573e-10,0.133846254858063,-0.0358639941290189,0.13856783903350683,1.308996951334928,1.47433676525463e-09,-0.134300207627801,-0.0105436173893102,2.73319109641936e-09,1.21349308379592e-09,,,,,,,,,0.167400225562676,-0.167400240195185,4.12120063967037e-13,0.167400240762588,0.0187635320766575,1.03975691381859e-10,-0.167400220297619,3.77803358314661e-09
right,1.5707963267948966,0.02782499999999999,1.5986213267948965,-1.5429713267948966,1.57079632677473,0.027825000433939984,1.2315614972280287e-08,4.339399950481493e-10,0.138567839066654,1.70654815240729e-09,0.138567839066654,1.5707963391105115,1.47433676525463e-09,-0.134300207627801,-0.0105436173814187,3.16273667332081e-09,1.21349306991814e-09,,,,,,,,,0.167400225223696,-0.167400239856098,5.88080498983042e-13,0.167400240423293,0.0187635320444241,3.07071895298935e-11,-0.167400219962504,4.59864130657135e-09
right,1.8325957145940457,0.02782499999999999,1.8604207145940457,-1.8047707145940457,1.83259571457449,0.02782500065527005,1.2281756500698293e-08,6.552700604345318e-10,0.133846254045379,0.0358639974432816,0.13856783910630865,1.8325957268758022,1.47433676525463e-09,-0.134300207627801,-0.0105436173719811,4.4065268127242e-09,1.21349309767371e-09,,,,,,,,,0.167400224819568,-0.167400239451565,7.95972696195692e-13,0.167400240017565,0.0187635320058145,-5.64537283771067e-11,-0.167400219564385,5.5722066399998e-09
right,2.0943951023931957,0.02782499999999999,2.1222201023931957,-2.0665701023931957,2.09439510237056,0.027825000914340148,1.223965018226636e-08,9.143401591416023e-10,0.120003268005543,0.0692839210450325,0.13856783915246884,2.094395114632846,1.47433676525463e-09,-0.134300207627801,-0.0105436173610351,5.85191241365391e-09,1.21349309767371e-09,,,,,,,,,0.167400224352283,-0.167400238983497,1.03564421117455e-12,0.167400239547025,0.0187635319609615,-1.57800060605155e-10,-0.167400219104327,6.70078945444009e-09
right,2.356194490192345,0.02782499999999999,2.384019490192345,-2.328369490192345,2.35619449016593,0.02782500120500986,1.217774503459168e-08,1.2050098696647638e-09,0.097982257564042,0.0979822599504479,0.13856783920644578,2.35619450237009,1.47433676525463e-09,-0.134300207627801,-0.0105436173482385,8.10729659636868e-09,1.21349308379592e-09,,,,,,,,,0.167400223808356,-0.167400238438139,1.30705484022925e-12,0.167400238997021,0.0187635319084125,-2.73689946576463e-10,-0.16740021857153,7.98674984653087e-09
right,2.617993877991494,0.02782499999999999,2.645818877991494,-2.590168877991494,2.617993877951915,0.027825001542094885,1.2106473157302844e-08,1.542094896223034e-09,0.0692839181809379,0.120003269791965,0.13856783926750837,2.617993890097967,1.47433676525463e-09,-0.134300207627801,-0.0105436173338422,1.409334193263e-08,1.21349306991814e-09,,,,,,,,,0.167400223198376,-0.167400237826125,1.60968164030675e-12,0.167400238378303,0.0187635318491946,-4.04455204758019e-10,-0.167400217973454,9.43244371601029e-09
right,2.879793265790643,0.02782499999999999,2.907618265790643,-2.851968265790643,2.87979326573005,0.027825001921480075,1.2016127648450947e-08,1.9214800861533377e-09,0.0358639942507461,0.133846255139397,0.1385678393367599,2.8797932778067707,1.47433676525463e-09,-0.134300207627801,-0.0105436173175663,2.23580129570636e-08,1.21349308379592e-09,,,,,,,,,0.167400222511483,-0.167400237136339,1.94336685737971e-12,0.167400237678884,0.0187635317821103,-5.50523061143762e-10,-0.16740021730138,1.1040807393436e-08
right,3.141592653589793,0.02782499999999999,3.169417653589793,-3.113767653589793,3.14159265349271,0.027825002355059913,1.1912416187490342e-08,2.3550599248522985e-09,-1.65067772370266e-09,0.138567839413915,0.138567839413915,-3.1415926416773776,1.47433676525463e-09,-0.134300207627801,-0.0105436172995444,3.2133643451225e-08,1.21349308379592e-09,,,,,,,,,0.167400221753751,-0.167400236374785,2.30745202905091e-12,0.1674002369045,0.0187635317076841,-7.12305882994244e-10,-0.167400216559332,1.28144195439741e-08
right,-3.141592653589793,0.05590000000000006,-3.085692653589793,3.1974926535897934,-3.141592653380635,0.05590000168517495,1.1960451296033625e-08,1.6851748885216011e-09,-1.70879105781927e-09,0.142870111929287,0.142870111929287,-3.141592641629342,1.47433676525463e-09,-0.134300207627801,-0.00952213491548635,1.27103004959701e-08,1.23478238744923e-09,,,,,,,,,0.123149523962193,-0.123149538998605,2.25052327127833e-12,0.123149539218846,0.0143502529103306,-6.72503582127011e-10,-0.12314951865691,1.19968711112029e-08
right,-2.8797932657906435,0.05590000000000006,-2.8238932657906437,2.9356932657906434,-2.879793265607645,0.055900001280694944,1.1975021863008806e-08,1.2806948834764853e-09,-0.0369775075779559,0.13800193040789,0.14287011186032542,-2.8797932538156217,1.47433676525463e-09,-0.134300207627801,-0.00952213493188357,1.00521923054188e-08,1.23478238744923e-09,,,,,,,,,0.123149524678027,-0.123149539714491,1.89712152434255e-12,0.123149539934579,0.0143502529850161,-5.30040355566583e-10,-0.123149519365739,1.02772743560689e-08
right,-2.6179938779914944,0.05590000000000006,-2.5620938779914946,2.6738938779914943,-2.617993877834725,0.055900000926324855,1.199781429761515e-08,9.263247946478259e-10,-0.0714350573833954,0.123729145401381,0.1428701117978322,-2.61799386599368,1.47433676525463e-09,-0.134300207627801,-0.00952213494676191,8.08635729823564e-09,1.23478238744923e-09,,,,,,,,,0.123149525326227,-0.12314954036309,1.57251388602881e-12,0.123149540583973,0.0143502530528609,-4.00430237916683e-10,-0.123149520005123,8.71581106315148e-09
right,-2.356194490192345,0.05590000000000006,-2.3002944901923446,2.412094490192345,-2.35619449006004,0.05590000061489997,1.2020632489395666e-08,6.14899908768507e-10,-0.101024426056211,0.101024423627456,0.14287011174226236,-2.3561944781717123,1.47433676525463e-09,-0.134300207627801,-0.00952213495999524,5.85633033595384e-09,1.23478240132702e-09,,,,,,,,,0.123149525902245,-0.123149540939598,1.2773391107741e-12,0.123149541161553,0.0143502531132342,-2.83547157526324e-10,-0.123149520572516,7.31029533292437e-09
right,-2.0943951023931957,0.05590000000000006,-2.0384951023931954,2.150295102393196,-2.09439510228222,0.055900000340740164,1.2037299157441339e-08,3.4074010279994127e-10,-0.12372914702833,0.0714350543575895,0.14287011169390842,-2.0943950903558965,1.47433676525463e-09,-0.134300207627801,-0.00952213497150051,5.22954802701102e-09,1.23478240132702e-09,,,,,,,,,0.123149526403185,-0.123149541440926,1.01237715951348e-12,0.123149541663714,0.0143502531657145,-1.79291749140299e-10,-0.123149521066531,6.05865900043547e-09
right,-1.832595714594046,0.05590000000000006,-1.7766957145940458,1.888495714594046,-1.83259571450114,0.0559000001015999,1.2046500907914037e-08,1.0159983965252195e-10,-0.138001931095544,0.0369775042091882,0.14287011165264696,-1.832595702547545,1.47433676525463e-09,-0.134300207627801,-0.00952213498130495,5.05288793065419e-09,1.23478238744923e-09,,,,,,,,,0.12314952683042,-0.123149541868395,7.77873943797302e-13,0.123149542091653,0.0143502532104153,-8.75871657609009e-11,-0.123149521488841,4.95900445405181e-09
right,-1.5707963267948966,0.05590000000000006,-1.5148963267948965,1.6266963267948966,-1.5707963267183152,0.05589999989928496,1.2051508457844307e-08,-1.0071510292419816e-10,-0.142870111618007,-1.72180036216457e-09,0.142870111618007,-1.570796314743388,1.47433676525463e-09,-0.134300207627801,-0.00952213498953357,4.95699774610992e-09,1.23478240132702e-09,,,,,,,,,0.12314952718915,-0.123149542227279,5.74274918200222e-13,0.123149542450815,0.0143502532479217,-8.36232006602693e-12,-0.12314952184375,4.00966926393568e-09
right,-1.3089969389957472,0.05590000000000006,-1.2530969389957471,1.3648969389957473,-1.308996938934,0.05589999973307003,1.2052598918899093e-08,-2.669300336322067e-10,-0.138001930143707,-0.0369775075186427,0.14287011158979288,-1.3089969269431483,1.47433676525463e-09,-0.134300207627801,-0.00952213499623475,4.9020461981079e-09,1.23478240132702e-09,,,,,,,,,0.123149527481487,-0.123149542519689,4.01740415933714e-13,0.123149542743312,0.0143502532784544,5.84192199885348e-11,-0.123149522133276,3.20928554432372e-09
right,-1.0471975511965979,0.05590000000000006,-0.9912975511965978,1.103097551196598,-1.0471975511482985,0.055899999602281536,1.2050227926607704e-08,-3.977185247805437e-10,-0.123729145198434,-0.0714350572748707,0.1428701115678126,-1.04719753914637,1.47433676525463e-09,-0.134300207627801,-0.00952213500145422,4.87296664761685e-09,1.23478240132702e-09,,,,,,,,,0.123149527709381,-0.123149542747589,2.60502775485544e-13,0.123149542971141,0.0143502533022246,1.12771032509307e-10,-0.123149522359264,2.55678035852202e-09
right,-0.7853981633974483,0.05590000000000006,-0.7294981633974482,0.8412981633974483,-0.7853981633614799,0.05589999950678398,1.2045275221694851e-08,-4.932160790893647e-10,-0.101024423490336,-0.10102442592407,0.14287011155186607,-0.7853981513521731,1.47433676525463e-09,-0.134300207627801,-0.00952213500524249,4.81935961276865e-09,1.23478240132702e-09,,,,,,,,,0.123149527874949,-0.123149542913119,1.50702219207997e-13,0.123149543136503,0.0143502533194674,1.54684592292935e-10,-0.123149522523602,2.05139390186014e-09
right,-0.5235987755982987,0.05590000000000006,-0.46769877559829864,0.5794987755982988,-0.5235987755736771,0.05589999944632301,1.2038328778274376e-08,-5.536770486536113e-10,-0.0714350542814085,-0.123729146896675,0.14287011154180135,-0.5235987635599699,1.47433676525463e-09,-0.134300207627801,-0.00952213500763642,4.71791490637647e-09,1.2347824152048e-09,,,,,,,,,0.123149527979734,-0.123149543017839,7.24465143445026e-14,0.123149543241004,0.0143502533303545,1.84125814721799e-10,-0.123149522627695,1.69265211927114e-09
right,-0.2617993877991496,0.05590000000000006,-0.2058993877991495,0.31769938779914964,-0.2617993877850425,0.055899999420808505,1.2029845841698972e-08,-5.791915558273075e-10,-0.0369775041816872,-0.138001930983715,0.14287011153751064,-0.26179937576930373,1.47433676525463e-09,-0.134300207627801,-0.00952213500866303,4.5409969191922e-09,1.2347824152048e-09,,,,,,,,,0.123149528024874,-0.123149543062898,2.58042197882617e-14,0.123149543285821,0.0143502533350117,2.0103725530728e-10,-0.123149522672563,1.48038584118079e-09
right,0.0,0.05590000000000006,0.05590000000000006,0.05590000000000006,4.3374991098854565e-12,0.055899999430295194,1.2020415029991643e-08,-5.697048666153393e-10,1.71735803607874e-09,-0.142870111538897,0.142870111538897,1.2020415029991643e-08,1.47433676525463e-09,-0.134300207627801,-0.00952213500834614,4.27045622227973e-09,1.2347824152048e-09,,,,,,,,,0.123149528011337,-0.123149543049284,1.08421435480189e-14,0.123149543271996,0.0143502533335518,2.05336406053257e-10,-0.123149522659035,1.4147021746071e-09
right,0.2617993877991496,0.05590000000000006,0.31769938779914964,-0.2058993877991495,0.26179938779387,0.05589999947570298,1.2010515193505711e-08,-5.242970779750777e-10,0.0369775075014831,-0.138001930102897,0.14287011154593218,0.26179939980966477,1.47433676525463e-09,-0.134300207627801,-0.00952213500669736,3.82643651013475e-09,1.2347824152048e-09,,,,,,,,,0.123149527939646,-0.123149542977517,2.7604389475809e-14,0.123149543200031,0.0143502533260268,1.96914793587741e-10,-0.123149522587456,1.4959779570785e-09
right,0.5235987755982987,0.05590000000000006,0.5794987755982988,-0.46769877559829864,0.523598775582134,0.055899999558599006,1.2001237337244675e-08,-4.4140105459611334e-10,0.0714350572641328,-0.123729145193834,0.14287011155845994,0.523598787599536,1.47433676525463e-09,-0.134300207627801,-0.00952213500376514,3.00305592077876e-09,1.23478240132702e-09,,,,,,,,,0.123149527811962,-0.123149542849748,7.6133211877172e-14,0.123149543072044,0.0143502533126563,1.75633866799606e-10,-0.123149522459568,1.72463394955913e-09
right,0.7853981633974478,0.05590000000000006,0.8412981633974479,-0.7294981633974478,0.7853981633697875,0.055899999678672485,1.1993585236069748e-08,-3.2132757565861425e-10,0.101024425936185,-0.101024423512895,0.14287011157638432,0.7853981753910331,1.47433676525463e-09,-0.134300207627801,-0.00952213499956749,1.87420088848594e-09,1.23478240132702e-09,,,,,,,,,0.123149527628825,-0.123149542666583,1.56494456589802e-13,0.123149542888814,0.0143502532935357,1.41327810027911e-10,-0.123149522275783,2.10134396391077e-09
right,1.0471975511965974,0.05590000000000006,1.1030975511965975,-0.9912975511965973,1.0471975511573435,0.05589999983576649,1.1987935089052826e-08,-1.6423357118711124e-10,0.123729146943221,-0.0714350543165955,0.14287011159970486,1.0471975631845325,1.47433676525463e-09,-0.134300207627801,-0.00952213499410065,1.20351454261546e-09,1.23478242908259e-09,,,,,,,,,0.12314952738994,-0.123149542427756,2.68726633385717e-13,0.123149542650173,0.0143502532686553,9.38042647314584e-11,-0.123149522035786,2.62704086070253e-09
right,1.3089969389957474,0.05590000000000006,1.3648969389957475,-1.2530969389957474,1.30899693894534,0.05590000002989992,1.1984682801724489e-08,2.989986036538994e-11,0.138001931069891,-0.036977504211458,0.14287011162845553,1.3089969509804302,1.47433676525463e-09,-0.134300207627801,-0.00952213498735318,2.24527635711552e-09,1.23478240132702e-09,,,,,,,,,0.123149527094671,-0.123149542132669,4.12831276690033e-13,0.123149542355618,0.0143502532379701,3.28447330429594e-11,-0.12314952173893,3.30294999219403e-09
right,1.5707963267948966,0.05590000000000006,1.6266963267948966,-1.5148963267948965,1.57079632673449,0.0559000002610599,1.1983421144279305e-08,2.6105984041180363e-10,0.14287011166281,1.71207271984921e-09,0.14287011166281,1.5707963387783177,1.47433676525463e-09,-0.134300207627801,-0.009522134979278,4.71153586944354e-09,1.23478240132702e-09,,,,,,,,,0.123149526740917,-0.12314954177923,5.88802404937974e-13,0.123149542003093,0.0143502532012679,-4.17916004018556e-11,-0.123149521383293,4.13056660728195e-09
right,1.8325957145940457,0.05590000000000006,1.8884957145940457,-1.7766957145940456,1.8325957145253549,0.05590000052962496,1.198567334270706e-08,5.296248994923758e-10,0.138001930255226,0.0369775075386251,0.14287011170268377,1.832595726579719,1.47433676525463e-09,-0.134300207627801,-0.00952213496989173,7.88616302398135e-09,1.2347824152048e-09,,,,,,,,,0.123149526329093,-0.123149541367936,7.96540921756923e-13,0.123149541593317,0.0143502531586417,-1.30385140829552e-10,-0.123149520969034,5.11165090389443e-09
right,2.0943951023931957,0.05590000000000006,2.150295102393196,-2.0384951023931954,2.09439510231867,0.055900000835749974,1.1989704784554078e-08,8.357499137190416e-10,0.123729145359228,0.0714350573577206,0.14287011174848924,2.0943951143829005,1.47433676525463e-09,-0.134300207627801,-0.00952213495909085,1.15370150565578e-08,1.23478242908259e-09,,,,,,,,,0.123149525854834,-0.123149540894378,1.03591731598355e-12,0.123149541121774,0.0143502531096107,-2.33234100541692e-10,-0.123149520492256,6.24814342240576e-09
right,2.356194490192345,0.05590000000000006,2.412094490192345,-2.3002944901923446,2.3561944901152,0.05590000117959004,1.1996727611318647e-08,1.1795899812483412e-09,0.10102442367083,0.101024426094755,0.14287011180018713,2.3561945021890724,1.47433676525463e-09,-0.134300207627801,-0.00952213494687908,1.58308216603842e-08,1.23478240132702e-09,,,,,,,,,0.123149525318003,-0.123149540358497,1.30679792308787e-12,0.123149540588619,0.0143502530542084,-3.50681562696975e-10,-0.123149519952661,7.54239474802345e-09
right,2.617993877991494,0.05590000000000006,2.6738938779914943,-2.5620938779914937,2.6179938779163603,0.05590000156116015,1.2005927363389901e-08,1.5611600900911071e-09,0.0714350544435848,0.123729147168314,0.14287011185813578,2.6179938899974213,1.47433676525463e-09,-0.134300207627801,-0.00952213493316086,2.06604028591288e-08,1.2347824152048e-09,,,,,,,,,0.123149524714343,-0.123149539756056,1.60877346815561e-12,0.123149539989679,0.014350252992003,-4.83085081063124e-10,-0.123149519346351,8.99667806854991e-09
right,2.879793265790643,0.05590000000000006,2.9356932657906434,-2.823893265790643,2.87979326572139,0.05590000198227996,1.2013585237724556e-08,1.9822798957847e-09,0.0369775042837191,0.138001931355527,0.14287011192306126,2.8797932778042283,1.47433676525463e-09,-0.134300207627801,-0.00952213491776878,2.5532154276387e-08,1.2347824152048e-09,,,,,,,,,0.123149524037222,-0.123149539080245,1.94150696131945e-12,0.123149539317667,0.0143502529221945,-6.30841112121501e-10,-0.123149518667393,1.06135899199833e-08
right,3.141592653589793,0.05590000000000006,3.1974926535897934,-3.085692653589793,3.14159265353282,0.055900002441370056,1.2021295315426121e-08,2.4413699950542878e-09,-1.71748379879075e-09,0.142870111994892,0.142870111994892,-3.141592641568498,1.47433676525463e-09,-0.134300207627801,-0.0095221349007013,3.0660608737176e-08,1.2347824152048e-09,,,,,,,,,0.123149523285948,-0.123149538330534,2.30442865135821e-12,0.123149538572497,0.014350252844809,-7.94385285798995e-10,-0.123149517915083,1.23959250713763e-08
right,-3.141592653589793,0.08397500000000008,-3.057617653589793,3.2255676535897932,-3.14159265350185,0.0839750017713301,1.1857884452126655e-08,1.771330027100504e-09,-1.74500479868441e-09,0.147159871755489,0.147159871755489,-3.1415926417319087,1.47433676525463e-09,-0.134300207627801,-0.00850421421183443,2.0266994730808e-08,1.25599747269334e-09,,,,,,,,,0.0783444247245112,-0.0783444401817917,2.2373200690412e-12,0.0783444400940057,0.00946941062188979,-7.36310220505455e-10,-0.0783444192658257,1.15008627152986e-08
right,-2.8797932657906435,0.08397500000000008,-2.7958182657906434,2.9637682657906437,-2.8797932657087904,0.08397500128971003,1.1836196023295997e-08,1.2897099499475928e-09,-0.0380877791490594,0.142145520201903,0.14715987168374786,-2.8797932539544475,1.47433676525463e-09,-0.134300207627801,-0.00850421422870149,1.53365355742113e-08,1.25599750044891e-09,,,,,,,,,0.0783444254761721,-0.0783444409326017,1.88598152302482e-12,0.0783444408428634,0.00946941070657674,-5.94125047189215e-10,-0.0783444200211739,9.77628851036103e-09
right,-2.6179938779914944,0.08397500000000008,-2.5340188779914943,2.7019688779914945,-2.61799387791511,0.08397500085775,1.1819549339264768e-08,8.5774992664156e-10,-0.0735799373158196,0.127444186370006,0.1471598716189735,-2.617993866171945,1.47433676525463e-09,-0.134300207627801,-0.00850421424392514,1.1436249455167e-08,1.2559975143267e-09,,,,,,,,,0.0783444261538738,-0.0783444416097525,1.56316358082413e-12,0.0783444415187406,0.00946941078305806,-4.6490274935395e-10,-0.0783444207014566,8.21098275588468e-09
right,-2.356194490192345,0.08397500000000008,-2.2722194901923447,2.440169490192345,-2.35619449012194,0.08397500047581996,1.1804796695713549e-08,4.758198834942107e-10,-0.10405774432808,0.104057741871319,0.1471598715615304,-2.356194478387548,1.47433676525463e-09,-0.134300207627801,-0.00850421425742779,8.12564184900376e-09,1.25599748657113e-09,,,,,,,,,0.0783444267548363,-0.078344442210266,1.26962905753909e-12,0.0783444421182099,0.00946941085090258,-3.48479215739818e-10,-0.0783444213044592,6.80230525249338e-09
right,-2.0943951023931957,0.08397500000000008,-2.0104201023931956,2.178370102393196,-2.09439510232983,0.08397500014326997,1.17892446915846e-08,1.4326989594692918e-10,-0.127444188014184,0.0735799342533482,0.14715987151163773,-2.094395090603951,1.47433676525463e-09,-0.134300207627801,-0.00850421426916056,5.02079119570259e-09,1.2559975143267e-09,,,,,,,,,0.0783444272773996,-0.078344442732328,1.00590530758131e-12,0.0783444426391111,0.00946941090983108,-2.44734217723067e-10,-0.0783444218290646,5.5480836131653e-09
right,-1.832595714594046,0.08397500000000008,-1.7486207145940458,1.916570714594046,-1.83259571453792,0.0839749998571,1.1774457409075012e-08,-1.4290008065742654e-10,-0.142145520893495,0.0380877757372616,0.1471598714687362,-1.8325957028195885,1.47433676525463e-09,-0.134300207627801,-0.0085042142792496,2.32084235478016e-09,1.25599747269334e-09,,,,,,,,,0.0783444277267978,-0.0783444431812813,7.72507071368809e-13,0.0783444430870359,0.00946941096050071,-1.53588119753344e-10,-0.0783444222802726,4.44655752881831e-09
right,-1.5707963267948966,0.08397500000000008,-1.4868213267948964,1.6547713267948967,-1.570796326745675,0.08397499961496502,1.1761810858601507e-08,-3.8503505939146976e-10,-0.147159871432339,-1.73086659656467e-09,0.147159871432339,-1.5707963150330857,1.47433676525463e-09,-0.134300207627801,-0.00850421428780604,3.02822952447859e-09,1.25599748657113e-09,,,,,,,,,0.0783444281076803,-0.0783444435618604,5.69812587402851e-13,0.0783444434669112,0.00946941100348856,-7.49876053017401e-11,-0.0783444226624928,3.49617825901536e-09
right,-1.3089969389957472,0.08397500000000008,-1.225021938995747,1.3929719389957473,-1.30899693895337,0.08397499941618003,1.1750342476801734e-08,-5.838200478613942e-10,-0.142145519933453,-0.0380877790640485,0.14715987140244266,-1.3089969272454047,1.47433676525463e-09,-0.134300207627801,-0.00850421429483256,4.37554443291116e-09,1.25599745881555e-09,,,,,,,,,0.0783444284203635,-0.0783444438743231,3.980833774609e-13,0.0783444437788622,0.00946941103879566,-8.89097859877619e-12,-0.0783444229762252,2.69553422202824e-09
right,-1.0471975511965979,0.08397500000000008,-0.9632225511965977,1.131172551196598,-1.047197551161046,0.08397499925977403,1.1739884619998975e-08,-7.40226047124537e-10,-0.127444186167974,-0.0735799371856393,0.14715987137891853,-1.0471975394567132,1.47433676525463e-09,-0.134300207627801,-0.00850421430035947,5.47580043622452e-09,1.25599748657113e-09,,,,,,,,,0.0783444286662276,-0.0783444441200383,2.57542831438343e-13,0.0783444440242338,0.00946941106657252,4.47159925829623e-11,-0.0783444232228854,2.04353474461428e-09
right,-0.7853981633974483,0.08397500000000008,-0.7014231633974481,0.8693731633974484,-0.7853981633687945,0.0839749991450715,1.1730169835466597e-08,-8.549285723802313e-10,-0.104057741737774,-0.104057744179004,0.14715987136168718,-0.7853981516672784,1.47433676525463e-09,-0.134300207627801,-0.0085042143044062,6.32478141602584e-09,1.2559975143267e-09,,,,,,,,,0.0783444288461946,-0.0783444442999108,1.48345777857086e-13,0.0783444442038895,0.0094694110869128,8.58245117317594e-11,-0.0783444234034442,1.53938959577386e-09
right,-0.5235987755982987,0.08397500000000008,-0.4396237755982986,0.6075737755982988,-0.5235987755766955,0.08397499907153352,1.1720970194417646e-08,-9.284665536402059e-10,-0.0735799341815751,-0.127444187869775,0.1471598713506893,-0.5235987638773285,1.47433676525463e-09,-0.134300207627801,-0.00850421430698757,6.89212121872659e-09,1.2559975143267e-09,,,,,,,,,0.0783444289609747,-0.0783444444146353,7.06338641629136e-14,0.0783444443184891,0.00946941109988805,1.14400804669847e-10,-0.0783444235186543,1.18259548988827e-09
right,-0.2617993877991496,0.08397500000000008,-0.1778243877991495,0.34577438779914965,-0.2617993877848035,0.08397499903877449,1.1712149916576209e-08,-9.612255852387008e-10,-0.0380877757143198,-0.142145520772448,0.147159871345876,-0.26179937608699966,1.47433676525463e-09,-0.134300207627801,-0.00850421430811511,7.17161958358428e-09,1.25599750044891e-09,,,,,,,,,0.0783444290111098,-0.0783444444647443,2.44781920977826e-14,0.0783444443685442,0.00946941110555441,1.3038664598295e-10,-0.0783444235690816,9.72946067379631e-10
right,0.0,0.08397500000000008,0.08397500000000008,0.08397500000000008,6.77419925709799e-12,0.0839749990466539,1.1703502822462735e-08,-9.533461797772702e-10,1.7222859696657e-09,-0.147159871347242,0.147159871347242,1.1703502822462735e-08,1.47433676525463e-09,-0.134300207627801,-0.00850421430779118,7.15427593185746e-09,1.25599750044891e-09,,,,,,,,,0.0783444289967584,-0.0783444444503808,9.94958875111958e-15,0.0783444443541627,0.00946941110392046,1.33699038181032e-10,-0.0783444235549183,9.10508283141e-10
right,0.2617993877991496,0.08397500000000008,0.34577438779914965,-0.1778243877991495,0.2617993877980275,0.0839749990954355,1.1694806623108178e-08,-9.045645760208387e-10,0.0380877790438388,-0.142145519889606,0.14715987135485903,0.2617993994939562,1.47433676525463e-09,-0.134300207627801,-0.00850421430599875,6.84326207994894e-09,1.25599748657113e-09,,,,,,,,,0.0783444289172009,-0.0783444443708141,2.70995793435823e-14,0.0783444442745887,0.00946941109489828,1.2422881578183e-10,-0.0783444234754942,9.95635205841656e-10
right,0.5235987755982987,0.08397500000000008,0.6075737755982988,-0.4396237755982986,0.5235987755889076,0.08397499918477952,1.168491237102387e-08,-8.152205577260929e-10,0.0735799371735961,-0.127444186163294,0.14715987136884393,0.5235987872832111,1.47433676525463e-09,-0.134300207627801,-0.00850421430271024,6.21328708560917e-09,1.25599748657113e-09,,,,,,,,,0.0783444287714005,-0.0783444442249499,7.59663721992529e-14,0.0783444441286009,0.00946941107833632,1.01837668541971e-10,-0.0783444233300307,1.22872560866732e-09
right,0.7853981633974478,0.08397500000000008,0.869373163397448,-0.7014231633974477,0.7853981633790414,0.0839749993152415,1.1673845778936709e-08,-6.847585831692982e-10,0.104057744192611,-0.104057741763103,0.14715987138921907,0.7853981750712936,1.47433676525463e-09,-0.134300207627801,-0.00850421429792343,5.20089649099404e-09,1.25599748657113e-09,,,,,,,,,0.0783444285593094,-0.0783444440127267,1.566024661461e-13,0.0783444439161025,0.00946941105422116,6.63590520970791e-11,-0.0783444231184221,1.6104448027081e-09
right,1.0471975511965974,0.08397500000000008,1.1311725511965975,-0.9632225511965973,1.0471975511682845,0.08397499948735554,1.166179552924973e-08,-5.126445379310951e-10,0.127444187921992,-0.073579934221778,0.147159871416012,1.047197562858393,1.47433676525463e-09,-0.134300207627801,-0.00850421429163279,3.77931040914762e-09,1.2559975143267e-09,,,,,,,,,0.078344428280674,-0.0783444437338941,2.69026194877958e-13,0.0783444436368492,0.00946941102252581,1.7600081291454e-11,-0.0783444228403483,2.14170697683794e-09
right,1.3089969389957474,0.08397500000000008,1.3929719389957476,-1.2250219389957473,1.3089969389564748,0.08397499970186495,1.1648894071569771e-08,-2.981351276964972e-10,0.142145520869932,-0.0380877757500776,0.14715987144929313,1.3089969506446415,1.47433676525463e-09,-0.134300207627801,-0.00850421428382308,2.21886245468498e-09,1.2559975143267e-09,,,,,,,,,0.0783444279348198,-0.078344443387777,4.13234482601204e-13,0.0783444432901624,0.0094694109831738,-4.46589449584383e-11,-0.0783444224950853,2.82370870369348e-09
right,1.5707963267948966,0.08397500000000008,1.6547713267948967,-1.4868213267948964,1.5707963267436549,0.08397499995971491,1.1635611363303155e-08,-4.028516409348981e-11,0.147159871489141,1.71229505641303e-09,0.147159871489141,1.570796338430508,1.47433676525463e-09,-0.134300207627801,-0.00850421427447585,1.31841615103693e-09,1.25599750044891e-09,,,,,,,,,0.0783444275208505,-0.0783444429735027,5.89144074746471e-13,0.0783444428752227,0.00946941093607746,-1.20659310117027e-10,-0.0783444220816326,3.65787527726871e-09
right,1.8325957145940457,0.08397500000000008,1.9165707145940458,-1.7486207145940456,1.832595714529565,0.08397500026201499,1.1621931861327539e-08,2.620149097687374e-10,0.142145520067049,0.0380877790802819,0.147159871535688,1.8325957262159775,1.47433676525463e-09,-0.134300207627801,-0.00850421426356165,3.18332875140561e-09,1.25599750044891e-09,,,,,,,,,0.0783444270374962,-0.0783444424897914,7.96684224995568e-13,0.0783444423907242,0.00946941088108666,-2.10679756258114e-10,-0.0783444215986886,4.64592438600923e-09
right,2.0943951023931957,0.08397500000000008,2.178370102393196,-2.0104201023931956,2.0943951023140146,0.083975000610095,1.1608089600656513e-08,6.100949190290805e-10,0.127444186359668,0.0735799372739186,0.14715987158907004,2.0943951140012853,1.47433676525463e-09,-0.134300207627801,-0.00850421425105004,6.4983658596642e-09,1.25599748657113e-09,,,,,,,,,0.0783444264833967,-0.0783444419352861,1.03566984862855e-12,0.0783444418353153,0.00946941081804913,-3.1502604816986e-10,-0.0783444210448107,5.78977907710325e-09
right,2.356194490192345,0.08397500000000008,2.440169490192345,-2.2722194901923447,2.3561944900974847,0.08397500100490496,1.1594783355661775e-08,1.0049048815297112e-09,0.10405774195531,0.104057744368364,0.14715987164940608,2.356194501787128,1.47433676525463e-09,-0.134300207627801,-0.00850421423690981,1.02780914429275e-08,1.2559975143267e-09,,,,,,,,,0.0783444258569875,-0.0783444413084746,1.30589959577043e-12,0.0783444412076054,0.00946941074681882,-4.34030142515849e-10,-0.0783444204183441,7.09159386755173e-09
right,2.617993877991494,0.08397500000000008,2.701968877991494,-2.534018877991494,2.617993877879215,0.08397500144861492,1.1582054870729053e-08,1.448614839194562e-09,0.0735799343823843,0.127444188176701,0.14715987171689962,2.617993889573549,1.47433676525463e-09,-0.134300207627801,-0.00850421422109892,1.4651351524603e-08,1.25599748657113e-09,,,,,,,,,0.0783444251565038,-0.0783444406075647,1.60695865105487e-12,0.0783444405057319,0.00946941066717913,-5.68059131255335e-10,-0.0783444197174055,8.553673684679e-09
right,2.879793265790643,0.08397500000000008,2.9637682657906432,-2.795818265790643,2.8797932656609397,0.08397500194189012,1.1571001046206675e-08,1.941890037659988e-09,0.0380877758497877,0.142145521197766,0.1471598717917633,2.879793277361644,1.47433676525463e-09,-0.134300207627801,-0.00850421420355494,1.9352137051936e-08,1.25599748657113e-09,,,,,,,,,0.0783444243787582,-0.0783444398294885,1.93838034447768e-12,0.0783444397269125,0.00946941057883981,-7.17501204681437e-10,-0.0783444189388008,1.01782630670681e-08
right,3.141592653589793,0.08397500000000008,3.2255676535897932,-3.057617653589793,3.1415926534412097,0.08397500248683998,1.1561469360335812e-08,2.486839900672777e-09,-1.70138433033592e-09,0.147159871874113,0.147159871874113,-3.141592642028324,1.47433676525463e-09,-0.134300207627801,-0.00850421418426104,2.46197279840951e-08,1.25599750044891e-09,,,,,,,,,0.0783444235232267,-0.0783444389736601,2.29959814224019e-12,0.0783444388704062,0.00946941048170397,-8.82793814484462e-10,-0.0783444180818348,1.19682532625248e-08
right,-3.141592653589793,0.11205000000000004,-3.029542653589793,3.253642653589793,-3.141592653533535,0.11205000164637502,1.147949246771418e-08,1.6463749807904549e-09,-1.73832328275595e-09,0.151428584018525,0.151428584018525,-3.1415926421103006,1.47433676525463e-09,-0.134300207627801,-0.00749275557119056,1.52920242038825e-08,1.27707791564013e-09,,,,,,,,,0.033021751258996,-0.0330217671367173,2.2239322133643e-12,0.0330217667395893,0.00413131268839227,-8.06285658747033e-10,-0.033021745725099,1.10035135776374e-08
right,-2.8797932657906435,0.11205000000000004,-2.7677432657906436,2.9918432657906435,-2.87979326573452,0.11205000110625996,1.1480523642859453e-08,1.1062599170053034e-09,-0.0391926031747156,0.146268779611955,0.1514285839357332,-2.87979325431012,1.47433676525463e-09,-0.134300207627801,-0.00749275559058902,1.07528245668704e-08,1.27707788788456e-09,,,,,,,,,0.0330217521351592,-0.0330217680133418,1.87467624933472e-12,0.0330217676171067,0.0041313127955495,-6.64408433462099e-10,-0.0330217466006087,9.27431193402484e-09
right,-2.6179938779914944,0.11205000000000004,-2.5059438779914944,2.7300438779914944,-2.6179938779360796,0.11205000062337,1.1480526307394712e-08,6.23369966756826e-10,-0.0757142934364491,0.131140999614149,0.15142858386176286,-2.617993866510968,1.47433676525463e-09,-0.134300207627801,-0.0074927556079187,6.66067621162845e-09,1.27707788788456e-09,,,,,,,,,0.0330217529178648,-0.0330217687964641,1.55364484254508e-12,0.0330217684010389,0.00413131289127912,-5.35548478960054e-10,-0.0330217473827875,7.70494656910633e-09
right,-2.356194490192345,0.11205000000000004,-2.244144490192345,2.468244490192345,-2.356194490138245,0.11205000019580513,1.1479602601838224e-08,1.9580509436067928e-10,-0.107076179697033,0.107076177238649,0.15142858379630272,-2.3561944787127422,1.47433676525463e-09,-0.134300207627801,-0.00749275562325346,3.00915249207908e-09,1.27707792951792e-09,,,,,,,,,0.0330217536104455,-0.03302176948942,1.26163111032132e-12,0.0330217690947259,0.00413131297598923,-4.19557528592047e-10,-0.0330217480749396,6.29299660480759e-09
right,-2.0943951023931957,0.11205000000000004,-1.9823451023931957,2.2064451023931957,-2.094395102341405,0.11204999982170494,1.147768680098693e-08,-1.7829510090550116e-10,-0.131141001246113,0.0757142903643133,0.15142858373901724,-2.094395090915509,1.47433676525463e-09,-0.134300207627801,-0.00749275563667443,1.97916675224871e-09,1.27707788788456e-09,,,,,,,,,0.0330217542166431,-0.0330217700959295,9.99206336942589e-13,0.0330217697018426,0.00413131305012456,-3.16317255450583e-10,-0.0330217486807641,5.03631930967913e-09
right,-1.832595714594046,0.11205000000000004,-1.720545714594046,1.944645714594046,-1.83259571454512,0.11204999949954997,1.1474973637959351e-08,-5.004500702732173e-10,-0.146268780274004,0.0391925997533684,0.1514285836897136,-1.8325957031190723,1.47433676525463e-09,-0.134300207627801,-0.00749275564822423,3.2779668580503e-09,1.27707788788456e-09,,,,,,,,,0.0330217547382971,-0.0330217706178599,7.66930409836508e-13,0.0330217702243133,0.004131313113925,-2.25734531625537e-10,-0.033021749202124,3.93297617701674e-09
right,-1.5707963267948966,0.11205000000000004,-1.4587463267948966,1.6828463267948965,-1.5707963267495049,0.11204999922764503,1.1471549710151407e-08,-7.723550132787693e-10,-0.151428583648102,-1.7371205388963e-09,0.151428583648102,-1.5707963153233468,1.47433676525463e-09,-0.134300207627801,-0.00749275565797186,5.39014993948947e-09,1.27707788788456e-09,,,,,,,,,0.0330217551785374,-0.0330217710583388,5.6515403554348e-13,0.0330217706652592,0.00413131316777126,-1.477512026796e-10,-0.0330217496421117,2.98144348359105e-09
right,-1.3089969389957472,0.11205000000000004,-1.1969469389957472,1.4210469389957472,-1.30899693895475,0.11204999900451007,1.1467385929719853e-08,-9.95489968236285e-10,-0.146268779301631,-0.0391926030895049,0.15142858361392908,-1.3089969275283613,1.47433676525463e-09,-0.134300207627801,-0.00749275566597816,7.21916193814754e-09,1.27707792951792e-09,,,,,,,,,0.0330217555401514,-0.033021771420143,3.94217833500774e-13,0.0330217710274343,0.00413131321199734,-8.23337310453128e-11,-0.0330217500034925,2.18042528421001e-09
right,-1.0471975511965979,0.11205000000000004,-0.9351475511965979,1.1592475511965978,-1.047197551160695,0.11204999882907507,1.1462552906849055e-08,-1.170924968096898e-09,-0.131140999377598,-0.0757142932967336,0.15142858358704592,-1.047197539734045,1.47433676525463e-09,-0.134300207627801,-0.00749275567227679,8.65242673574314e-09,1.27707792951792e-09,,,,,,,,,0.0330217558246339,-0.0330217717047761,2.54366156417642e-13,0.0330217713123615,0.00413131324679055,-2.94661596323818e-11,-0.0330217502877716,1.52878879869018e-09
right,-0.7853981633974483,0.11205000000000004,-0.6733481633974483,0.8974481633974483,-0.7853981633672855,0.11204999870044252,1.1457076731780091e-08,-1.2995575171537155e-09,-0.107076177079145,-0.107076179532705,0.15142858356731892,-0.7853981519403715,1.47433676525463e-09,-0.134300207627801,-0.00749275567689884,9.70120452458228e-09,1.27707792951792e-09,,,,,,,,,0.0330217560333829,-0.0330217719136388,1.45780285254979e-13,0.0330217715214453,0.00413131327232311,1.08426243085208e-11,-0.0330217504963502,1.02571745510136e-09
right,-0.5235987755982987,0.11205000000000004,-0.41154877559829867,0.6356487755982987,-0.5235987755744405,0.1120499986178945,1.1450984604977066e-08,-1.3821055411256111e-09,-0.0757142902756305,-0.131141001084423,0.1514285835546482,-0.5235987641473141,1.47433676525463e-09,-0.134300207627801,-0.00749275567986765,1.03775338878177e-08,1.27707791564013e-09,,,,,,,,,0.033021756167442,-0.033021772047778,6.85870912052006e-14,0.0330217716557416,0.0041313132887242,3.85589407061463e-11,-0.033021750630278,6.70677545573379e-10
right,-0.2617993877991496,0.11205000000000004,-0.14974938779914954,0.3738493877991496,-0.261799387782119,0.11204999858091699,1.1444293790408011e-08,-1.4190830455174108e-09,-0.0391925997214257,-0.146268780136842,0.15142858354895788,-0.2617993763548558,1.47433676525463e-09,-0.134300207627801,-0.00749275568120042,1.06978580327823e-08,1.27707791564013e-09,,,,,,,,,0.033021756227586,-0.0330217721079708,2.28928826271772e-14,0.0330217717160299,0.00413131329608937,5.36240002289111e-11,-0.0330217506903331,4.63429248905857e-10
right,0.0,0.11205000000000004,0.11205000000000004,0.11205000000000004,9.753496621467406e-12,0.1120499985891675,1.1437014999516731e-08,-1.4108325341322114e-09,1.73189098141929e-09,-0.151428583550207,0.151428583550207,1.1437014999516731e-08,1.47433676525463e-09,-0.134300207627801,-0.00749275568090662,1.06574222062842e-08,1.27707791564013e-09,,,,,,,,,0.0330217562142322,-0.0330217720946368,8.769241482146e-15,0.0330217717027366,0.00413131329447098,5.59543279650843e-11,-0.033021750676943,4.03999607886691e-10
right,0.2617993877991496,0.11205000000000004,0.3738493877991496,-0.14974938779914954,0.261799387801187,0.11204999864302001,1.1429166169030225e-08,-1.356980028344168e-09,0.0391926030695557,-0.146268779249541,0.15142858355845074,0.26179939922831574,1.47433676525463e-09,-0.134300207627801,-0.00749275567897308,1.02529411898757e-08,1.27707790176235e-09,,,,,,,,,0.0330217561267823,-0.0330217720071786,2.62690860522364e-14,0.0330217716152659,0.00413131328379645,4.54400345483503e-11,-0.0330217505895067,4.92718176092513e-10
right,0.5235987755982987,0.11205000000000004,0.6356487755982987,-0.41154877559829867,0.5235987755924945,0.11204999874202354,1.1420965728703436e-08,-1.2579765007458832e-09,0.0757142932845752,-0.131140999369134,0.1514285835736367,0.5235987870192644,1.47433676525463e-09,-0.134300207627801,-0.0074927556754101,9.53550310696574e-09,1.27707790176235e-09,,,,,,,,,0.0330217559656257,-0.0330217718460105,7.54242922957249e-14,0.033021771454083,0.00413131326412764,2.19430510542947e-11,-0.0330217504284092,7.29954029808697e-10
right,0.7853981633974478,0.11205000000000004,0.8974481633974478,-0.6733481633974479,0.785398163383717,0.11204999888626099,1.1412268019483918e-08,-1.1137390454329932e-09,0.107076179548051,-0.107076177104087,0.15142858359580683,0.7853981748097159,1.47433676525463e-09,-0.134300207627801,-0.00749275567020743,8.50920553594354e-09,1.27707790176235e-09,,,,,,,,,0.0330217557303191,-0.0330217716106822,1.5627040569043e-13,0.0330217712187235,0.00413131323540599,-1.47037982127317e-11,-0.0330217501932503,1.11635659662601e-09
right,1.0471975511965974,0.11205000000000004,1.1592475511965974,-0.9351475511965974,1.047197551174806,0.11204999907616403,1.1402963684403744e-08,-9.238360076935237e-10,0.131141001141743,-0.075714290317121,0.15142858362503403,1.047197562599561,1.47433676525463e-09,-0.134300207627801,-0.00749275566334831,7.16278447834325e-09,1.27707791564013e-09,,,,,,,,,0.0330217554201268,-0.0330217713004499,2.68821660630332e-13,0.03302177090843,0.00413131319753761,-6.46939462072351e-11,-0.0330217498833112,1.65281562079182e-09
right,1.3089969389957474,0.11205000000000004,1.4210469389957474,-1.1969469389957474,1.3089969389657399,0.11204999931234993,1.1392987664393672e-08,-6.876501035257832e-10,0.146268780243464,-0.0391925997580382,0.15142858366142287,1.308996950388735,1.47433676525463e-09,-0.134300207627801,-0.00749275565480855,5.48809553240536e-09,1.27707790176235e-09,,,,,,,,,0.0330217550339715,-0.033021770914231,4.13050916674789e-13,0.0330217705221088,0.00413131315038784,-1.28247892475053e-10,-0.0330217494975306,2.34049441248242e-09
right,1.5707963267948966,0.11205000000000004,1.6828463267948965,-1.4587463267948966,1.5707963267564,0.11204999959587991,1.138227090358157e-08,-4.041201262516836e-10,0.151428583705125,1.72360116576273e-09,0.151428583705125,1.5707963381771675,1.47433676525463e-09,-0.134300207627801,-0.00749275564455317,3.45811467010317e-09,1.27707790176235e-09,,,,,,,,,0.033021754570298,-0.0330217704504615,5.88856176696524e-13,0.0330217700581775,0.00413131309376168,-2.05607873695758e-10,-0.0330217490343499,3.180745175567e-09
right,1.8325957145940457,0.11205000000000004,1.9446457145940457,-1.7205457145940457,1.8325957145468048,0.11204999992771503,1.1370730801374407e-08,-7.228501130995824e-11,0.146268779442943,0.0391926031122166,0.1514285837563042,1.8325957259647765,1.47433676525463e-09,-0.134300207627801,-0.00749275563254379,1.06931801000911e-09,1.27707791564013e-09,,,,,,,,,0.0330217540273797,-0.033021769907411,7.96122081455608e-13,0.0330217695149003,0.00413131302744716,-2.97051667595899e-10,-0.0330217484920667,4.17522681494455e-09
right,2.0943951023931957,0.11205000000000004,2.2064451023931957,-1.9823451023931957,2.094395102336895,0.11205000030902512,1.135826721565536e-08,3.0902508330044043e-10,0.131140999583032,0.0757142933971062,0.1514285838151433,2.094395113751463,1.47433676525463e-09,-0.134300207627801,-0.00749275561873752,1.91434805638914e-09,1.27707792951792e-09,,,,,,,,,0.0330217534033019,-0.0330217692831567,1.03465827501004e-12,0.0330217688903378,0.00413131295120529,-4.02887472044865e-10,-0.03302174786878,5.32583170500869e-09
right,2.356194490192345,0.11205000000000004,2.468244490192345,-2.244144490192345,2.3561944901265752,0.11205000074126503,1.1344871708729443e-08,7.412649938309812e-10,0.107076177313569,0.1070761797431,0.15142858388185346,2.3561945015372165,1.47433676525463e-09,-0.134300207627801,-0.00749275560308606,5.12466093899009e-09,1.27707792951792e-09,,,,,,,,,0.0330217526958926,-0.0330217685755217,1.30419286802374e-12,0.0330217681823034,0.00413131286476894,-5.23446268793511e-10,-0.0330217471623059,6.63459359391746e-09
right,2.617993877991494,0.11205000000000004,2.730043877991494,-2.505943877991494,2.61799387791568,0.11205000122646003,1.1330583582491727e-08,1.2264599891231853e-09,0.0757142904924512,0.131141001423503,0.15142858395671044,2.6179938893220775,1.47433676525463e-09,-0.134300207627801,-0.00749275558552555,8.76631007245136e-09,1.27707791564013e-09,,,,,,,,,0.0330217519022815,-0.0330217677816314,1.60429119012428e-12,0.0330217673879118,0.00413131276778503,-6.59090058381714e-10,-0.0330217463697392,8.10359584578746e-09
right,2.879793265790643,0.11205000000000004,2.991843265790643,-2.767743265790643,2.879793265704145,0.11205000176615498,1.1315248293897184e-08,1.7661549445158187e-09,0.0391925998673834,0.146268780606062,0.15142858403996623,2.8797932771058914,1.47433676525463e-09,-0.134300207627801,-0.00749275556599708,1.28574335906751e-08,1.27707791564013e-09,,,,,,,,,0.0330217510198338,-0.0330217668988406,1.93442974385213e-12,0.0330217665044979,0.0041313126599265,-8.10217009575308e-10,-0.0330217454884728,9.73517449967647e-09
right,3.141592653589793,0.11205000000000004,3.253642653589793,-3.029542653589793,3.1415926534918652,0.11205000236236518,1.12991467522558e-08,2.362365136843181e-09,-1.71101382250719e-09,0.151428584131866,0.151428584131866,-3.141592642290646,1.47433676525463e-09,-0.134300207627801,-0.00749275554444417,1.74221599658817e-08,1.27707791564013e-09,,,,,,,,,0.0330217500459647,-0.0330217659245748,2.29397297971577e-12,0.0330217655295044,0.0041313125408841,-9.77245941260209e-10,-0.0330217445158354,1.15317293054385e-08
right,-3.141592653589793,0.14012500000000006,-3.001467653589793,3.2817176535897934,-3.141592653516395,0.14012500143029505,1.1262769383790783e-08,1.430294993554071e-09,-1.75325292413205e-09,0.155668012247876,0.155668012247876,-3.1415926423270237,1.47433676525463e-09,-0.134300207627801,-0.00649059478375515,1.05894478907868e-08,1.29796456915798e-09,,,,,,,,,-0.012783692570238,0.0127836762515908,2.20986976213161e-12,-0.0127836769179887,-0.00165221126971858,-8.82149869078305e-10,0.0127836982042929,1.05060770973861e-08
right,-2.8797932657906435,0.14012500000000006,-2.7396682657906437,3.0199182657906434,-2.87979326572015,0.14012500083545998,1.1262966559399956e-08,8.354599234650095e-10,-0.0402898479530544,0.150363752815856,0.15566801215711623,-2.879793254527677,1.47433676525463e-09,-0.134300207627801,-0.00649059480498734,6.12712254553687e-09,1.29796454140241e-09,,,,,,,,,-0.0127836915902237,0.0127836752713172,1.86281690671234e-12,-0.0127836759372646,-0.0016522111418673,-7.40568018647979e-10,0.0127836972251437,8.77199078891389e-09
right,-2.6179938779914944,0.14012500000000006,-2.4778688779914946,2.7581188779914942,-2.61799387792434,0.14012500030337005,1.1262436316883395e-08,3.033699957910585e-10,-0.0778340075562784,0.134812452137772,0.1556680120759235,-2.617993866729058,1.47433676525463e-09,-0.134300207627801,-0.00649059482398126,2.13337372522654e-09,1.2979645552802e-09,,,,,,,,,-0.0127836907135336,0.0127836743943903,1.54361330725108e-12,-0.0127836750599275,-0.00165221102749317,-6.12064716646883e-10,0.0127836963492396,7.19840639900444e-09
right,-2.356194490192345,0.14012500000000006,-2.2160694901923446,2.496319490192345,-2.35619449012893,0.14012499983164983,1.1261115595573301e-08,-1.683502226512701e-10,-0.110073908141379,0.110073905662269,0.15566801200395294,-2.3561944789312292,1.47433676525463e-09,-0.134300207627801,-0.00649059484081766,1.50933678200836e-09,1.2979645552802e-09,,,,,,,,,-0.0127836899364296,0.0127836736170765,1.25316773158668e-12,-0.0127836742822481,-0.00165221092611091,-4.96498178348691e-10,0.0127836955728204,5.7830655721683e-09
right,-2.0943951023931957,0.14012500000000006,-1.9542701023931957,2.234520102393196,-2.09439510233392,0.14012499941862,1.125910520372031e-08,-5.813800552090242e-10,-0.134812453773809,0.0778340044525992,0.15566801194093352,-2.0943950911340905,1.47433676525463e-09,-0.134300207627801,-0.00649059485555999,4.59795263404646e-09,1.29796454140241e-09,,,,,,,,,-0.0127836892559855,0.0127836729364459,9.9210501138836e-13,-0.0127836736012934,-0.00165221083733773,-3.93748663646629e-10,0.0127836948929821,4.52376804501974e-09
right,-1.832595714594046,0.14012500000000006,-1.6924707145940459,1.972720714594046,-1.832595714539305,0.140124999062465,1.1256379606194855e-08,-9.375350495943735e-10,-0.150363753461853,0.0402898444969447,0.15566801188659438,-1.8325957033376663,1.47433676525463e-09,-0.134300207627801,-0.00649059486827163,7.26224826480987e-09,1.29796454140241e-09,,,,,,,,,-0.0127836886692708,0.0127836723495702,7.60968352528223e-13,-0.0127836730141372,-0.00165221076079273,-3.03722513736506e-10,0.0127836943067878,3.41856982066247e-09
right,-1.5707963267948966,0.14012500000000006,-1.4306713267948965,1.7109213267948966,-1.5707963267450702,0.14012499876177997,1.1253013854073401e-08,-1.2382200820226785e-09,-0.155668011840712,-1.75173430794411e-09,0.155668011840712,-1.5707963155418827,1.47433676525463e-09,-0.134300207627801,-0.00649059487900512,9.51024661932112e-09,1.29796456915798e-09,,,,,,,,,-0.0127836881738653,0.0127836718540268,5.60159684052483e-13,-0.0127836725183536,-0.00165221069615922,-2.26354480815483e-10,0.0127836938118318,2.46582635876819e-09
right,-1.3089969389957472,0.14012500000000006,-1.1688719389957472,1.4491219389957473,-1.308996938951215,0.14012499851486504,1.1248980635869543e-08,-1.4851350149669429e-09,-0.150363752474403,-0.0402898478593083,0.1556680118030347,-1.3089969277467666,1.47433676525463e-09,-0.134300207627801,-0.00649059488781921,1.13544990765606e-08,1.29796456915798e-09,,,,,,,,,-0.0127836877670478,0.0127836714470968,3.90057813981368e-13,-0.0127836721112275,-0.00165221064308394,-1.61610486701752e-10,0.0127836934053822,1.66427646569751e-09
right,-1.0471975511965979,0.14012500000000006,-0.9070725511965978,1.187322551196598,-1.04719755115771,0.14012499832042002,1.1244287501099848e-08,-1.6795800306113051e-09,-0.134812451877163,-0.0778340074025535,0.15566801177336706,-1.0471975399523104,1.47433676525463e-09,-0.134300207627801,-0.00649059489475959,1.28054371072293e-08,1.2979645552802e-09,,,,,,,,,-0.012783687446709,0.0127836711266713,2.50919092292493e-13,-0.0127836717906495,-0.00165221060129209,-1.09477206582283e-10,0.0127836930853273,1.01283251596217e-09
right,-0.7853981633974483,0.14012500000000006,-0.6452731633974482,0.9255231633974483,-0.7853981633645435,0.14012499817755952,1.1238980524019837e-08,-1.8224405318179038e-09,-0.110073905486244,-0.110073907960481,0.15566801175157027,-0.7853981521584678,1.47433676525463e-09,-0.134300207627801,-0.00649059489985873,1.38690586636266e-08,1.29796458303577e-09,,,,,,,,,-0.0127836872113515,0.012783670891251,1.42935953689802e-13,-0.0127836715551185,-0.0016522105705876,-6.99631772797833e-11,0.0127836928501775,5.10640518904311e-10
right,-0.5235987755982987,0.14012500000000006,-0.38347377559829865,0.6637237755982988,-0.523598775571709,0.14012499808555598,1.123307902251014e-08,-1.9144440754903513e-09,-0.0778340043544062,-0.134812453595631,0.15566801173753034,-0.5235987643652197,1.47433676525463e-09,-0.134300207627801,-0.00649059490314332,1.4550514613675e-08,1.29796456915798e-09,,,,,,,,,-0.0127836870597461,0.0127836707396059,6.62665536475262e-14,-0.0127836714034026,-0.00165221055080975,-4.31020854521304e-11,0.0127836926987083,1.57137646628237e-10
right,-0.2617993877991496,0.14012500000000006,-0.12167438779914952,0.40192438779914963,-0.2617993877791985,0.1401249980438725,1.1226612139925152e-08,-1.9561275654833565e-09,-0.0402898444611925,-0.15036375331052,0.1556680117311646,-0.26179937657253743,1.47433676525463e-09,-0.134300207627801,-0.00649059490463283,1.48536934999342e-08,1.29796456915798e-09,,,,,,,,,-0.0127836869909949,0.0127836706708373,2.1031979818896e-14,-0.0127836713346023,-0.00165221054184111,-2.8953159951491e-11,0.0127836926300248,-4.79482248664819e-11
right,0.0,0.14012500000000006,0.14012500000000006,0.14012500000000006,1.299850505009914e-11,0.1401249980521725,1.121961070311937e-08,-1.9478275659068345e-09,1.74653449056636e-09,-0.155668011732419,0.155668011732419,1.121961070311937e-08,1.47433676525463e-09,-0.134300207627801,-0.00649059490434005,1.47812131989287e-08,1.29796456915798e-09,,,,,,,,,-0.0127836870045119,0.0127836706843578,7.2913975232293e-15,-0.0127836713481271,-0.00165221054360465,-2.76003621937708e-11,0.0127836926435476,-1.0462937831682e-10
right,0.2617993877991496,0.14012500000000006,0.40192438779914963,-0.12167438779914952,0.261799387804886,0.14012499811089602,1.1212063721899312e-08,-1.889104039864975e-09,0.040289847837795,-0.150363752416318,0.15566801174136083,0.2617993990112133,1.47433676525463e-09,-0.134300207627801,-0.00649059490224886,1.43295946758072e-08,1.2979645552802e-09,,,,,,,,,-0.0127836871010383,0.0127836707809092,2.51130852936869e-14,-0.0127836714447213,-0.00165221055619738,-3.91543019403666e-11,0.012783692740013,-1.26010286555736e-11
right,0.5235987755982987,0.14012500000000006,0.6637237755982988,-0.38347377559829865,0.5235987755964175,0.14012499821995153,1.1204055350155784e-08,-1.7800485252461584e-09,0.0778340073894247,-0.134812451866949,0.15566801175795708,0.523598786802354,1.47433676525463e-09,-0.134300207627801,-0.00649059489836752,1.34925903324084e-08,1.2979645552802e-09,,,,,,,,,-0.0127836872801984,0.0127836709601133,7.45123390772765e-14,-0.0127836716240025,-0.00165221057956869,-6.37528186876066e-11,0.0127836929190755,2.28471930390292e-10
right,0.7853981633974478,0.14012500000000006,0.9255231633974479,-0.6452731633974478,0.7853981633876305,0.14012499837939352,1.1195628313309669e-08,-1.6206065378554513e-09,0.110073907977378,-0.110073905512685,0.15566801178221487,0.7853981745930761,1.47433676525463e-09,-0.134300207627801,-0.00649059489269409,1.22746833289693e-08,1.2979645552802e-09,,,,,,,,,-0.0127836875420935,0.0127836712220674,1.55522905300057e-13,-0.0127836718860616,-0.00165221061372971,-1.01563632402037e-10,0.0127836931808398,6.19214108970105e-10
right,1.0471975511965974,0.14012500000000006,1.1873225511965975,-0.9070725511965974,1.04719755117855,0.14012499858965005,1.118677728229045e-08,-1.4103500034501337e-09,0.134812453658428,-0.0778340043989849,0.1556680118142035,1.0471975623833747,1.47433676525463e-09,-0.134300207627801,-0.00649059488521219,1.06765380451534e-08,1.2979645552802e-09,,,,,,,,,-0.0127836878874801,0.0127836715675278,2.68124752053955e-13,-0.0127836722316547,-0.00165221065877898,-1.52780694563735e-10,0.0127836935260567,1.16048635828656e-09
right,1.3089969389957474,0.14012500000000006,1.4491219389957475,-1.1688719389957474,1.3089969389691851,0.14012499885136498,1.1177495373715374e-08,-1.14863507594265e-09,0.150363753427215,-0.0402898445003764,0.15566801185402485,1.3089969501732428,1.47433676525463e-09,-0.134300207627801,-0.00649059487589796,8.69856416888691e-09,1.2979645552802e-09,,,,,,,,,-0.0127836883174624,0.0127836719975983,4.12297471826492e-13,-0.0127836726618843,-0.00165221071486015,-2.17625106053412e-10,0.0127836939558267,1.85341240976917e-09
right,1.5707963267948966,0.14012500000000006,1.7109213267948966,-1.4306713267948965,1.57079632675956,0.14012499916552001,1.1167754054852708e-08,-8.344800406234754e-10,0.155668011901835,1.73846205657803e-09,0.155668011901835,1.5707963379626506,1.47433676525463e-09,-0.134300207627801,-0.006490594864715,6.33104749841861e-09,1.29796456915798e-09,,,,,,,,,-0.0127836888337177,0.0127836725139579,5.87905867519104e-13,-0.0127836731784318,-0.00165221078219279,-2.96340380787753e-10,0.0127836944718164,2.69927951935566e-09
right,1.8325957145940457,0.14012500000000006,1.9727207145940457,-1.6924707145940456,1.83259571454967,0.14012499953322,1.1157539114847737e-08,-4.66780059049654e-10,0.150363752627582,0.0402898478856158,0.1556680119578031,1.8325957257515848,1.47433676525463e-09,-0.134300207627801,-0.0064905948516233,3.56639426487166e-09,1.29796456915798e-09,,,,,,,,,-0.0127836894380921,0.012783673118453,7.94796607585943e-13,-0.0127836737831446,-0.00165221086101742,-3.89202982255928e-10,0.0127836950758688,3.69965591705278e-09
right,2.0943951023931957,0.14012500000000006,2.234520102393196,-1.9542701023931957,2.094395102339535,0.140124999955615,1.1146862988198336e-08,-4.438505118997682e-11,0.13481245210016,0.0778340075137889,0.1556680120221058,2.0943951135400587,1.47433676525463e-09,-0.134300207627801,-0.00649059483658166,5.51703047621641e-10,1.29796456915798e-09,,,,,,,,,-0.0127836901324942,0.0127836738129906,1.03275658533962e-12,-0.012783674477926,-0.00165221095158214,-4.96522849008383e-10,0.0127836957698916,4.85641639158831e-09
right,2.356194490192345,0.14012500000000006,2.496319490192345,-2.2160694901923446,2.356194490129155,0.140125000434145,1.1135668387396436e-08,4.341449422184951e-10,0.110073905740435,0.110073908191928,0.1556680120949682,2.3561945013280132,1.47433676525463e-09,-0.134300207627801,-0.00649059481953726,3.2093501222757e-09,1.29796458303577e-09,,,,,,,,,-0.0127836909193541,0.0127836746000051,1.30145981410445e-12,-0.0127836752652176,-0.00165221105420589,-6.18630082816772e-10,0.0127836965563016,6.17146587376223e-09
right,2.617993877991494,0.14012500000000006,2.7581188779914942,-2.4778688779914937,2.6179938779184946,0.140125000970855,1.1123883592034645e-08,9.708549519871212e-10,0.0778340045887167,0.134812453967472,0.15566801217670934,2.6179938891153776,1.47433676525463e-09,-0.134300207627801,-0.00649059480041605,7.23640000196949e-09,1.2979645552802e-09,,,,,,,,,-0.0127836918020738,0.0127836754829041,1.60045093036105e-12,-0.0127836761484367,-0.00165221116933508,-7.55884306082608e-10,0.0127836974384858,7.64666118244841e-09
right,2.879793265790643,0.14012500000000006,3.0199182657906434,-2.739668265790643,2.87979326570763,0.14012500156702012,1.1111556563747627e-08,1.5670200692596836e-09,0.0402898446173126,0.150363753823967,0.15566801226752316,2.8797932769021997,1.47433676525463e-09,-0.134300207627801,-0.0064905947791717,1.17007847329352e-08,1.29796456915798e-09,,,,,,,,,-0.0127836927828151,0.0127836764638425,1.9291379290297e-12,-0.012783677129726,-0.00165221129724764,-9.08686901105348e-10,0.0127836984186102,9.28441782580057e-09
right,3.141592653589793,0.14012500000000006,3.2817176535897934,-3.001467653589793,3.1415926534963647,0.14012500222510504,1.1098487707320308e-08,2.22510498915085e-09,-1.7276795196269e-09,0.155668012367788,0.155668012367788,-3.1415926424913057,1.47433676525463e-09,-0.134300207627801,-0.00649059475571712,1.66419788588535e-08,1.29796456915798e-09,,,,,,,,,-0.0127836938655383,0.0127836775468026,2.28683517863602e-12,-0.0127836782131056,-0.00165221143847148,-1.07744612372857e-09,0.0127836995006123,1.10866546035325e-08
right,-3.141592653589793,0.16820000000000007,-2.973392653589793,3.3097926535897932,-3.141592653522645,0.16820000116821499,1.108965852480992e-08,1.168214913693788e-09,-1.77290624528426e-09,0.159870225929879,0.159870225929879,-3.1415926425001346,1.47433676525463e-09,-0.134300207627801,-0.00550049249227624,8.80497233254487e-09,1.31859989593863e-09,,,,,,,,,-0.0590391238805644,0.0590391071071119,2.19494609109908e-12,-0.0590391080209444,-0.0078680588892748,-9.63564879345756e-10,0.0590391296241149,1.00083527561963e-08
right,-2.8797932657906435,0.16820000000000007,-2.7115932657906434,3.0479932657906437,-2.87979326572522,0.1682000005114499,1.1090009355285702e-08,5.11449826934296e-10,-0.0413774609024174,0.154422779525816,0.15987022583085903,-2.879793254700634,1.47433676525463e-09,-0.134300207627801,-0.00550049251535125,3.81910737098597e-09,1.31859988206084e-09,,,,,,,,,-0.0590391227907504,0.0590391060170221,1.85016405341418e-12,-0.0590391069303705,-0.00786805873845621,-8.22291592937362e-10,0.0590391285349847,8.2698919402146e-09
right,-2.6179938779914944,0.16820000000000007,-2.4497938779914943,2.7861938779914945,-2.6179938779283303,0.1681999999242001,1.1089603013658689e-08,-7.579997740592148e-11,-0.0799351144065339,0.138451675915153,0.15987022574231957,-2.6179938669018914,1.47433676525463e-09,-0.134300207627801,-0.00550049253598422,6.55999439895376e-10,1.31859989593863e-09,,,,,,,,,-0.0590391218162643,0.059039105042292,1.53297864215173e-12,-0.0590391059552119,-0.00786805860359921,-6.94145735645724e-10,0.0590391275611099,6.69205162790781e-09
right,-2.356194490192345,0.16820000000000007,-2.1879944901923447,2.524394490192345,-2.356194490131945,0.16819999940338515,1.1088481688403817e-08,-5.966149241309893e-10,-0.113045321930194,0.113045319423192,0.1598702256637949,-2.356194479103863,1.47433676525463e-09,-0.134300207627801,-0.00550049255428328,4.60709757081376e-09,1.31859986818306e-09,,,,,,,,,-0.0590391209520087,0.0590391041778204,1.24419931245135e-12,-0.0590391050903605,-0.00786805848399705,-5.78997397864918e-10,0.0590391266973966,5.27310869949028e-09
right,-2.0943951023931957,0.16820000000000007,-1.9261951023931956,2.262595102393196,-2.094395102336025,0.1681999989468651,1.1086680018479456e-08,-1.0531349681208724e-09,-0.138451677560204,0.0799351112625132,0.15987022559496517,-2.0943950913065157,1.47433676525463e-09,-0.134300207627801,-0.0055004925703233,8.07046013278031e-09,1.31859984042748e-09,,,,,,,,,-0.0590391201944461,0.0590391034200683,9.84499302460044e-13,-0.0590391043322753,-0.00786805837915997,-4.76730318813889e-10,0.0590391259403101,4.01097328039408e-09
right,-1.832595714594046,0.16820000000000007,-1.6643957145940458,2.000795714594046,-1.8325957145405551,0.16819999855288492,1.1084215545409393e-08,-1.4471151499328982e-09,-0.154422780158096,0.0413774574017839,0.15987022553556396,-1.8325957035098304,1.47433676525463e-09,-0.134300207627801,-0.00550049258416593,1.10592184935418e-08,1.31859985430527e-09,,,,,,,,,-0.0590391195406661,0.0590391027661248,7.54570246043733e-13,-0.059039103678044,-0.00786805828868497,-3.87251072958952e-10,0.0590391252869411,2.90369486202312e-09
right,-1.5707963267948966,0.16820000000000007,-1.4025963267948964,1.7389963267948967,-1.57079632674552,0.16819999821981002,1.1081119577482923e-08,-1.7801900509262225e-09,-0.159870225485346,-1.77154108967389e-09,0.159870225485346,-1.570796315713777,1.47433676525463e-09,-0.134300207627801,-0.00550049259586853,1.35856306971209e-08,1.31859990981642e-09,,,,,,,,,-0.0590391189879591,0.0590391022132794,5.5479314624604e-13,-0.0590391031249544,-0.00786805821219712,-3.10493111167375e-10,0.0590391247345803,1.94960279641887e-09
right,-1.3089969389957472,0.16820000000000007,-1.140796938995747,1.4771969389957473,-1.3089969389508949,0.16819999794614493,1.1077408323956206e-08,-2.0538551415150152e-09,-0.154422779152744,-0.0413774608003674,0.15987022544408663,-1.3089969279183389,1.47433676525463e-09,-0.134300207627801,-0.00550049260548357,1.56609687370726e-08,1.31859986818306e-09,,,,,,,,,-0.0590391185338461,0.059039101759053,3.85572060585598e-13,-0.0590391026705276,-0.00786805814935369,-2.46418222612193e-10,0.0590391242807509,1.14734909427033e-09
right,-1.0471975511965979,0.16820000000000007,-0.8789975511965977,1.215397551196598,-1.0471975511566645,0.16819999773041555,1.1073106431780388e-08,-2.2695845203202225e-09,-0.138451675630028,-0.0799351142388716,0.15987022541156293,-1.0471975401234914,1.47433676525463e-09,-0.134300207627801,-0.00550049261306278,1.72973210216061e-08,1.31859988206084e-09,,,,,,,,,-0.0590391181758873,0.0590391014010045,2.47159155726054e-13,-0.0590391023123193,-0.0078680580998165,-1.95014264472373e-10,0.059039123923014,4.95889556603232e-10
right,-0.7853981633974483,0.16820000000000007,-0.6171981633974482,0.9535981633974484,-0.7853981633628165,0.16819999757162152,1.1068224559096507e-08,-2.4283785537981828e-09,-0.1130453192302,-0.113045321732622,0.15987022538762446,-0.7853981523292237,1.47433676525463e-09,-0.134300207627801,-0.00550049261864134,1.85019426312103e-08,1.31859990981642e-09,,,,,,,,,-0.0590391179124183,0.0590391011374692,1.39806919253373e-13,-0.0590391020486659,-0.00786805806335577,-1.56290338774701e-10,0.0590391236597068,-5.64536167168443e-12
right,-0.5235987755982987,0.16820000000000007,-0.35539877559829863,0.6917987755982988,-0.5235987755693381,0.16819999746897402,1.1062786908766498e-08,-2.5310260554078923e-09,-0.079935111154415,-0.138451677365333,0.15987022537215284,-0.5235987645355118,1.47433676525463e-09,-0.134300207627801,-0.00550049262224698,1.92804196261935e-08,1.31859989593863e-09,,,,,,,,,-0.0590391177421297,0.0590391009671377,6.36705656711155e-14,-0.0590391018782569,-0.00786805803978984,-1.30279979595504e-10,0.0590391234895203,-3.57853929631543e-10
right,-0.2617993877991496,0.16820000000000007,-0.0935993877991495,0.42999938779914965,-0.26179938777622236,0.16819999742188463,1.105679520163605e-08,-2.5781154433524023e-09,-0.041377457361888,-0.154422779992265,0.1598702253650577,-0.2617993767423544,1.47433676525463e-09,-0.134300207627801,-0.00550049262390038,1.96371116369729e-08,1.31859989593863e-09,,,,,,,,,-0.0590391176640434,0.0590391008890319,1.88794991420399e-14,-0.0590391018001144,-0.00786805802898384,-1.17042763211117e-10,0.059039123411477,-5.61040884030901e-10
right,0.0,0.16820000000000007,0.16820000000000007,0.16820000000000007,1.653649439603555e-11,0.1681999974299605,1.1050264357421771e-08,-2.5700395700489764e-09,1.76660825317799e-09,-0.15987022536628,0.15987022536628,1.1050264357421771e-08,1.47433676525463e-09,-0.134300207627801,-0.00550049262361551,1.95743399603046e-08,1.31859989593863e-09,,,,,,,,,-0.0590391176775007,0.059039100902493,5.50953085752561e-15,-0.0590391018135792,-0.00786805803084656,-1.16663159345733e-10,0.0590391234249193,-6.15256268457711e-10
right,0.2617993877991496,0.16820000000000007,0.42999938779914965,-0.0935993877991495,0.2617993878089464,0.1681999974936686,1.1043196523896626e-08,-2.5063314756934574e-09,0.0413774607774341,-0.154422779088288,0.15987022537589135,0.2617993988423461,1.47433676525463e-09,-0.134300207627801,-0.00550049262137582,1.90891073536887e-08,1.31859988206084e-09,,,,,,,,,-0.0590391177832824,0.0590391010083019,2.36234569209827e-14,-0.0590391019194329,-0.00786805804548614,-1.29252463226315e-10,0.0590391235306268,-5.20224522510174e-10
right,0.5235987755982987,0.16820000000000007,0.6917987755982988,-0.35539877559829863,0.523598775600999,0.168199997612979,1.103558056048115e-08,-2.3870210807963588e-09,0.0799351142248382,-0.13845167561772,0.1598702253938872,0.5235987866338793,1.47433676525463e-09,-0.134300207627801,-0.00550049261718235,1.81795137519233e-08,1.31859988206084e-09,,,,,,,,,-0.0590391179813345,0.0590391012064065,7.32284032118196e-14,-0.0590391021176259,-0.00786805807289588,-1.54948329162804e-10,0.0590391237285435,-2.756436472551e-10
right,0.7853981633974478,0.16820000000000007,0.953598163397448,-0.6171981633974477,0.785398163392692,0.168199997787859,1.102742286374081e-08,-2.212141081425756e-09,0.113045321751087,-0.11304531925789,0.159870225420261,0.7853981744248707,1.47433676525463e-09,-0.134300207627801,-0.00550049261103672,1.6844548708386e-08,1.31859988206084e-09,,,,,,,,,-0.0590391182715816,0.0590391014967316,1.54346014076436e-13,-0.059039102408083,-0.00786805811306554,-1.93918907291134e-10,0.0590391240185959,1.19074358254243e-10
right,1.0471975511965974,0.16820000000000007,1.2153975511965975,-0.8789975511965973,1.047197551184026,0.16819999801880398,1.1018733703238581e-08,-1.981196096068061e-09,0.138451677433634,-0.079935111201981,0.15987022545508625,1.0471975622153311,1.47433676525463e-09,-0.134300207627801,-0.00550049260292161,1.50808131402198e-08,1.31859988206084e-09,,,,,,,,,-0.0590391186548413,0.0590391018800943,2.66953246813512e-13,-0.0590391027916217,-0.00786805816610799,-2.46358619252052e-10,0.0590391244016031,6.64757938706074e-10
right,1.3089969389957474,0.16820000000000007,1.4771969389957476,-1.1407969389957473,1.308996938975005,0.168199998306525,1.1009514411242094e-08,-1.6934750823871525e-09,0.154422780119175,-0.0413774574037188,0.15987022549846996,1.3089969500052618,1.47433676525463e-09,-0.134300207627801,-0.00550049259281233,1.28832176501871e-08,1.31859988206084e-09,,,,,,,,,-0.0590391191322825,0.0590391023576635,4.10990141213955e-13,-0.0590391032694098,-0.00786805823218456,-3.12489081588399e-10,0.0590391248787341,1.36248664525652e-09
right,1.5707963267948966,0.16820000000000007,1.7389963267948967,-1.4025963267948964,1.57079632676564,0.16819999865204993,1.099976554286286e-08,-1.3479501403956817e-09,0.159870225550567,1.7585349726446e-09,0.159870225550567,1.570796337794662,1.47433676525463e-09,-0.134300207627801,-0.00550049258067257,1.02447049368855e-08,1.31859989593863e-09,,,,,,,,,-0.0590391197056184,0.0590391029311522,5.86313826081651e-13,-0.0590391038431613,-0.00786805831153245,-3.92554868943324e-10,0.059039125451701,2.21348335030615e-09
right,1.8325957145940457,0.16820000000000007,2.000795714594046,-1.6643957145940456,1.8325957145559202,0.16819999905657002,1.0989481324941153e-08,-9.43430056299377e-10,0.154422779318146,0.0413774608301339,0.15987022561155684,1.832595725583527,1.47433676525463e-09,-0.134300207627801,-0.0055004925664604,7.15664546284511e-09,1.31859990981642e-09,,,,,,,,,-0.0590391203768325,0.059039103602544,7.92758796657422e-13,-0.0590391045148595,-0.00786805840442547,-4.86831654167177e-10,0.0590391261224868,3.21921543276805e-09
right,2.0943951023931957,0.16820000000000007,2.262595102393196,-1.9261951023931956,2.09439510234584,0.16819999952133002,1.0978655318183428e-08,-4.786700480430284e-10,0.138451675871461,0.0799351143608272,0.15987022568162784,2.094395113371851,1.47433676525463e-09,-0.134300207627801,-0.0055004925501323,3.61577721720543e-09,1.31859990981642e-09,,,,,,,,,-0.0590391211479793,0.0590391043738942,1.03000692895536e-12,-0.0590391052865609,-0.00786805851114854,-5.9562979465001e-10,0.059039126893146,4.38152443773236e-09
right,2.356194490192345,0.16820000000000007,2.524394490192345,-2.1879944901923447,2.3561944901354046,0.16820000004777502,1.0967287078500476e-08,4.777495066221604e-11,0.113045319505625,0.113045321985226,0.15987022576099735,2.356194501159632,1.47433676525463e-09,-0.134300207627801,-0.0055004925316374,5.76381485730782e-10,1.31859989593863e-09,,,,,,,,,-0.0590391220214649,0.0590391052476087,1.29778773155368e-12,-0.0590391061606711,-0.0078680586320338,-7.19279495286568e-10,0.0590391277660817,5.7022082364113e-09
right,2.617993877991494,0.16820000000000007,2.786193877991494,-2.449793877991494,2.61799387792463,0.168200000638,1.0955362839126792e-08,6.37999930663824e-10,0.0799351114082026,0.138451677770558,0.15987022584998178,2.617993888946857,1.47433676525463e-09,-0.134300207627801,-0.00550049251090163,4.90911361810012e-09,1.31859989593863e-09,,,,,,,,,-0.0590391230007844,0.0590391062271832,1.5955348725426e-12,-0.0590391071406879,-0.00786805876756524,-8.58138858857988e-10,0.0590391287447852,7.18291827585207e-09
right,2.879793265790643,0.16820000000000007,3.0479932657906432,-2.711593265790643,2.879793265713495,0.16820000129356494,1.094287194192134e-08,1.2935648663336963e-09,0.0413774575305686,0.15442278055142,0.15987022594881772,2.879793276733515,1.47433676525463e-09,-0.134300207627801,-0.00550049248787012,9.90609213776264e-09,1.31859989593863e-09,,,,,,,,,-0.0590391240885352,0.0590391073152156,1.9226620321761e-12,-0.0590391082292087,-0.00786805891810177,-1.01260562372199e-09,0.0590391298318537,8.82590667673838e-09
right,3.141592653589793,0.16820000000000007,3.3097926535897932,-2.973392653589793,3.14159265350201,0.16820000201622998,1.0929794203709824e-08,2.0162299052550736e-09,-1.7473485504349e-09,0.159870226057773,0.159870226057773,-3.1415926426599996,1.47433676525463e-09,-0.134300207627801,-0.00550049246248052,1.54114046364389e-08,1.31859989593863e-09,,,,,,,,,-0.0590391252876557,0.0590391085146459,2.27836413951992e-12,-0.0590391094291764,-0.00786805908405077,-1.18309193637144e-09,0.0590391310302181,1.06332014595736e-08
right,-3.141592653589793,0.1962750000000001,-2.945317653589793,3.337867653589793,-3.14159265352661,0.19627500082777005,1.0958811191841278e-08,8.277699636849434e-10,-1.79754757643601e-09,0.164027603346642,0.164027603346642,-3.141592642630982,1.47433676525463e-09,-0.134300207627801,-0.00452512579654896,6.34132191387669e-09,1.33892807951952e-09,,,,,,,,,-0.105713745967485,0.10571372872203,2.17918452149133e-12,-0.105713729858256,-0.014502083836574,-1.05024463390087e-09,0.105713751825778,9.51166149587237e-09
right,-2.8797932657906435,0.1962750000000001,-2.6835182657906436,3.0760682657906435,-2.879793265728405,0.19627500010835508,1.0960203855603368e-08,1.0835499164585372e-10,-0.0424534693774037,0.158438497727967,0.16402760323943394,-2.8797932548304397,1.47433676525463e-09,-0.134300207627801,-0.00452512582141371,8.85998047068228e-10,1.33892806564173e-09,,,,,,,,,-0.105713744763361,0.105713727517559,1.83683757669558e-12,-0.105713728653204,-0.0145020836607978,-9.09260129891362e-10,0.105713750622463,7.76809384013631e-09
right,-2.6179938779914944,0.1962750000000001,-2.4217188779914944,2.8142688779914944,-2.617993877930735,0.19627499946379512,1.0960806040571924e-08,-5.362049693147242e-10,-0.0820138031286958,0.142052070345103,0.16402760314338122,-2.6179938670306884,1.47433676525463e-09,-0.134300207627801,-0.00452512584369111,4.08630731504248e-09,1.33892805176394e-09,,,,,,,,,-0.105713743684535,0.105713726438422,1.52167883666533e-12,-0.105713727573546,-0.0145020835033124,-7.81476307369977e-10,0.105713749544362,6.18615027991967e-09
right,-2.356194490192345,0.1962750000000001,-2.159919490192345,2.552469490192345,-2.3561944901335803,0.19627499889210998,1.0960638618939811e-08,-1.1078901129835117e-09,-0.115985031695491,0.115985029152951,0.1640276030581894,-2.356194479231706,1.47433676525463e-09,-0.134300207627801,-0.00452512586344963,8.45659335435479e-09,1.33892806564173e-09,,,,,,,,,-0.105713742727689,0.105713725481301,1.23463047788976e-12,-0.105713726615962,-0.0145020833636334,-6.66743051551479e-10,0.105713748588156,4.76340434498614e-09
right,-2.0943951023931957,0.1962750000000001,-1.8981201023931957,2.2906701023931957,-2.094395102336925,0.19627499839061502,1.0959739782379074e-08,-1.609385069656355e-09,-0.142052072004393,0.0820137999348755,0.16402760298345834,-2.094395091433456,1.47433676525463e-09,-0.134300207627801,-0.00452512588078195,1.22906066003228e-08,1.33892806564173e-09,,,,,,,,,-0.10571374188834,0.105713724641709,9.76429921178608e-13,-0.105713725775964,-0.0145020832411062,-5.64954180240274e-10,0.105713747749368,3.49822421704039e-09
right,-1.832595714594046,0.1962750000000001,-1.6363207145940457,2.028870714594046,-1.8325957145407499,0.1962749979573799,1.0958126628324294e-08,-2.0426201841061697e-09,-0.158438498348863,0.0424534658217357,0.1640276029188988,-1.8325957036359193,1.47433676525463e-09,-0.134300207627801,-0.00452512589575515,1.56027585172376e-08,1.33892806564173e-09,,,,,,,,,-0.105713741163234,0.105713723916394,7.47772592129239e-13,-0.105713725050298,-0.0145020831352563,-4.76016436964466e-10,0.105713747024748,2.38865595305123e-09
right,-1.5707963267948966,0.1962750000000001,-1.3745213267948966,1.7670713267948965,-1.570796326745035,0.19627499759073508,1.0955830909153974e-08,-2.4092650097173873e-09,-0.164027602864264,-1.79705870598119e-09,0.164027602864264,-1.5707963158390656,1.47433676525463e-09,-0.134300207627801,-0.00452512590842656,1.84057609961012e-08,1.33892806564173e-09,,,,,,,,,-0.1057137405496,0.105713723302583,5.49068881667271e-13,-0.105713724436188,-0.0145020830456787,-3.9986277644752e-10,0.105713746411524,1.43299561233498e-09
right,-1.3089969389957472,0.1962750000000001,-1.112721938995747,1.5052719389957474,-1.308996938949765,0.19627499728919495,1.0952873052971768e-08,-2.7108051359192586e-09,-0.158438497322489,-0.0424534692675113,0.16402760281933002,-1.3089969280428742,1.47433676525463e-09,-0.134300207627801,-0.00452512591884797,2.07112198779015e-08,1.33892809339731e-09,,,,,,,,,-0.105713740044927,0.105713722797763,3.80740156047933e-13,-0.105713723931122,-0.0145020829720069,-3.36452900141139e-10,0.105713745907187,6.29837316250815e-10
right,-1.0471975511965979,0.1962750000000001,-0.8509225511965978,1.2434725511965978,-1.0471975511549205,0.19627499705128942,1.0949268824944625e-08,-2.948710664529841e-09,-0.142052070034712,-0.0820138029473063,0.16402760278387998,-1.047197540247329,1.47433676525463e-09,-0.134300207627801,-0.00452512592707005,2.25302212892287e-08,1.33892806564173e-09,,,,,,,,,-0.10571373964676,0.105713722399481,2.43101128235969e-13,-0.105713723532645,-0.0145020829138827,-2.85773855387729e-10,0.105713745509285,-2.18765149843148e-11
right,-0.7853981633974483,0.1962750000000001,-0.5891231633974482,0.9816731633974484,-0.7853981633604915,0.19627499687586847,1.0945041761800667e-08,-3.1241316200691926e-09,-0.115985028942311,-0.115985031481233,0.16402760275774114,-0.7853981524524065,1.47433676525463e-09,-0.134300207627801,-0.0045251259331323,2.38715266338674e-08,1.33892809339731e-09,,,,,,,,,-0.10571373935319,0.105713722105825,1.3639056047053e-13,-0.105713723238844,-0.0145020828710273,-2.47835635654057e-10,0.10571374521591,-5.23008707233539e-10
right,-0.5235987755982987,0.1962750000000001,-0.3273237755982986,0.7198737755982988,-0.523598775566466,0.196274996762111,1.0940206962573029e-08,-3.2378890957307505e-09,-0.082013799816317,-0.142052071792636,0.16402760274079214,-0.5235987646580917,1.47433676525463e-09,-0.134300207627801,-0.00452512593706338,2.47414776139033e-08,1.33892807951952e-09,,,,,,,,,-0.105713739162826,0.105713721915405,6.07918279852555e-14,-0.105713723048328,-0.0145020828432376,-2.22671764057983e-10,0.105713745025672,-8.74194529623158e-10
right,-0.2617993877991496,0.1962750000000001,-0.06552438779914949,0.45807438779914966,-0.26179938777283396,0.19627499670937604,1.0934768701620357e-08,-3.2906240510222062e-09,-0.0424534657773058,-0.158438498168245,0.16402760273293593,-0.2617993768643809,1.47433676525463e-09,-0.134300207627801,-0.0045251259388853,2.51449903506418e-08,1.33892807951952e-09,,,,,,,,,-0.105713739074604,0.105713721827155,1.64383444064398e-14,-0.105713722960031,-0.0145020828303582,-2.10342079519511e-10,0.105713744937505,-1.07577256878233e-09
right,0.0,0.1962750000000001,0.1962750000000001,0.1962750000000001,2.0415488743985577e-11,0.19627499671721949,1.092874590274398e-08,-3.2827806029089857e-09,1.7926159913173e-09,-0.164027602734108,0.164027602734108,1.092874590274398e-08,1.47433676525463e-09,-0.134300207627801,-0.00452512593861342,2.50854663034692e-08,1.33892807951952e-09,,,,,,,,,-0.105713739087778,0.105713721840331,3.42053977358856e-15,-0.105713722973208,-0.0145020828322807,-2.1093154426842e-10,0.105713744950668,-1.12782992798523e-09
right,0.2617993877991496,0.1962750000000001,0.45807438779914966,-0.06552438779914949,0.2617993878132846,0.1962749967860924,1.092213608444581e-08,-3.213907695531759e-09,0.0424534692432419,-0.158438497251394,0.16402760274437614,0.26179939872128566,1.47433676525463e-09,-0.134300207627801,-0.00452512593623218,2.45594283561142e-08,1.33892806564173e-09,,,,,,,,,-0.105713739203104,0.105713721955689,2.17938047365782e-14,-0.105713723088616,-0.0145020828491151,-2.24552071841499e-10,0.105713745065913,-1.03012740802205e-09
right,0.5235987755982987,0.1962750000000001,0.7198737755982988,-0.3273237755982986,0.5235987756057805,0.1962749969161515,1.091494550298222e-08,-3.0838485931550252e-09,0.0820138029323714,-0.142052070020104,0.16402760276376163,0.5235987865132442,1.47433676525463e-09,-0.134300207627801,-0.00452512593173597,2.35659389853371e-08,1.33892806564173e-09,,,,,,,,,-0.10571373942085,0.105713722173496,7.15639648068122e-14,-0.105713723306522,-0.0145020828809003,-2.51341240924383e-10,0.105713745283509,-7.82390388876343e-10
right,0.7853981633974478,0.1962750000000001,0.9816731633974479,-0.5891231633974477,0.7853981633979086,0.1962749971071775,1.0907175274077474e-08,-2.892822592581723e-09,0.115985031501231,-0.115985028971093,0.16402760279223383,0.7853981743046231,1.47433676525463e-09,-0.134300207627801,-0.0045251259251324,2.21065491573343e-08,1.33892806564173e-09,,,,,,,,,-0.105713739740651,0.105713722493386,1.52739255897744e-13,-0.105713723626561,-0.0145020829275836,-2.91467473797906e-10,0.105713745603089,-3.84082124744792e-10
right,1.0471975511965974,0.1962750000000001,1.2434725511965974,-0.8509225511965973,1.047197551189668,0.19627499735972204,1.0898827396133015e-08,-2.640278051746492e-09,0.14205207186639,-0.0820137998667364,0.1640276028298747,1.0471975620954248,1.47433676525463e-09,-0.134300207627801,-0.00452512591640236,2.01769250938618e-08,1.33892806564173e-09,,,,,,,,,-0.105713740163429,0.105713722916285,2.65284314193075e-13,-0.105713724049658,-0.0145020829892994,-3.4512562847504e-10,0.105713746025577,1.65590959637645e-10
right,1.3089969389957474,0.1962750000000001,1.5052719389957474,-1.1127219389957475,1.30899693898106,0.19627499767453005,1.0889898316435165e-08,-2.325470038755384e-09,0.158438498305297,-0.0424534658216483,0.16402760287679466,1.3089969498856457,1.47433676525463e-09,-0.134300207627801,-0.00452512590552023,1.77712885794528e-08,1.33892809339731e-09,,,,,,,,,-0.105713740690428,0.105713723443433,4.09116360057874e-13,-0.105713724577055,-0.0145020830662293,-4.12537740906209e-10,0.105713746552214,8.67659957909368e-10
right,1.5707963267948966,0.1962750000000001,1.7670713267948965,-1.3745213267948966,1.570796326772085,0.196274998052675,1.0880387035783201e-08,-1.947325078965889e-09,0.164027602933153,1.78468377849697e-09,0.164027602933153,1.5707963376752836,1.47433676525463e-09,-0.134300207627801,-0.00452512589244905,1.48813783776064e-08,1.33892807951952e-09,,,,,,,,,-0.105713741323435,0.105713724076621,5.84081880824323e-13,-0.105713725210542,-0.0145020831586342,-4.93949218149617e-10,0.105713747184787,1.72328039827457e-09
right,1.8325957145940457,0.1962750000000001,2.0288707145940457,-1.6363207145940457,1.8325957145627352,0.196274998495385,1.0870282007857668e-08,-1.5046150991793183e-09,0.158438497499674,0.0424534693009627,0.16402760299913546,1.8325957254643277,1.47433676525463e-09,-0.134300207627801,-0.00452512587714594,1.14976551541312e-08,1.33892809339731e-09,,,,,,,,,-0.10571374206453,0.105713724817927,7.899524164412e-13,-0.105713725952199,-0.0145020832668175,-5.89635535465054e-10,0.105713747925374,2.73383048792541e-09
right,2.0943951023931957,0.1962750000000001,2.2906701023931957,-1.8981201023931957,2.0943951023530047,0.1962749990040049,1.0859576793365022e-08,-9.959951752236407e-10,0.142052070294132,0.0820138030800946,0.16402760307493844,2.0943951132527725,1.47433676525463e-09,-0.134300207627801,-0.00452512585956497,7.61001299544995e-09,1.33892807951952e-09,,,,,,,,,-0.105713742915932,0.105713725669574,1.02643265171001e-12,-0.10571372680425,-0.0145020833911035,-6.99906072740208e-10,0.105713748776195,3.90106483461253e-09
right,2.356194490192345,0.1962750000000001,2.552469490192345,-2.159919490192345,2.3561944901429053,0.1962749995799451,1.084827072617145e-08,-4.2005499079067476e-10,0.115985029238522,0.115985031754996,0.1640276031607736,2.3561945010406156,1.47433676525463e-09,-0.134300207627801,-0.00452512583965721,3.20756033083117e-09,1.33892806564173e-09,,,,,,,,,-0.105713743880015,0.105713726633932,1.293152293399e-12,-0.105713727769068,-0.0145020835318385,-8.25092230751899e-10,0.10571374973962,5.22673918756198e-09
right,2.617993877991494,0.1962750000000001,2.814268877991494,-2.421718877991494,2.6179938779324097,0.19627500022537991,1.0836345154530136e-08,2.2537982591330774e-10,0.0820138000891575,0.142052072231137,0.16402760325696542,2.617993888827839,1.47433676525463e-09,-0.134300207627801,-0.00452512581734745,1.72621739581444e-09,1.33892807951952e-09,,,,,,,,,-0.105713744960421,0.105713727714647,1.58955807653922e-12,-0.105713728850297,-0.0145020836895539,-9.65549958662292e-10,0.10571375081929,6.71226362615723e-09
right,2.879793265790643,0.1962750000000001,3.076068265790643,-2.683518265790643,2.87979326572153,0.1962750009418901,1.0823796525727403e-08,9.418900104307681e-10,0.0424534659581547,0.158438498772853,0.16402760336374952,2.8797932766144396,1.47433676525463e-09,-0.134300207627801,-0.00452512579258127,7.20336757170061e-09,1.33892807951952e-09,,,,,,,,,-0.105713746159785,0.105713728914355,1.91494143613896e-12,-0.105713730050576,-0.0145020838646347,-1.12167486994614e-09,0.105713752017838,8.35978096383346e-09
right,3.141592653589793,0.1962750000000001,3.337867653589793,-2.945317653589793,3.141592653510255,0.19627500173117518,1.0810604212499746e-08,1.7311750921678026e-09,-1.77323741144385e-09,0.164027603481378,0.164027603481378,-3.1415926427791896,1.47433676525463e-09,-0.134300207627801,-0.00452512576529966,1.32367958856986e-08,1.33892807951952e-09,,,,,,,,,-0.105713747480963,0.105713730235911,2.26854939816473e-12,-0.105713731372762,-0.0145020840574974,-1.29387559746318e-09,0.105713753338119,1.01711581993062e-08
right,-3.141592653589793,0.22435000000000016,-2.917242653589793,3.3659426535897934,-3.14159265352908,0.22435000040463993,1.0877152067934048e-08,4.046397661383594e-10,-1.82880641967522e-09,0.168132830977634,0.168132830977634,-3.141592642712641,1.47433676525463e-09,-0.134300207627801,-0.00356708168422344,3.1035364422556e-09,1.35889527408395e-09,,,,,,,,,-0.152778690884895,0.15277867314694,2.16260346740159e-12,-0.152778674478703,-0.0215393029114809,-1.14188474065015e-09,0.152778696865529,9.0167697291095e-09
right,-2.8797932657906435,0.22435000000000016,-2.6554432657906433,3.104143265790644,-2.87979326573023,0.22434999962094992,1.0879449785505813e-08,-3.7905023564377416e-10,-0.0435159805010599,0.162403843103674,0.16813283086242076,-2.8797932549111938,1.47433676525463e-09,-0.134300207627801,-0.00356708171079075,2.90255637496405e-09,1.35889524632837e-09,,,,,,,,,-0.152778689562638,0.152778671824268,1.82277348787677e-12,-0.152778673155366,-0.0215393027089129,-1.00118250115086e-09,0.152778695544205,7.26757223189956e-09
right,-2.6179938779914944,0.22435000000000016,-2.393643877991494,2.8423438779914947,-2.6179938779319247,0.22434999891767515,1.0880926826217774e-08,-1.0823250073954682e-09,-0.0840664169638573,0.145607301732789,0.16813283075902985,-2.6179938671105676,1.47433676525463e-09,-0.134300207627801,-0.00356708173463169,8.29239668098852e-09,1.35889526020616e-09,,,,,,,,,-0.152778688376072,0.15277867063733,1.50974825627791e-12,-0.15277867196783,-0.0215393025271325,-8.73750365199187e-10,0.152778694358475,5.68101744051584e-09
right,-2.356194490192345,0.22435000000000016,-2.1318444901923446,2.580544490192345,-2.356194490134155,0.22434999829320512,1.0881594292300178e-08,-1.706795038636244e-09,-0.118887865998574,0.118887863411195,0.16813283066722529,-2.3561944793107505,1.47433676525463e-09,-0.134300207627801,-0.00356708175580127,1.30783955417106e-08,1.35889524632837e-09,,,,,,,,,-0.152778687322464,0.152778669583391,1.22458439693102e-12,-0.152778670913359,-0.0215393023657209,-7.59433050562543e-10,0.15277869330561,4.25438182635102e-09
right,-2.0943951023931957,0.22435000000000016,-1.8700451023931954,2.318745102393196,-2.09439510233689,0.22434999774513997,1.0881496592674011e-08,-2.2548601874561314e-09,-0.145607303412995,0.0840664137089011,0.16813283058665282,-2.094395091511699,1.47433676525463e-09,-0.134300207627801,-0.00356708177438053,1.72788994257888e-08,1.35889528796174e-09,,,,,,,,,-0.152778686397774,0.15277866865841,9.67924820458965e-13,-0.152778669987911,-0.0215393022240593,-6.58117635184328e-10,0.152778692381572,2.98584262072104e-09
right,-1.832595714594046,0.22435000000000016,-1.6082457145940459,2.056945714594046,-1.8325957145401301,0.22434999727128002,1.088064172094505e-08,-2.72872013873382e-09,-0.162403843716925,0.0435159768777332,0.1681328305169898,-1.8325957037134042,1.47433676525463e-09,-0.134300207627801,-0.0035670817904443,2.0910568983274e-08,1.35889524632837e-09,,,,,,,,,-0.152778685598282,0.152778667858667,7.40551812217435e-13,-0.152778669187764,-0.0215393021015778,-5.6971631858679e-10,0.152778691582643,1.873682251545e-09
right,-1.5707963267948966,0.22435000000000016,-1.3464463267948963,1.7951463267948968,-1.570796326743845,0.22434999686985502,1.0879064760160873e-08,-3.130145143082075e-09,-0.168132830457977,-1.82912795651723e-09,0.168132830457977,-1.5707963159158318,1.47433676525463e-09,-0.134300207627801,-0.00356708180405221,2.398715359019e-08,1.35889526020616e-09,,,,,,,,,-0.152778684921018,0.15277866718119,5.42947643133053e-13,-0.152778668509943,-0.0215393019978215,-4.94161836139447e-10,0.152778690905857,9.1617631419677e-10
right,-1.3089969389957472,0.22435000000000016,-1.0846469389957472,1.5333469389957473,-1.30899693894802,0.22434999653935006,1.0876782585711453e-08,-3.4606500998179968e-09,-0.162403842666195,-0.0435159803833734,0.168132830409389,-1.3089969281189646,1.47433676525463e-09,-0.134300207627801,-0.00356708181525617,2.65202453970109e-08,1.35889524632837e-09,,,,,,,,,-0.152778684363401,0.152778666623397,3.7557730809691e-13,-0.152778667951867,-0.0215393019123948,-4.3141301617325e-10,0.152778690348632,1.11872042432414e-10
right,-1.0471975511965979,0.22435000000000016,-0.8228475511965977,1.2715475511965981,-1.0471975511526441,0.22434999627833602,1.0873813627299e-08,-3.7216641435300346e-09,-0.14560730139736,-0.0840664167688163,0.1681328303710193,-1.0471975403227842,1.47433676525463e-09,-0.134300207627801,-0.00356708182410408,2.85206976542081e-08,1.35889527408395e-09,,,,,,,,,-0.152778683923046,0.152778666182902,2.38728860783984e-13,-0.152778667511147,-0.0215393018449323,-3.8145499396959e-10,0.152778689908586,-5.40363215276893e-10
right,-0.7853981633974483,0.22435000000000016,-0.5610481633974481,1.0097481633974486,-0.785398163357709,0.22434999608559097,1.0870175870536514e-08,-3.914409185679091e-09,-0.118887863183067,-0.118887865767731,0.16813283034268375,-0.7853981525272724,1.47433676525463e-09,-0.134300207627801,-0.00356708183063788,2.99979580058863e-08,1.35889526020616e-09,,,,,,,,,-0.152778683597863,0.152778665857616,1.32671035267231e-13,-0.152778667185693,-0.0215393017951142,-3.44298394426317e-10,0.152778689583631,-1.04138164077624e-09
right,-0.5235987755982987,0.22435000000000016,-0.29924877559829854,0.7479487755982989,-0.523598775563187,0.22434999596022,1.0865889632505343e-08,-4.03978014928974e-09,-0.0840664135799747,-0.14560730318444,0.1681328303242552,-0.5235987647324091,1.47433676525463e-09,-0.134300207627801,-0.00356708183488741,3.09588680848596e-08,1.35889527408395e-09,,,,,,,,,-0.152778683386371,0.152778665646055,5.7620944959421e-14,-0.152778666974022,-0.0215393017627131,-3.19977037468615e-10,0.152778689372286,-1.39184691989599e-09
right,-0.2617993877991496,0.22435000000000016,-0.037449387799149414,0.48614938779914973,-0.26179938776908124,0.22434999590155574,1.0860961852099393e-08,-4.09844441717766e-09,-0.0435159768288144,-0.162403843521573,0.1681328303156331,-0.2617993769381877,1.47433676525463e-09,-0.134300207627801,-0.00356708183687564,3.14084835098659e-08,1.35889527408395e-09,,,,,,,,,-0.152778683287423,0.152778665547075,1.37028728083357e-14,-0.152778666874988,-0.0215393017475537,-3.08550954715043e-10,0.152778689273407,-1.59213472598865e-09
right,0.0,0.22435000000000016,0.22435000000000016,0.22435000000000016,2.4620999683477862e-11,0.224349995909112,1.0855403847102462e-08,-4.0908881560053345e-09,1.82514977304463e-09,-0.168132830316746,0.168132830316746,1.0855403847102462e-08,1.47433676525463e-09,-0.134300207627801,-0.00356708183661896,3.1350648043017e-08,1.35889527408395e-09,,,,,,,,,-0.152778683300207,0.152778665559861,1.01688916829578e-15,-0.152778666887775,-0.0215393017495114,-3.10105572798331e-10,0.15277868928618,-1.64236936236079e-09
right,0.2617993877991496,0.22435000000000016,0.48614938779914973,-0.037449387799149414,0.2617993878179231,0.2243499959832719,1.0849218634589874e-08,-4.0167282555625405e-09,0.0435159803577417,-0.162403842588442,0.1681328303276514,0.2617993986483682,1.47433676525463e-09,-0.134300207627801,-0.00356708183410429,3.07823645174026e-08,1.35889526020616e-09,,,,,,,,,-0.152778683425369,0.15277866568506,1.96233527137023e-14,-0.152778667013033,-0.0215393017686852,-3.24753327997058e-10,0.152778689411253,-1.54235686916891e-09
right,0.5235987755982987,0.22435000000000016,0.7479487755982989,-0.29924877559829854,0.5235987756108276,0.22434999612448353,1.0842405973043867e-08,-3.8755166298365396e-09,0.0840664167529407,-0.145607301380424,0.1681328303484145,0.5235987864407047,1.47433676525463e-09,-0.134300207627801,-0.00356708182931655,2.97002338914748e-08,1.35889526020616e-09,,,,,,,,,-0.152778683663665,0.152778665923428,6.95192527353073e-14,-0.152778667251515,-0.0215393018051909,-3.52631911307878e-10,0.152778689649378,-1.29183993213292e-09
right,0.7853981633974478,0.22435000000000016,1.009748163397448,-0.5610481633974477,0.7853981634033445,0.22434999633228547,1.0834975139317748e-08,-3.6677146875163658e-09,0.118887865789202,-0.118887863212908,0.1681328303789668,0.785398174232423,1.47433676525463e-09,-0.134300207627801,-0.00356708182227142,2.81078142790965e-08,1.35889526020616e-09,,,,,,,,,-0.152778684014312,0.152778666274183,1.5070167508989e-13,-0.15277866760244,-0.0215393018589084,-3.9390978465119e-10,0.152778689999775,-8.90351079642958e-10
right,1.0471975511965974,0.22435000000000016,1.2715475511965977,-0.8228475511965972,1.047197551195468,0.224349996607282,1.0826929131013685e-08,-3.3927181619652913e-09,0.145607303263561,-0.0840664136332192,0.16813283041939825,1.0471975620235265,1.47433676525463e-09,-0.134300207627801,-0.00356708181294823,2.60004685923937e-08,1.35889526020616e-09,,,,,,,,,-0.152778684478338,0.152778666738351,2.63123043890399e-13,-0.152778668066837,-0.0215393019299955,-4.48782223746951e-10,0.152778690463472,-3.37133091675229e-10
right,1.3089969389957474,0.22435000000000016,1.5333469389957477,-1.0846469389957472,1.30899693898721,0.22434999695025004,1.0818262952128066e-08,-3.0497501191106835e-09,0.162403843668651,-0.0435159768756561,0.16813283046982308,1.3089969498140104,1.47433676525463e-09,-0.134300207627801,-0.00356708180132078,2.3372267929844e-08,1.35889526020616e-09,,,,,,,,,-0.15277868505705,0.152778667317241,4.0667866207127e-13,-0.152778668646011,-0.0215393020186521,-5.17471588944084e-10,0.152778691041772,3.68792748746083e-10
right,1.5707963267948966,0.22435000000000016,1.7951463267948968,-1.3464463267948963,1.57079632677855,0.22434999736228,1.0808968831099719e-08,-2.6377201534089068e-09,0.168132830530401,1.81734251582573e-09,0.168132830530401,1.5707963376038654,1.47433676525463e-09,-0.134300207627801,-0.00356708178735196,2.02147909394061e-08,1.35889527408395e-09,,,,,,,,,-0.15277868575229,0.152778668012697,5.81184601232888e-13,-0.15277866934181,-0.0215393021251608,-6.00223969417118e-10,0.15277869173652,1.22851282625671e-09
right,1.8325957145940457,0.22435000000000016,2.056945714594046,-1.6082457145940454,1.832595714569505,0.22434999784464504,1.0799043215214965e-08,-2.155355116606472e-09,0.162403842854968,0.0435159804204233,0.16813283060131892,1.832595725393089,1.47433676525463e-09,-0.134300207627801,-0.00356708177099878,1.65183020522763e-08,1.35889527408395e-09,,,,,,,,,-0.152778686566202,0.152778668826861,7.86408169010646e-13,-0.152778670156376,-0.0215393022498498,-6.97314801426421e-10,0.152778692549855,2.24332237714198e-09
right,2.0943951023931957,0.22435000000000016,2.318745102393196,-1.8700451023931954,2.09439510236006,0.2243499983987599,1.078847189361909e-08,-1.6012402515031e-09,0.145607301674532,0.0840664169122732,0.16813283068278576,2.0943951131816676,1.47433676525463e-09,-0.134300207627801,-0.00356708175221331,1.22719293199734e-08,1.35889528796174e-09,,,,,,,,,-0.152778687501169,0.152778669762118,1.0220020485778e-12,-0.152778671092096,-0.0215393023930841,-8.09051793091297e-10,0.152778693484159,3.41484085160851e-09
right,2.356194490192345,0.22435000000000016,2.580544490192345,-2.1318444901923446,2.356194490150215,0.2243499990259652,1.0777256420624326e-08,-9.74034963796555e-10,0.118887863499806,0.118887866062376,0.16813283077499755,2.3561945009696013,1.47433676525463e-09,-0.134300207627801,-0.00356708173094991,7.465475378104e-09,1.35889527408395e-09,,,,,,,,,-0.152778688559463,0.152778670820741,1.28753563506355e-12,-0.152778672151244,-0.0215393025552119,-9.35767994952068e-10,0.152778694541703,4.74484786193337e-09
right,2.617993877991494,0.22435000000000016,2.8423438779914942,-2.3936438779914937,2.6179938779399654,0.22434999972847502,1.0765374813814788e-08,-2.7152513570882775e-10,0.0840664138716231,0.14560730365579,0.16813283087828046,2.617993888756869,1.47433676525463e-09,-0.134300207627801,-0.00356708170713367,2.08182699628086e-09,1.35889527408395e-09,,,,,,,,,-0.152778689744814,0.152778672006459,1.5824521839036e-12,-0.152778673337551,-0.0215393027368045,-1.07781728368213e-09,0.152778695726214,6.23449462221996e-09
right,2.879793265790643,0.22435000000000016,3.1041432657906434,-2.655443265790643,2.879793265729305,0.22435000050785492,1.0752823964566005e-08,5.07854758247106e-10,0.043515977021657,0.162403844171023,0.16813283099286497,2.879793276543467,1.47433676525463e-09,-0.134300207627801,-0.00356708168071149,3.89102286823199e-09,1.35889527408395e-09,,,,,,,,,-0.152778691059863,0.152778673321917,1.90598759586634e-12,-0.152778674653662,-0.0215393029382668,-1.23559249946227e-09,0.152778697040331,7.88581137990495e-09
right,3.141592653589793,0.22435000000000016,3.3659426535897934,-2.917242653589793,3.14159265351823,0.2243500013659201,1.0739585466060524e-08,1.3659199327165084e-09,-1.8056769213586e-09,0.168132831119017,0.168132831119017,-3.141592642850208,1.47433676525463e-09,-0.134300207627801,-0.0035670816516218,1.04669107515696e-08,1.35889527408395e-09,,,,,,,,,-0.152778692507675,0.152778674770179,2.2573029654908e-12,-0.152778676102643,-0.0215393031600681,-1.40949675425376e-09,0.152778698487118,9.70035323049755e-09
right,-3.141592653589793,0.252425,-2.889167653589793,3.3940176535897932,-3.1415926535310197,0.25242499989428,1.0845006670479052e-08,-1.0571998831920837e-10,-1.86728137950035e-09,0.172178900228871,0.172178900228871,-3.1415926427447864,1.47433676525463e-09,-0.134300207627801,-0.00262885204868962,8.47800165340931e-10,1.37844946568322e-09,,,,,,,,,-0.200206944966733,0.20020692671253,2.14515589200891e-12,-0.200206928211585,-0.0289640807057997,-1.23817561564968e-09,0.200206951077895,8.52379354788609e-09
right,-2.8797932657906435,0.252425,-2.6273682657906434,3.1322182657906437,-2.879793265731535,0.252424999044335,1.0848187681489208e-08,-9.556649915865023e-10,-0.0445631803163797,0.166312045870845,0.17217890010583822,-2.879793254942456,1.47433676525463e-09,-0.134300207627801,-0.00262885207686471,7.34179724717359e-09,1.37844943792764e-09,,,,,,,,,-0.200206943522108,0.20020692526741,1.80792211153039e-12,-0.200206926765704,-0.0289640804745734,-1.09775758962446e-09,0.200206949634332,6.76875291630754e-09
right,-2.6179938779914944,0.252425,-2.3655688779914943,2.8704188779914945,-2.617993877932605,0.25242499828089504,1.0850508047610674e-08,-1.7191049694886829e-09,-0.0860894516155973,0.1491113004575,0.17217889999532787,-2.6179938671409864,1.47433676525463e-09,-0.134300207627801,-0.00262885210217218,1.32070242530998e-08,1.37844945180543e-09,,,,,,,,,-0.200206942224513,0.20020692396937,1.49715609451877e-12,-0.200206925466981,-0.0289640802668806,-9.70671375588205e-10,0.200206948337691,5.17707337180615e-09
right,-2.356194490192345,0.252425,-2.1037694901923447,2.608619490192345,-2.35619449013423,0.25242499760204007,1.0851989973303944e-08,-2.3979599417245367e-09,-0.121748869015668,0.121748866373233,0.17217889989705948,-2.356194479340355,1.47433676525463e-09,-0.134300207627801,-0.00262885212467591,1.84224133390502e-08,1.37844945180543e-09,,,,,,,,,-0.200206941070677,0.200206922815138,1.21386232188301e-12,-0.200206924312141,-0.028964080082198,-8.56767050455894e-10,0.200206947184705,3.74626167500795e-09
right,-2.0943951023931957,0.252425,-1.8419701023931956,2.346820102393196,-2.09439510233638,0.25242499700589005,1.0852657439386348e-08,-2.9941099599639642e-09,-0.149111302166078,0.086089448287129,0.17217889981076567,-2.0943950915405383,1.47433676525463e-09,-0.134300207627801,-0.00262885214443773,2.30023751016796e-08,1.37844945180543e-09,,,,,,,,,-0.200206940057429,0.200206921801542,9.58868759611534e-13,-0.20020692329801,-0.0289640799200175,-7.55922885486784e-10,0.200206946172201,2.47407534696681e-09
right,-1.832595714594046,0.252425,-1.580170714594046,2.085020714594046,-1.832595714539055,0.25242499649002503,1.0852531318050751e-08,-3.5099749773337408e-09,-0.166312046480751,0.0445631766115914,0.17217889973609243,-1.8325957037415146,1.47433676525463e-09,-0.134300207627801,-0.00262885216153823,2.69654338408967e-08,1.37844947956101e-09,,,,,,,,,-0.200206939180636,0.200206920924448,7.32879509172827e-13,-0.200206922420452,-0.028964079779678,-6.68054313399186e-10,0.200206945296053,1.35899827471454e-09
right,-1.5707963267948966,0.252425,-1.3183713267948964,1.8232213267948967,-1.570796326742215,0.252424996052645,1.0851642917586446e-08,-3.947354998423691e-09,-0.172178899672782,-1.86842395402464e-09,0.172178899672782,-1.5707963159432536,1.47433676525463e-09,-0.134300207627801,-0.00262885217603681,3.03256471011179e-08,1.37844946568322e-09,,,,,,,,,-0.20020693843725,0.200206920180806,5.36472273886639e-13,-0.200206921676418,-0.0289640796606917,-5.93094590110034e-10,0.200206944553213,3.99307003207395e-10
right,-1.3089969389957472,0.252425,-1.0565719389957473,1.561421938995747,-1.30899693894586,0.25242499569216004,1.0850008225204988e-08,-4.307839973627381e-09,-0.16631204540206,-0.0445631801910936,0.17217889962060026,-1.308996928145739,1.47433676525463e-09,-0.134300207627801,-0.00262885218798651,3.30951551931434e-08,1.37844947956101e-09,,,,,,,,,-0.200206937824556,0.2002069195679,3.70058992840464e-13,-0.200206921063187,-0.0289640795626232,-5.31002333083335e-10,0.200206943940968,-4.06472017989327e-10
right,-1.0471975511965979,0.252425,-0.7947725511965978,1.299622551196598,-1.0471975511499712,0.252424995407169,1.0847647446965425e-08,-4.592831004401887e-09,-0.149111300097498,-0.0860894514071813,0.17217889957934898,-1.0471975403489504,1.47433676525463e-09,-0.134300207627801,-0.00262885219743338,3.52845640127043e-08,1.37844945180543e-09,,,,,,,,,-0.200206937340191,0.200206919083368,2.34025315308128e-13,-0.200206920578397,-0.0289640794850955,-4.81761769417575e-10,0.200206943456959,-1.05953218330691e-09
right,-0.7853981633974483,0.252425,-0.5329731633974483,1.0378231633974484,-0.785398163354534,0.25242499519640604,1.0844577236213127e-08,-4.8035939670398875e-09,-0.121748866127909,-0.121748868768539,0.17217889954884263,-0.785398152552871,1.47433676525463e-09,-0.134300207627801,-0.00262885220441959,3.69037658726147e-08,1.37844947956101e-09,,,,,,,,,-0.200206936981991,0.200206918725044,1.28666161674882e-13,-0.200206920219881,-0.0289640794277615,-4.45383113565667e-10,0.200206943099021,-1.56075857705235e-09
right,-0.5235987755982987,0.252425,-0.2711737755982987,0.7760237755982987,-0.523598775559545,0.252424995058947,1.0840812025847413e-08,-4.94105301118708e-09,-0.0860894481479852,-0.149111301920995,0.17217889952894566,-0.5235987647574867,1.47433676525463e-09,-0.134300207627801,-0.00262885220897594,3.79598274845445e-08,1.37844946568322e-09,,,,,,,,,-0.200206936748379,0.20020691849135,5.41572213944784e-14,-0.20020691998606,-0.0289640793903688,-4.21900590009521e-10,0.20020694286558,-1.9108384331111e-09
right,-0.2617993877991496,0.252425,-0.009374387799149564,0.5142243877991496,-0.2617993877649871,0.2524249949940739,1.0836365360589184e-08,-5.005926118073489e-09,-0.0445631765582367,-0.166312046270874,0.17217889951955762,-0.2617993769627842,1.47433676525463e-09,-0.134300207627801,-0.002628852211126,3.845821597731e-08,1.37844946568322e-09,,,,,,,,,-0.200206936638146,0.200206918381077,1.06696386641047e-14,-0.200206919875725,-0.0289640793727241,-4.11374436407548e-10,0.200206942755426,-2.1101857383183e-09
right,0.0,0.252425,0.252425,0.252425,2.914549157573276e-11,0.25242499500127547,1.0831244744489e-08,-4.998724545401956e-09,1.86491180054442e-09,-0.172178899520602,0.172178899520602,1.0831244744489e-08,1.47433676525463e-09,-0.134300207627801,-0.00262885221088679,3.84029212913972e-08,1.37844945180543e-09,,,,,,,,,-0.200206936650419,0.200206918393352,-1.70287011128388e-15,-0.200206919888002,-0.0289640793746878,-4.13890512448391e-10,0.200206942767688,-2.15896316104292e-09
right,0.2617993877991496,0.252425,0.5142243877991496,-0.009374387799149564,0.26179938782285694,0.25242499508082505,1.0825455365459646e-08,-4.9191749562638165e-09,0.0445631801641096,-0.166312045317688,0.1721788995321192,0.26179939862460494,1.47433676525463e-09,-0.134300207627801,-0.00262885220824924,3.77917718808138e-08,1.37844946568322e-09,,,,,,,,,-0.200206936785663,0.200206918528641,1.71081843886876e-14,-0.200206920023356,-0.0289640793963339,-4.29561628420727e-10,0.200206942902831,-2.05703212492815e-09
right,0.5235987755982987,0.252425,0.7760237755982987,-0.2711737755982987,0.5235987756161475,0.2524249952335405,1.0818995921368924e-08,-4.7664595048679814e-09,0.0860894513903484,-0.149111300078209,0.17217889955422774,0.5235987864172946,1.47433676525463e-09,-0.134300207627801,-0.00262885220318625,3.6618533922981e-08,1.37844945180543e-09,,,,,,,,,-0.200206937045267,0.200206918788331,6.70900590011529e-14,-0.200206920283178,-0.0289640794378851,-4.58525928997811e-10,0.200206943162242,-1.80413777599631e-09
right,0.7853981633974478,0.252425,1.037823163397448,-0.5329731633974478,0.785398163409028,0.25242499545866204,1.0811875172933583e-08,-4.541337972341353e-09,0.12174886879141,-0.121748866158743,0.17217889958681779,0.785398174209323,1.47433676525463e-09,-0.134300207627801,-0.00262885219572304,3.48890402035659e-08,1.37844945180543e-09,,,,,,,,,-0.200206937427939,0.200206919171132,1.48228335081804e-13,-0.200206920666175,-0.0289640794991343,-5.00951531088918e-10,0.200206943544631,-1.39990472050194e-09
right,1.0471975511965974,0.252425,1.2996225511965975,-0.7947725511965974,1.0471975512014926,0.2524249957568475,1.0804090955218726e-08,-4.243152496030689e-09,0.149111302005336,-0.0860894482039803,0.17217889962998464,1.0471975620006884,1.47433676525463e-09,-0.134300207627801,-0.00262885218583766,3.25981760029774e-08,1.37844945180543e-09,,,,,,,,,-0.200206937934804,0.200206919678167,2.604609269811e-13,-0.200206921173471,-0.0289640795802617,-5.57034152509662e-10,0.20020694405112,-8.43612073781668e-10
right,1.3089969389957474,0.252425,1.5614219389957475,-1.0565719389957473,1.30899693899355,0.2524249961289,1.0795645044581192e-08,-3.871099996111127e-09,0.166312046427748,-0.0445631766075294,0.17217889968384412,1.3089969497913925,1.47433676525463e-09,-0.134300207627801,-0.00262885217350362,2.97399332319987e-08,1.37844945180543e-09,,,,,,,,,-0.200206938567221,0.200206920310799,4.0366663256426e-13,-0.200206921806429,-0.0289640796814851,-6.26996386022124e-10,0.20020694468307,-1.34337810207844e-10
right,1.5707963267948966,0.252425,1.8232213267948967,-1.3183713267948964,1.570796326785195,0.252424996575925,1.0786528559236785e-08,-3.424075023517048e-09,0.172178899748556,1.85721259578138e-09,0.172178899748556,1.5707963375814251,1.47433676525463e-09,-0.134300207627801,-0.00262885215868421,2.63055961621984e-08,1.37844946568322e-09,,,,,,,,,-0.200206939327069,0.200206921070904,5.77641421153375e-13,-0.200206922566927,-0.0289640798031047,-7.11084870749545e-10,0.200206945442356,7.2893496203668e-10
right,1.8325957145940457,0.252425,2.085020714594046,-1.5801707145940456,1.832595714576425,0.25242499709921495,1.0776735948070382e-08,-2.9007850566031834e-09,0.166312045602091,0.0445631802316307,0.17217889982430715,1.8325957253707816,1.47433676525463e-09,-0.134300207627801,-0.00262885214133686,2.22854686524534e-08,1.37844946568322e-09,,,,,,,,,-0.200206940216535,0.200206921960671,7.82113960849485e-13,-0.200206923457156,-0.0289640799454709,-8.09574925570931e-10,0.200206946331165,1.74741685042233e-09
right,2.0943951023931957,0.252425,2.346820102393196,-1.8419701023931956,2.094395102367225,0.252424997700225,1.0766251890004241e-08,-2.2997750370734593e-09,0.149111300391992,0.0860894515610249,0.17217889991131005,2.0943951131594476,1.47433676525463e-09,-0.134300207627801,-0.00262885212141292,1.76682443265232e-08,1.37844945180543e-09,,,,,,,,,-0.200206941238111,0.200206922982594,1.01670204588729e-12,-0.200206924479609,-0.0289640801089827,-9.22772596616606e-10,0.200206947351986,2.92257298142718e-09
right,2.356194490192345,0.252425,2.608619490192345,-2.1037694901923447,2.3561944901576153,0.2524249983802449,1.0755077717305994e-08,-1.6197551078178662e-09,0.121748866464716,0.121748869083553,0.17217890000974967,2.3561945009474226,1.47433676525463e-09,-0.134300207627801,-0.00262885209886974,1.24439855479822e-08,1.37844945180543e-09,,,,,,,,,-0.200206942393983,0.200206924138859,1.28096776486737e-12,-0.200206925636475,-0.0289640802939897,-1.05101206328427e-09,0.200206948507006,4.2562238380003e-09
right,2.617993877991494,0.252425,2.870418877991494,-2.365568877991494,2.61799387794757,0.25242499914147,1.0743202771834603e-08,-8.585300248498129e-10,0.0860894484580395,0.149111302424412,0.17217890011994472,2.6179938887346967,1.47433676525463e-09,-0.134300207627801,-0.00262885207363463,6.59582094861862e-09,1.37844946568322e-09,,,,,,,,,-0.200206943687882,0.200206925433197,1.57425729228319e-12,-0.200206926931485,-0.028964080501089,-1.1946448919251e-09,0.20020694979995,5.74923450292055e-09
right,2.879793265790643,0.252425,3.132218265790643,-2.627368265790643,2.87979326573709,0.25242499998550993,1.0730606181397206e-08,-1.449007580589523e-11,0.0445631767628404,0.166312046964109,0.17217890024212654,2.8797932765212493,1.47433676525463e-09,-0.134300207627801,-0.00262885204565445,4.06085640695372e-10,1.37844946568322e-09,,,,,,,,,-0.200206945122528,0.200206926868331,1.895804352719e-12,-0.200206928367366,-0.0289640807307164,-1.35406088502398e-09,0.200206951233537,7.40352636015654e-09
right,3.141592653589793,0.252425,3.3940176535897932,-2.889167653589793,3.1415926535261747,0.25242500091395503,1.0717281529585014e-08,9.139550227743598e-10,-1.84528983202839e-09,0.172178900376527,0.172178900376527,-3.1415926428725114,1.47433676525463e-09,-0.134300207627801,-0.00262885201487602,7.02133112821506e-09,1.37844946568322e-09,,,,,,,,,-0.20020694670065,0.20020692844699,2.24466903560164e-12,-0.200206929946847,-0.0289640809833085,-1.5296609666603e-09,0.200206952810495,9.22051740567923e-09
right,-3.141592653589793,0.2805000000000001,-2.861092653589793,3.422092653589793,-3.141592653532335,0.280499999291155,1.0864017241374313e-08,-7.088450937331459e-10,-1.91379557526102e-09,0.176159102226349,0.176159102226349,-3.141592642725776,1.47433676525463e-09,-0.134300207627801,-0.0017128300487259,5.45701559877783e-09,1.3975408330591e-09,,,,,,,,,-0.247973262564788,0.24797324376666,2.12682421758649e-12,-0.247973245402821,-0.0367602920005509,-1.3388231676479e-09,0.247973268815298,8.03311567898767e-09
right,-2.8797932657906435,0.2805000000000001,-2.5992932657906436,3.1602932657906435,-2.87979326573224,0.28049999837348016,1.0868070887681824e-08,-1.6265199187515123e-09,-0.0455933324398266,0.170156625754714,0.17615910209579957,-2.8797932549225727,1.47433676525463e-09,-0.134300207627801,-0.00171283007838103,1.25221915317264e-08,1.39754080530352e-09,,,,,,,,,-0.247973260994385,0.247973242195666,1.79230581992331e-12,-0.24797324383096,-0.0367602917389744,-1.19868979513567e-09,0.247973267246103,6.27186954775546e-09
right,-2.6179938779914944,0.2805000000000001,-2.3374938779914944,2.8984938779914944,-2.617993877932725,0.280499997548435,1.08712256974286e-08,-2.451565062067118e-09,-0.0880795526477095,0.15255825646364,0.17615910197842855,-2.6179938671202687,1.47433676525463e-09,-0.134300207627801,-0.00171283010504255,1.88741740192139e-08,1.39754081918131e-09,,,,,,,,,-0.247973259582513,0.247973240783261,1.48389195173722e-12,-0.247973242417777,-0.0367602915038037,-1.07194823027675e-09,0.247973265835315,4.67465567086866e-09
right,-2.356194490192345,0.2805000000000001,-2.075694490192345,2.636694490192345,-2.356194490133765,0.280499996813965,1.0873507871878019e-08,-3.1860351024093347e-09,-0.124563296857237,0.124563294148357,0.17615910187394307,-2.356194479318837,1.47433676525463e-09,-0.134300207627801,-0.001712830128777,2.45288308943508e-08,1.3975408330591e-09,,,,,,,,,-0.247973258325644,0.247973239525917,1.20259663287015e-12,-0.247973241159739,-0.0367602912944512,-9.58452428115735e-10,0.247973264579412,3.2391818316529e-09
right,-2.0943951023931957,0.2805000000000001,-1.8138951023931957,2.3748951023931957,-2.09439510233536,0.2804999961683199,1.087492629281428e-08,-3.831680195354181e-09,-0.152558258209001,0.0880795492319875,0.1761591017820945,-2.0943950915182694,1.47433676525463e-09,-0.134300207627801,-0.0017128301496409,2.94995438728237e-08,1.39754081918131e-09,,,,,,,,,-0.247973257220788,0.247973238420644,9.49346955341652e-13,-0.247973240053855,-0.0367602911104189,-8.58078730068735e-10,0.247973263475405,1.96307523490309e-09
right,-1.832595714594046,0.2805000000000001,-1.5520957145940457,2.113095714594046,-1.8325957145374852,0.28049999560929495,1.0875514711017331e-08,-4.390705132806261e-09,-0.170156626366244,0.0455933286382356,0.17615910170256807,-1.8325957037185312,1.47433676525463e-09,-0.134300207627801,-0.0017128301677058,3.38033886053848e-08,1.39754080530352e-09,,,,,,,,,-0.247973256264155,0.24797323746365,7.2478376397675e-13,-0.247973239096331,-0.0367602909510756,-7.70739684474703e-10,0.247973262519507,8.44693982417159e-10
right,-1.5707963267948966,0.2805000000000001,-1.2902963267948966,1.8512963267948965,-1.570796326740125,0.280499995134895,1.0875299549795159e-08,-4.865105096563127e-09,-0.176159101635081,-1.91578300175148e-09,0.176159101635081,-1.570796315919597,1.47433676525463e-09,-0.134300207627801,-0.00171283018303606,3.74558371615615e-08,1.3975408330591e-09,,,,,,,,,-0.247973255452337,0.247973236651525,5.29585080852773e-13,-0.247973238283756,-0.0367602908158535,-6.96371552058634e-10,0.247973261708313,-1.17538711521762e-10
right,-1.3089969389957472,0.2805000000000001,-1.028496938995747,1.5894969389957474,-1.30899693894326,0.28049999474352993,1.0874295242047083e-08,-5.256470148040648e-09,-0.170156625255632,-0.0455933323072331,0.17615910157940567,-1.308996928121452,1.47433676525463e-09,-0.134300207627801,-0.00171283019568304,4.04689596595747e-08,1.39754079142573e-09,,,,,,,,,-0.247973254782615,0.247973235981549,3.64208144172078e-13,-0.247973237613408,-0.0367602907042995,-6.34932205522596e-10,0.247973261039104,-9.25158970082965e-10
right,-1.0471975511965979,0.2805000000000001,-0.7666975511965978,1.3276975511965978,-1.0471975511468852,0.28049999443379503,1.0872523104055176e-08,-5.566205052431883e-09,-0.152558256079803,-0.088079552426365,0.1761591015353437,-1.0471975403240747,1.47433676525463e-09,-0.134300207627801,-0.00171283020569186,4.28535629493623e-08,1.39754084693688e-09,,,,,,,,,-0.247973254252598,0.247973235451331,2.29032093841866e-13,-0.247973237082895,-0.036760290616016,-5.8640560686544e-10,0.247973260509493,-1.57940200294035e-09
right,-0.7853981633974483,0.2805000000000001,-0.5048981633974482,1.0658981633974483,-0.785398163350981,0.280499994204419,1.086999579236192e-08,-5.795581070611178e-09,-0.124563293886296,-0.124563296594301,0.17615910150271416,-0.7853981525274525,1.47433676525463e-09,-0.134300207627801,-0.00171283021310378,4.46195361117536e-08,1.39754080530352e-09,,,,,,,,,-0.247973253860101,0.247973235058684,1.243577071697e-13,-0.247973236690028,-0.0367602905506384,-5.50801564629551e-10,0.247973260117297,-2.08119578956719e-09
right,-0.5235987755982987,0.2805000000000001,-0.24309877559829862,0.8040987755982988,-0.5235987755555425,0.2804999940544345,1.0866732291781034e-08,-5.94556559541104e-09,-0.0880795490828797,-0.152558257947852,0.17615910148137892,-0.5235987647315664,1.47433676525463e-09,-0.134300207627801,-0.00171283021795026,4.57742555954182e-08,1.3975408330591e-09,,,,,,,,,-0.24797325360346,0.247973234801944,5.0396329980269e-14,-0.247973236433143,-0.0367602905078898,-5.28154504220583e-10,0.247973259860852,-2.43126031308737e-09
right,-0.2617993877991496,0.2805000000000001,0.018700612200850508,0.5422993877991497,-0.2617993877605584,0.2804999939831026,1.0862741706141321e-08,-6.016897480254357e-09,-0.0455933285805351,-0.170156626142209,0.17615910147123287,-0.26179937693640787,1.47433676525463e-09,-0.134300207627801,-0.00171283022025496,4.63234537250862e-08,1.3975408330591e-09,,,,,,,,,-0.24797325348142,0.247973234679857,7.32823586612792e-15,-0.247973236310984,-0.0367602904875613,-5.18524865769321e-10,0.247973259738905,-2.63005071175541e-09
right,0.0,0.2805000000000001,0.2805000000000001,0.2805000000000001,3.397998549203862e-11,0.280499993989883,1.0858035655796946e-08,-6.010117070687215e-09,1.9127418048783e-09,-0.1761591014722,0.1761591014722,1.0858035655796946e-08,1.47433676525463e-09,-0.134300207627801,-0.00171283022003542,4.62712620159236e-08,1.3975408330591e-09,,,,,,,,,-0.247973253493054,0.247973234691492,-4.74001493239356e-15,-0.247973236322622,-0.036760290489498,-5.21998930950116e-10,0.247973259750528,-2.67776919281261e-09
right,0.2617993877991496,0.2805000000000001,0.5422993877991497,0.018700612200850508,0.26179938782807666,0.28049999407490633,1.0852616694201345e-08,-5.925093748970767e-09,0.0455933322789286,-0.170156625164753,0.17615910148429756,0.26179939865176627,1.47433676525463e-09,-0.134300207627801,-0.00171283021728743,4.5616702434731e-08,1.39754081918131e-09,,,,,,,,,-0.247973253638584,0.247973234837075,1.4247454568763e-14,-0.24797323646828,-0.0367602905137375,-5.38689602116637e-10,0.247973259895945,-2.57434722266372e-09
right,0.5235987755982987,0.2805000000000001,0.8040987755982988,-0.24309877559829862,0.5235987756217295,0.2804999942394285,1.0846478937232007e-08,-5.760571575308404e-09,0.0880795524085723,-0.152558256058161,0.17615910150770483,0.5235987864447776,1.47433676525463e-09,-0.134300207627801,-0.00171283021197035,4.43500891163991e-08,1.39754081918131e-09,,,,,,,,,-0.247973253920162,0.247973235118756,6.42763834177529e-14,-0.247973236750111,-0.0367602905606378,-5.6873620129011e-10,0.247973260177304,-2.31950392285452e-09
right,0.7853981633974478,0.2805000000000001,1.0658981633974478,-0.5048981633974478,0.7853981634149494,0.28049999448235047,1.0839638298065779e-08,-5.517649614983355e-09,0.124563296618486,-0.124563293918044,0.17615910154226475,0.7853981742370861,1.47433676525463e-09,-0.134300207627801,-0.00171283020411977,4.24798515714964e-08,1.39754081918131e-09,,,,,,,,,-0.247973254335902,0.247973235534651,1.45322713619672e-13,-0.247973237166229,-0.0367602906298851,-6.12305727332868e-10,0.247973260592723,-1.91299287960257e-09
right,1.0471975511965974,0.2805000000000001,1.3276975511965974,-0.7666975511965973,1.0471975512077352,0.28049999480437504,1.0832089891721353e-08,-5.1956250413098815e-09,0.152558258037206,-0.088079549141515,0.1761591015880794,1.0471975620286873,1.47433676525463e-09,-0.134300207627801,-0.00171283019371287,4.00006622162137e-08,1.39754081918131e-09,,,,,,,,,-0.247973254887015,0.247973236085968,2.57308594666757e-13,-0.247973237717845,-0.0367602907216808,-6.69594506641903e-10,0.24797326114341,-1.3541241064239e-09
right,1.3089969389957474,0.2805000000000001,1.5894969389957474,-1.0284969389957475,1.3089969390000902,0.28049999520631996,1.0823830498551956e-08,-4.793680119519195e-09,0.170156626308535,-0.0455933286321983,0.17615910164526288,1.308996949819578,1.47433676525463e-09,-0.134300207627801,-0.00171283018072325,3.69060977847852e-08,1.3975408330591e-09,,,,,,,,,-0.247973255574898,0.247973236774107,4.00091023341536e-13,-0.247973238406357,-0.0367602908362577,-7.40825256050314e-10,0.247973261830762,-6.42037735386065e-10
right,1.5707963267948966,0.2805000000000001,1.8512963267948965,-1.2902963267948966,1.570796326792005,0.28049999568930495,1.0814856343799306e-08,-4.3106951341798094e-09,0.176159101713974,1.90513535924898e-09,0.176159101713974,1.570796337609753,1.47433676525463e-09,-0.134300207627801,-0.00171283016511499,3.31877427859089e-08,1.39754084693688e-09,,,,,,,,,-0.247973256401451,0.247973237600968,5.73447234793135e-13,-0.247973239233668,-0.0367602909739324,-8.26245036494365e-10,0.247973262656678,2.24214084279628e-10
right,1.8325957145940457,0.2805000000000001,2.1130957145940457,-1.5520957145940457,1.832595714583485,0.2804999962546051,1.0805160322036045e-08,-3.745394994147944e-09,0.17015662546645,0.0455933323511132,0.17615910179439723,1.832595725399206,1.47433676525463e-09,-0.134300207627801,-0.00171283014684646,2.88355235091757e-08,1.39754084693688e-09,,,,,,,,,-0.247973257368882,0.247973238568761,7.77076006437823e-13,-0.247973240201988,-0.0367602911350726,-9.26128859596889e-10,0.247973263623363,1.24574700879943e-09
right,2.0943951023931957,0.2805000000000001,2.3748951023931957,-1.8138951023931957,2.09439510237452,0.2804999969037101,1.0794729998764296e-08,-3.0962900021691553e-09,0.152558256390975,0.0880795525901963,0.17615910188674222,2.0943951131879257,1.47433676525463e-09,-0.134300207627801,-0.00171283012586976,2.3838095826699e-08,1.39754084693688e-09,,,,,,,,,-0.247973258479727,0.247973239680021,1.01057223214191e-12,-0.247973241313853,-0.0367602913201005,-1.04078151418847e-09,0.247973264733352,2.42388589043558e-09
right,2.356194490192345,0.2805000000000001,2.636694490192345,-2.075694490192345,2.3561944901651097,0.28049999763785993,1.0783562043314987e-08,-2.3621401501472405e-09,0.124563294242465,0.124563296928937,0.17615910199118703,2.356194500975907,1.47433676525463e-09,-0.134300207627801,-0.00171283010214461,1.81859311855256e-08,1.39754081918131e-09,,,,,,,,,-0.247973259736116,0.24797324093688,1.27341006474954e-12,-0.247973242571398,-0.0367602915293713,-1.17053716176473e-09,0.247973265988773,3.76045309351856e-09
right,2.617993877991494,0.2805000000000001,2.898493877991494,-2.337493877991494,2.617993877955255,0.2804999984592249,1.07716466857255e-08,-1.5407751741136622e-09,0.0880795494107151,0.152558258482179,0.17615910210803737,2.6179938887631407,1.47433676525463e-09,-0.134300207627801,-0.00171283007560134,1.18624625898714e-08,1.3975408330591e-09,,,,,,,,,-0.247973261141743,0.247973242343032,1.56497824704305e-12,-0.247973243978318,-0.0367602917635001,-1.31574511123829e-09,0.247973267393316,5.25603452054387e-09
right,2.879793265790643,0.2805000000000001,3.160293265790643,-2.599293265790643,2.87979326574494,0.28049999936929004,1.075897015923033e-08,-6.307100397506815e-10,0.0455933287965193,0.170156626877643,0.17615910223750839,2.8797932765496133,1.47433676525463e-09,-0.134300207627801,-0.00171283004619135,4.8558528984659e-09,1.39754081918131e-09,,,,,,,,,-0.247973262699177,0.24797324390105,1.88437255271876e-12,-0.247973245537186,-0.0367602920229146,-1.47679333143619e-09,0.247973268949551,6.91251680980189e-09
right,3.141592653589793,0.2805000000000001,3.422092653589793,-2.861092653589793,3.141592653534165,0.280500000369595,1.0745516721547281e-08,3.6959491023225155e-10,-1.89292066235166e-09,0.176159102379815,0.176159102379815,-3.141592642844276,1.47433676525463e-09,-0.134300207627801,-0.00171283001386564,2.84536995315636e-09,1.39754080530352e-09,,,,,,,,,-0.247973264411016,0.24797324561353,2.23066337323287e-12,-0.247973247250602,-0.0367602923080479,-1.65407838289567e-09,0.247973270660071,8.73105113011465e-09
